security_id,rating_date,rating_type,CARE,DBRS,Fitch,ICRA,Kroll,Moody's,Morningstar,S&P,score_min,score_max,score_diff,is_outlier,precision,total_vendors
SEC_1000,2021-01-01,Long Term,,2.0,,,,,1.0,,1.0,2.0,1.0,0,0.25,2
SEC_1000,2021-01-01,Short Term,,,3.0,,,,,2.0,2.0,3.0,1.0,0,0.25,2
SEC_1000,2021-03-10,Long Term,,5.0,,,,,,,5.0,5.0,0.0,0,0.125,1
SEC_1000,2021-06-10,Long Term,,0.0,,,,,,,0.0,0.0,0.0,0,0.125,1
SEC_1000,2021-06-12,Short Term,,,4.0,,,,,,4.0,4.0,0.0,0,0.125,1
SEC_1000,2021-07-06,Short Term,,,1.0,,,,,,1.0,1.0,0.0,0,0.125,1
SEC_1000,2021-07-29,Short Term,,,7.0,,,,,,7.0,7.0,0.0,0,0.125,1
SEC_1000,2021-07-30,Long Term,,,,,,,2.0,,2.0,2.0,0.0,0,0.125,1
SEC_1000,2021-08-08,Short Term,,,,,,,,0.0,0.0,0.0,0.0,0,0.125,1
SEC_1000,2021-08-21,Long Term,,,,,,,1.0,,1.0,1.0,0.0,0,0.125,1
SEC_1000,2021-09-09,Long Term,,,,,,,2.0,,2.0,2.0,0.0,0,0.125,1
SEC_1000,2021-10-12,Long Term,,4.0,,,,,,,4.0,4.0,0.0,0,0.125,1
SEC_1000,2021-10-28,Short Term,,,,,,,,4.0,4.0,4.0,0.0,0,0.125,1
SEC_1000,2022-03-03,Short Term,,,2.0,,,,,,2.0,2.0,0.0,0,0.125,1
SEC_1000,2022-06-01,Long Term,,,,,,,4.0,,4.0,4.0,0.0,0,0.125,1
SEC_1000,2022-06-05,Long Term,,,,,,,4.0,,4.0,4.0,0.0,0,0.125,1
SEC_1000,2022-07-23,Short Term,,,7.0,,,,,,7.0,7.0,0.0,0,0.125,1
SEC_1000,2022-07-25,Long Term,,,,,,,4.0,,4.0,4.0,0.0,0,0.125,1
SEC_1000,2022-12-10,Long Term,,5.0,,,,,,,5.0,5.0,0.0,0,0.125,1
SEC_1000,2023-02-26,Short Term,,,,,,,,1.0,1.0,1.0,0.0,0,0.125,1
SEC_1000,2023-03-17,Long Term,,,,,,,1.0,,1.0,1.0,0.0,0,0.125,1
SEC_1000,2023-03-31,Long Term,,,,,,,2.0,,2.0,2.0,0.0,0,0.125,1
SEC_1000,2023-04-11,Short Term,,,,,,,,2.0,2.0,2.0,0.0,0,0.125,1
SEC_1000,2023-06-28,Short Term,,,,,,,,3.0,3.0,3.0,0.0,0,0.125,1
SEC_1000,2023-12-17,Short Term,,,7.0,,,,,,7.0,7.0,0.0,0,0.125,1
SEC_1000,2024-07-20,Long Term,,,,,,,9.0,,9.0,9.0,0.0,0,0.125,1
SEC_1000,2025-03-05,Short Term,,,,,,,,9.0,9.0,9.0,0.0,0,0.125,1
SEC_1000,2025-05-12,Long Term,,,,,,,4.0,,4.0,4.0,0.0,0,0.125,1
SEC_1000,2025-10-10,Short Term,,,2.0,,,,,,2.0,2.0,0.0,0,0.125,1
SEC_1001,2021-01-01,Bond Rating,,7.0,,,,,,,7.0,7.0,0.0,0,0.125,1
SEC_1001,2021-01-01,Long Term,,,,,6.0,,,,6.0,6.0,0.0,0,0.125,1
SEC_1001,2021-01-01,Short Term,,,,1.0,,,,,1.0,1.0,0.0,0,0.125,1
SEC_1001,2021-03-04,Long Term,,,,,0.0,,,,0.0,0.0,0.0,0,0.125,1
SEC_1001,2021-05-22,Long Term,,,,,7.0,,,,7.0,7.0,0.0,0,0.125,1
SEC_1001,2021-05-22,Short Term,,,,1.0,,,,,1.0,1.0,0.0,0,0.125,1
SEC_1001,2021-09-12,Bond Rating,,2.0,,,,,,,2.0,2.0,0.0,0,0.125,1
SEC_1001,2021-09-22,Long Term,,,,,3.0,,,,3.0,3.0,0.0,0,0.125,1
SEC_1001,2021-10-12,Bond Rating,,2.0,,,,,,,2.0,2.0,0.0,0,0.125,1
SEC_1001,2021-12-31,Short Term,,,,8.0,,,,,8.0,8.0,0.0,0,0.125,1
SEC_1001,2022-04-05,Short Term,,,,5.0,,,,,5.0,5.0,0.0,0,0.125,1
SEC_1001,2022-05-20,Bond Rating,,3.0,,,,,,,3.0,3.0,0.0,0,0.125,1
SEC_1001,2022-11-01,Short Term,,,,1.0,,,,,1.0,1.0,0.0,0,0.125,1
SEC_1001,2023-02-05,Bond Rating,,2.0,,,,,,,2.0,2.0,0.0,0,0.125,1
SEC_1001,2023-03-19,Bond Rating,,6.0,,,,,,,6.0,6.0,0.0,0,0.125,1
SEC_1001,2023-04-30,Long Term,,,,,4.0,,,,4.0,4.0,0.0,0,0.125,1
SEC_1001,2023-08-07,Short Term,,,,3.0,,,,,3.0,3.0,0.0,0,0.125,1
SEC_1001,2023-08-09,Short Term,,,,1.0,,,,,1.0,1.0,0.0,0,0.125,1
SEC_1001,2023-09-12,Short Term,,,,1.0,,,,,1.0,1.0,0.0,0,0.125,1
SEC_1001,2023-11-23,Long Term,,,,,6.0,,,,6.0,6.0,0.0,0,0.125,1
SEC_1001,2024-01-05,Short Term,,,,0.0,,,,,0.0,0.0,0.0,0,0.125,1
SEC_1001,2024-05-17,Bond Rating,,2.0,,,,,,,2.0,2.0,0.0,0,0.125,1
SEC_1001,2024-06-10,Bond Rating,,2.0,,,,,,,2.0,2.0,0.0,0,0.125,1
SEC_1001,2024-07-29,Long Term,,,,,4.0,,,,4.0,4.0,0.0,0,0.125,1
SEC_1001,2024-08-03,Long Term,,,,,1.0,,,,1.0,1.0,0.0,0,0.125,1
SEC_1001,2024-11-21,Long Term,,,,,3.0,,,,3.0,3.0,0.0,0,0.125,1
SEC_1001,2024-11-23,Bond Rating,,4.0,,,,,,,4.0,4.0,0.0,0,0.125,1
SEC_1001,2024-12-19,Long Term,,,,,0.0,,,,0.0,0.0,0.0,0,0.125,1
SEC_1001,2025-06-29,Short Term,,,,4.0,,,,,4.0,4.0,0.0,0,0.125,1
SEC_1001,2025-07-18,Long Term,,,,,1.0,,,,1.0,1.0,0.0,0,0.125,1
SEC_1001,2025-09-25,Bond Rating,,1.0,,,,,,,1.0,1.0,0.0,0,0.125,1
SEC_1001,2025-12-06,Bond Rating,,3.0,,,,,,,3.0,3.0,0.0,0,0.125,1
SEC_1002,2021-01-01,Bond Rating,3.0,,,,,,,4.0,3.0,4.0,1.0,0,0.25,2
SEC_1002,2021-01-01,Issuer Rating,,,,1.0,2.0,,,,1.0,2.0,1.0,0,0.25,2
SEC_1002,2021-01-01,Long Term,,,,,,,9.0,,9.0,9.0,0.0,0,0.125,1
SEC_1002,2021-01-01,Short Term,,7.0,,,,1.0,,,1.0,7.0,6.0,1,0.25,2
SEC_1002,2021-02-12,Short Term,,,,,,2.0,,,2.0,2.0,0.0,0,0.125,1
SEC_1002,2021-03-06,Issuer Rating,,,,7.0,,,,,7.0,7.0,0.0,0,0.125,1
SEC_1002,2021-04-03,Issuer Rating,,,,4.0,,,,,4.0,4.0,0.0,0,0.125,1
SEC_1002,2021-04-26,Long Term,,,,,,,5.0,,5.0,5.0,0.0,0,0.125,1
SEC_1002,2021-05-11,Bond Rating,,,,,,,,0.0,0.0,0.0,0.0,0,0.125,1
SEC_1002,2021-05-11,Short Term,,,,,,4.0,,,4.0,4.0,0.0,0,0.125,1
SEC_1002,2021-05-21,Issuer Rating,,,,1.0,,,,,1.0,1.0,0.0,0,0.125,1
SEC_1002,2021-05-27,Issuer Rating,,,,,3.0,,,,3.0,3.0,0.0,0,0.125,1
SEC_1002,2021-05-28,Short Term,,,,,,0.0,,,0.0,0.0,0.0,0,0.125,1
SEC_1002,2021-07-18,Bond Rating,6.0,,,,,,,,6.0,6.0,0.0,0,0.125,1
SEC_1002,2021-07-30,Short Term,,1.0,,,,,,,1.0,1.0,0.0,0,0.125,1
SEC_1002,2021-08-17,Long Term,,,,,,,7.0,,7.0,7.0,0.0,0,0.125,1
SEC_1002,2021-09-16,Bond Rating,1.0,,,,,,,,1.0,1.0,0.0,0,0.125,1
SEC_1002,2021-10-03,Bond Rating,2.0,,,,,,,,2.0,2.0,0.0,0,0.125,1
SEC_1002,2021-11-13,Issuer Rating,,,,,0.0,,,,0.0,0.0,0.0,0,0.125,1
SEC_1002,2022-02-16,Bond Rating,,,,,,,,2.0,2.0,2.0,0.0,0,0.125,1
SEC_1002,2022-03-11,Short Term,,0.0,,,,,,,0.0,0.0,0.0,0,0.125,1
SEC_1002,2022-03-12,Short Term,,0.0,,,,,,,0.0,0.0,0.0,0,0.125,1
SEC_1002,2022-04-02,Bond Rating,,,,,,,,1.0,1.0,1.0,0.0,0,0.125,1
SEC_1002,2022-04-22,Long Term,,,,,,,1.0,,1.0,1.0,0.0,0,0.125,1
SEC_1002,2022-05-08,Long Term,,,,,,,5.0,,5.0,5.0,0.0,0,0.125,1
SEC_1002,2022-05-14,Long Term,,,,,,,2.0,,2.0,2.0,0.0,0,0.125,1
SEC_1002,2022-05-16,Issuer Rating,,,,,6.0,,,,6.0,6.0,0.0,0,0.125,1
SEC_1002,2022-06-13,Bond Rating,,,,,,,,1.0,1.0,1.0,0.0,0,0.125,1
SEC_1002,2022-08-10,Bond Rating,,,,,,,,4.0,4.0,4.0,0.0,0,0.125,1
SEC_1002,2022-08-14,Issuer Rating,,,,,3.0,,,,3.0,3.0,0.0,0,0.125,1
SEC_1002,2022-09-18,Bond Rating,0.0,,,,,,,,0.0,0.0,0.0,0,0.125,1
SEC_1002,2022-09-20,Bond Rating,3.0,,,,,,,,3.0,3.0,0.0,0,0.125,1
SEC_1002,2023-01-18,Issuer Rating,,,,5.0,,,,,5.0,5.0,0.0,0,0.125,1
SEC_1002,2023-02-25,Short Term,,8.0,,,,,,,8.0,8.0,0.0,0,0.125,1
SEC_1002,2023-03-16,Issuer Rating,,,,,1.0,,,,1.0,1.0,0.0,0,0.125,1
SEC_1002,2023-05-06,Short Term,,,,,,4.0,,,4.0,4.0,0.0,0,0.125,1
SEC_1002,2023-10-30,Short Term,,,,,,1.0,,,1.0,1.0,0.0,0,0.125,1
SEC_1002,2024-01-22,Bond Rating,9.0,,,,,,,,9.0,9.0,0.0,0,0.125,1
SEC_1002,2024-02-15,Short Term,,1.0,,,,,,,1.0,1.0,0.0,0,0.125,1
SEC_1002,2024-03-11,Long Term,,,,,,,6.0,,6.0,6.0,0.0,0,0.125,1
SEC_1002,2024-03-18,Short Term,,,,,,5.0,,,5.0,5.0,0.0,0,0.125,1
SEC_1002,2024-04-26,Bond Rating,,,,,,,,4.0,4.0,4.0,0.0,0,0.125,1
SEC_1002,2024-05-09,Bond Rating,,,,,,,,3.0,3.0,3.0,0.0,0,0.125,1
SEC_1002,2024-08-23,Short Term,,0.0,,,,,,,0.0,0.0,0.0,0,0.125,1
SEC_1002,2024-11-05,Short Term,,3.0,,,,,,,3.0,3.0,0.0,0,0.125,1
SEC_1002,2024-11-22,Short Term,,8.0,,,,,,,8.0,8.0,0.0,0,0.125,1
SEC_1002,2024-12-11,Short Term,,1.0,,,,,,,1.0,1.0,0.0,0,0.125,1
SEC_1002,2024-12-26,Bond Rating,,,,,,,,4.0,4.0,4.0,0.0,0,0.125,1
SEC_1002,2024-12-27,Short Term,,,,,,7.0,,,7.0,7.0,0.0,0,0.125,1
SEC_1002,2025-01-22,Long Term,,,,,,,6.0,,6.0,6.0,0.0,0,0.125,1
SEC_1002,2025-02-21,Short Term,,1.0,,,,,,,1.0,1.0,0.0,0,0.125,1
SEC_1002,2025-03-07,Issuer Rating,,,,,2.0,,,,2.0,2.0,0.0,0,0.125,1
SEC_1002,2025-05-16,Issuer Rating,,,,,0.0,,,,0.0,0.0,0.0,0,0.125,1
SEC_1002,2025-08-11,Bond Rating,,,,,,,,9.0,9.0,9.0,0.0,0,0.125,1
SEC_1002,2025-09-05,Short Term,,,,,,9.0,,,9.0,9.0,0.0,0,0.125,1
SEC_1002,2025-11-04,Issuer Rating,,,,,2.0,,,,2.0,2.0,0.0,0,0.125,1
SEC_1003,2021-01-01,Issuer Rating,,,,1.0,,,9.0,,1.0,9.0,8.0,1,0.25,2
SEC_1003,2021-01-01,Long Term,,,,,,,,8.0,8.0,8.0,0.0,0,0.125,1
SEC_1003,2021-01-01,Short Term,4.0,,,,,,,,4.0,4.0,0.0,0,0.125,1
SEC_1003,2021-04-02,Issuer Rating,,,,6.0,,,,,6.0,6.0,0.0,0,0.125,1
SEC_1003,2021-04-15,Long Term,,,,,,,,1.0,1.0,1.0,0.0,0,0.125,1
SEC_1003,2021-05-11,Short Term,4.0,,,,,,,,4.0,4.0,0.0,0,0.125,1
SEC_1003,2021-07-08,Short Term,0.0,,,,,,,,0.0,0.0,0.0,0,0.125,1
SEC_1003,2021-09-29,Issuer Rating,,,,,,,1.0,,1.0,1.0,0.0,0,0.125,1
SEC_1003,2021-10-16,Short Term,4.0,,,,,,,,4.0,4.0,0.0,0,0.125,1
SEC_1003,2021-11-22,Long Term,,,,,,,,8.0,8.0,8.0,0.0,0,0.125,1
SEC_1003,2021-12-24,Issuer Rating,,,,,,,3.0,,3.0,3.0,0.0,0,0.125,1
SEC_1003,2022-05-04,Issuer Rating,,,,,,,7.0,,7.0,7.0,0.0,0,0.125,1
SEC_1003,2022-05-08,Issuer Rating,,,,4.0,,,,,4.0,4.0,0.0,0,0.125,1
SEC_1003,2022-05-08,Long Term,,,,,,,,1.0,1.0,1.0,0.0,0,0.125,1
SEC_1003,2022-06-25,Issuer Rating,,,,1.0,,,,,1.0,1.0,0.0,0,0.125,1
SEC_1003,2022-08-15,Short Term,3.0,,,,,,,,3.0,3.0,0.0,0,0.125,1
SEC_1003,2022-08-19,Issuer Rating,,,,,,,1.0,,1.0,1.0,0.0,0,0.125,1
SEC_1003,2022-09-23,Issuer Rating,,,,3.0,,,,,3.0,3.0,0.0,0,0.125,1
SEC_1003,2022-10-11,Issuer Rating,,,,9.0,,,,,9.0,9.0,0.0,0,0.125,1
SEC_1003,2022-10-26,Long Term,,,,,,,,1.0,1.0,1.0,0.0,0,0.125,1
SEC_1003,2023-01-21,Long Term,,,,,,,,2.0,2.0,2.0,0.0,0,0.125,1
SEC_1003,2023-04-05,Issuer Rating,,,,1.0,,,,,1.0,1.0,0.0,0,0.125,1
SEC_1003,2023-04-05,Long Term,,,,,,,,1.0,1.0,1.0,0.0,0,0.125,1
SEC_1003,2024-02-27,Issuer Rating,,,,4.0,,,,,4.0,4.0,0.0,0,0.125,1
SEC_1003,2024-08-03,Issuer Rating,,,,9.0,,,,,9.0,9.0,0.0,0,0.125,1
SEC_1003,2024-10-16,Issuer Rating,,,,2.0,,,,,2.0,2.0,0.0,0,0.125,1
SEC_1003,2025-07-04,Issuer Rating,,,,9.0,,,,,9.0,9.0,0.0,0,0.125,1
SEC_1004,2021-01-01,Bond Rating,,,1.0,,,,,,1.0,1.0,0.0,0,0.125,1
SEC_1004,2021-01-01,Issuer Rating,,,,2.0,,,,9.0,2.0,9.0,7.0,1,0.25,2
SEC_1004,2021-01-01,Long Term,,,,,,,4.0,,4.0,4.0,0.0,0,0.125,1
SEC_1004,2021-01-01,Short Term,3.0,3.0,,,,7.0,,,3.0,7.0,4.0,1,0.375,3
SEC_1004,2021-01-31,Short Term,,1.0,,,,,,,1.0,1.0,0.0,0,0.125,1
SEC_1004,2021-02-19,Issuer Rating,,,,,,,,8.0,8.0,8.0,0.0,0,0.125,1
SEC_1004,2021-04-16,Short Term,,,,,,7.0,,,7.0,7.0,0.0,0,0.125,1
SEC_1004,2021-04-22,Issuer Rating,,,,9.0,,,,,9.0,9.0,0.0,0,0.125,1
SEC_1004,2021-04-28,Issuer Rating,,,,8.0,,,,,8.0,8.0,0.0,0,0.125,1
SEC_1004,2021-05-01,Issuer Rating,,,,,,,,1.0,1.0,1.0,0.0,0,0.125,1
SEC_1004,2021-05-08,Short Term,,,,,,3.0,,,3.0,3.0,0.0,0,0.125,1
SEC_1004,2021-05-10,Issuer Rating,,,,,,,,5.0,5.0,5.0,0.0,0,0.125,1
SEC_1004,2021-06-01,Short Term,1.0,,,,,,,,1.0,1.0,0.0,0,0.125,1
SEC_1004,2021-06-02,Issuer Rating,,,,,,,,3.0,3.0,3.0,0.0,0,0.125,1
SEC_1004,2021-06-11,Long Term,,,,,,,1.0,,1.0,1.0,0.0,0,0.125,1
SEC_1004,2021-06-20,Issuer Rating,,,,0.0,,,,,0.0,0.0,0.0,0,0.125,1
SEC_1004,2021-07-18,Long Term,,,,,,,9.0,,9.0,9.0,0.0,0,0.125,1
SEC_1004,2021-08-05,Bond Rating,,,5.0,,,,,,5.0,5.0,0.0,0,0.125,1
SEC_1004,2021-08-17,Short Term,2.0,,,,,,,,2.0,2.0,0.0,0,0.125,1
SEC_1004,2021-08-27,Short Term,3.0,,,,,,,,3.0,3.0,0.0,0,0.125,1
SEC_1004,2021-08-29,Long Term,,,,,,,2.0,,2.0,2.0,0.0,0,0.125,1
SEC_1004,2021-09-02,Bond Rating,,,4.0,,,,,,4.0,4.0,0.0,0,0.125,1
SEC_1004,2021-09-04,Issuer Rating,,,,,,,,3.0,3.0,3.0,0.0,0,0.125,1
SEC_1004,2021-09-14,Short Term,,,,,,0.0,,,0.0,0.0,0.0,0,0.125,1
SEC_1004,2021-11-12,Bond Rating,,,3.0,,,,,,3.0,3.0,0.0,0,0.125,1
SEC_1004,2021-12-07,Bond Rating,,,2.0,,,,,,2.0,2.0,0.0,0,0.125,1
SEC_1004,2021-12-15,Short Term,,4.0,,,,,,,4.0,4.0,0.0,0,0.125,1
SEC_1004,2021-12-17,Bond Rating,,,5.0,,,,,,5.0,5.0,0.0,0,0.125,1
SEC_1004,2021-12-17,Short Term,1.0,,,,,,,,1.0,1.0,0.0,0,0.125,1
SEC_1004,2022-02-17,Bond Rating,,,4.0,,,,,,4.0,4.0,0.0,0,0.125,1
SEC_1004,2022-03-15,Short Term,,7.0,,,,,,,7.0,7.0,0.0,0,0.125,1
SEC_1004,2022-04-26,Long Term,,,,,,,3.0,,3.0,3.0,0.0,0,0.125,1
SEC_1004,2022-07-19,Issuer Rating,,,,8.0,,,,,8.0,8.0,0.0,0,0.125,1
SEC_1004,2022-07-25,Issuer Rating,,,,2.0,,,,,2.0,2.0,0.0,0,0.125,1
SEC_1004,2022-09-26,Long Term,,,,,,,2.0,,2.0,2.0,0.0,0,0.125,1
SEC_1004,2022-10-08,Short Term,8.0,,,,,,,,8.0,8.0,0.0,0,0.125,1
SEC_1004,2023-05-16,Issuer Rating,,,,,,,,4.0,4.0,4.0,0.0,0,0.125,1
SEC_1004,2023-06-24,Short Term,,,,,,2.0,,,2.0,2.0,0.0,0,0.125,1
SEC_1004,2023-07-20,Long Term,,,,,,,1.0,,1.0,1.0,0.0,0,0.125,1
SEC_1004,2023-10-08,Short Term,,4.0,,,,,,,4.0,4.0,0.0,0,0.125,1
SEC_1004,2023-12-05,Short Term,,6.0,,,,,,,6.0,6.0,0.0,0,0.125,1
SEC_1004,2024-01-26,Issuer Rating,,,,4.0,,,,,4.0,4.0,0.0,0,0.125,1
SEC_1004,2024-04-05,Bond Rating,,,3.0,,,,,,3.0,3.0,0.0,0,0.125,1
SEC_1004,2024-08-19,Short Term,7.0,,,,,,,,7.0,7.0,0.0,0,0.125,1
SEC_1004,2024-09-21,Bond Rating,,,1.0,,,,,,1.0,1.0,0.0,0,0.125,1
SEC_1004,2024-11-11,Bond Rating,,,2.0,,,,,,2.0,2.0,0.0,0,0.125,1
SEC_1004,2024-11-15,Long Term,,,,,,,4.0,,4.0,4.0,0.0,0,0.125,1
SEC_1004,2025-05-12,Bond Rating,,,3.0,,,,,,3.0,3.0,0.0,0,0.125,1
SEC_1004,2025-05-30,Short Term,0.0,,,,,,,,0.0,0.0,0.0,0,0.125,1
SEC_1004,2025-08-22,Short Term,,4.0,,,,,,,4.0,4.0,0.0,0,0.125,1
SEC_1004,2025-11-07,Issuer Rating,,,,,,,,6.0,6.0,6.0,0.0,0,0.125,1
SEC_1004,2025-12-21,Bond Rating,,,6.0,,,,,,6.0,6.0,0.0,0,0.125,1
SEC_1005,2021-01-01,Bond Rating,,,,,,1.0,,,1.0,1.0,0.0,0,0.125,1
SEC_1005,2021-01-01,Long Term,1.0,5.0,1.0,,,,,,1.0,5.0,4.0,1,0.375,3
SEC_1005,2021-01-01,Short Term,,,,,,,,8.0,8.0,8.0,0.0,0,0.125,1
SEC_1005,2021-01-31,Long Term,,9.0,,,,,,,9.0,9.0,0.0,0,0.125,1
SEC_1005,2021-04-29,Short Term,,,,,,,,3.0,3.0,3.0,0.0,0,0.125,1
SEC_1005,2021-05-17,Long Term,8.0,,,,,,,,8.0,8.0,0.0,0,0.125,1
SEC_1005,2021-05-28,Long Term,,,1.0,,,,,,1.0,1.0,0.0,0,0.125,1
SEC_1005,2021-07-30,Long Term,2.0,,,,,,,,2.0,2.0,0.0,0,0.125,1
SEC_1005,2021-08-02,Long Term,1.0,,,,,,,,1.0,1.0,0.0,0,0.125,1
SEC_1005,2021-08-05,Bond Rating,,,,,,6.0,,,6.0,6.0,0.0,0,0.125,1
SEC_1005,2021-08-29,Short Term,,,,,,,,7.0,7.0,7.0,0.0,0,0.125,1
SEC_1005,2021-09-07,Long Term,,,4.0,,,,,,4.0,4.0,0.0,0,0.125,1
SEC_1005,2021-09-10,Long Term,,3.0,,,,,,,3.0,3.0,0.0,0,0.125,1
SEC_1005,2021-09-28,Long Term,9.0,,,,,,,,9.0,9.0,0.0,0,0.125,1
SEC_1005,2021-10-06,Short Term,,,,,,,,2.0,2.0,2.0,0.0,0,0.125,1
SEC_1005,2021-10-19,Bond Rating,,,,,,1.0,,,1.0,1.0,0.0,0,0.125,1
SEC_1005,2021-11-03,Long Term,2.0,,,,,,,,2.0,2.0,0.0,0,0.125,1
SEC_1005,2022-02-09,Long Term,,4.0,,,,,,,4.0,4.0,0.0,0,0.125,1
SEC_1005,2022-03-25,Long Term,8.0,,,,,,,,8.0,8.0,0.0,0,0.125,1
SEC_1005,2022-04-14,Bond Rating,,,,,,4.0,,,4.0,4.0,0.0,0,0.125,1
SEC_1005,2022-07-15,Bond Rating,,,,,,6.0,,,6.0,6.0,0.0,0,0.125,1
SEC_1005,2022-08-18,Long Term,,,0.0,,,,,,0.0,0.0,0.0,0,0.125,1
SEC_1005,2022-08-29,Long Term,3.0,,,,,,,,3.0,3.0,0.0,0,0.125,1
SEC_1005,2022-10-11,Short Term,,,,,,,,1.0,1.0,1.0,0.0,0,0.125,1
SEC_1005,2022-10-28,Long Term,,,4.0,,,,,,4.0,4.0,0.0,0,0.125,1
SEC_1005,2022-12-07,Long Term,,,5.0,,,,,,5.0,5.0,0.0,0,0.125,1
SEC_1005,2023-04-16,Short Term,,,,,,,,7.0,7.0,7.0,0.0,0,0.125,1
SEC_1005,2023-05-18,Long Term,,0.0,,,,,,,0.0,0.0,0.0,0,0.125,1
SEC_1005,2023-10-02,Long Term,,,7.0,,,,,,7.0,7.0,0.0,0,0.125,1
SEC_1005,2023-11-23,Long Term,,,2.0,,,,,,2.0,2.0,0.0,0,0.125,1
SEC_1005,2024-11-17,Long Term,,,2.0,,,,,,2.0,2.0,0.0,0,0.125,1
SEC_1006,2021-01-01,Issuer Rating,,,,,1.0,1.0,,,1.0,1.0,0.0,0,0.25,2
SEC_1006,2021-01-01,Long Term,,,5.0,,,,1.0,,1.0,5.0,4.0,1,0.25,2
SEC_1006,2021-01-01,Short Term,,9.0,,5.0,,,,,5.0,9.0,4.0,1,0.25,2
SEC_1006,2021-02-14,Short Term,,2.0,,,,,,,2.0,2.0,0.0,0,0.125,1
SEC_1006,2021-02-27,Short Term,,,,5.0,,,,,5.0,5.0,0.0,0,0.125,1
SEC_1006,2021-04-07,Issuer Rating,,,,,3.0,,,,3.0,3.0,0.0,0,0.125,1
SEC_1006,2021-04-10,Long Term,,,,,,,5.0,,5.0,5.0,0.0,0,0.125,1
SEC_1006,2021-04-25,Short Term,,3.0,,,,,,,3.0,3.0,0.0,0,0.125,1
SEC_1006,2021-05-13,Issuer Rating,,,,,,4.0,,,4.0,4.0,0.0,0,0.125,1
SEC_1006,2021-05-31,Long Term,,,5.0,,,,,,5.0,5.0,0.0,0,0.125,1
SEC_1006,2021-06-20,Long Term,,,4.0,,,,,,4.0,4.0,0.0,0,0.125,1
SEC_1006,2021-06-30,Short Term,,,,1.0,,,,,1.0,1.0,0.0,0,0.125,1
SEC_1006,2021-07-24,Short Term,,7.0,,,,,,,7.0,7.0,0.0,0,0.125,1
SEC_1006,2021-08-09,Long Term,,,1.0,,,,,,1.0,1.0,0.0,0,0.125,1
SEC_1006,2021-08-20,Long Term,,,7.0,,,,,,7.0,7.0,0.0,0,0.125,1
SEC_1006,2021-09-10,Long Term,,,,,,,2.0,,2.0,2.0,0.0,0,0.125,1
SEC_1006,2021-09-16,Issuer Rating,,,,,,0.0,,,0.0,0.0,0.0,0,0.125,1
SEC_1006,2021-09-28,Short Term,,7.0,,,,,,,7.0,7.0,0.0,0,0.125,1
SEC_1006,2021-10-04,Issuer Rating,,,,,8.0,,,,8.0,8.0,0.0,0,0.125,1
SEC_1006,2021-10-25,Issuer Rating,,,,,,6.0,,,6.0,6.0,0.0,0,0.125,1
SEC_1006,2021-12-25,Issuer Rating,,,,,,2.0,,,2.0,2.0,0.0,0,0.125,1
SEC_1006,2022-02-25,Issuer Rating,,,,,1.0,,,,1.0,1.0,0.0,0,0.125,1
SEC_1006,2022-03-17,Long Term,,,,,,,9.0,,9.0,9.0,0.0,0,0.125,1
SEC_1006,2022-05-06,Short Term,,,,1.0,,,,,1.0,1.0,0.0,0,0.125,1
SEC_1006,2022-05-13,Issuer Rating,,,,,3.0,,,,3.0,3.0,0.0,0,0.125,1
SEC_1006,2022-05-14,Long Term,,,,,,,4.0,,4.0,4.0,0.0,0,0.125,1
SEC_1006,2022-07-01,Long Term,,,,,,,1.0,,1.0,1.0,0.0,0,0.125,1
SEC_1006,2022-07-04,Short Term,,,,5.0,,,,,5.0,5.0,0.0,0,0.125,1
SEC_1006,2022-07-15,Issuer Rating,,,,,1.0,,,,1.0,1.0,0.0,0,0.125,1
SEC_1006,2022-09-08,Long Term,,,,,,,2.0,,2.0,2.0,0.0,0,0.125,1
SEC_1006,2022-09-13,Issuer Rating,,,,,,3.0,,,3.0,3.0,0.0,0,0.125,1
SEC_1006,2022-10-15,Long Term,,,,,,,7.0,,7.0,7.0,0.0,0,0.125,1
SEC_1006,2022-12-02,Issuer Rating,,,,,3.0,,,,3.0,3.0,0.0,0,0.125,1
SEC_1006,2023-04-21,Short Term,,,,5.0,,,,,5.0,5.0,0.0,0,0.125,1
SEC_1006,2023-05-03,Long Term,,,1.0,,,,,,1.0,1.0,0.0,0,0.125,1
SEC_1006,2023-05-15,Short Term,,,,9.0,,,,,9.0,9.0,0.0,0,0.125,1
SEC_1006,2023-11-07,Short Term,,4.0,,,,,,,4.0,4.0,0.0,0,0.125,1
SEC_1006,2024-12-01,Long Term,,,3.0,,,,,,3.0,3.0,0.0,0,0.125,1
SEC_1006,2025-05-10,Issuer Rating,,,,,9.0,,,,9.0,9.0,0.0,0,0.125,1
SEC_1006,2025-06-06,Long Term,,,,,,,1.0,,1.0,1.0,0.0,0,0.125,1
SEC_1006,2025-06-09,Long Term,,,,,,,2.0,,2.0,2.0,0.0,0,0.125,1
SEC_1006,2025-06-13,Long Term,,,,,,,3.0,,3.0,3.0,0.0,0,0.125,1
SEC_1006,2025-07-15,Issuer Rating,,,,,,1.0,,,1.0,1.0,0.0,0,0.125,1
SEC_1006,2025-12-24,Long Term,,,,,,,4.0,,4.0,4.0,0.0,0,0.125,1
SEC_1007,2021-01-01,Bond Rating,,,,,,,,1.0,1.0,1.0,0.0,0,0.125,1
SEC_1007,2021-01-01,Issuer Rating,0.0,,1.0,,,,,,0.0,1.0,1.0,0,0.25,2
SEC_1007,2021-01-01,Long Term,,,,1.0,2.0,,,,1.0,2.0,1.0,0,0.25,2
SEC_1007,2021-03-10,Issuer Rating,,,9.0,,,,,,9.0,9.0,0.0,0,0.125,1
SEC_1007,2021-05-04,Long Term,,,,7.0,,,,,7.0,7.0,0.0,0,0.125,1
SEC_1007,2021-05-07,Long Term,,,,,2.0,,,,2.0,2.0,0.0,0,0.125,1
SEC_1007,2021-05-14,Issuer Rating,3.0,,,,,,,,3.0,3.0,0.0,0,0.125,1
SEC_1007,2021-05-17,Issuer Rating,9.0,,,,,,,,9.0,9.0,0.0,0,0.125,1
SEC_1007,2021-06-06,Long Term,,,,,2.0,,,,2.0,2.0,0.0,0,0.125,1
SEC_1007,2021-07-16,Long Term,,,,4.0,,,,,4.0,4.0,0.0,0,0.125,1
SEC_1007,2021-07-30,Bond Rating,,,,,,,,3.0,3.0,3.0,0.0,0,0.125,1
SEC_1007,2021-08-31,Issuer Rating,,,2.0,,,,,,2.0,2.0,0.0,0,0.125,1
SEC_1007,2021-10-16,Bond Rating,,,,,,,,0.0,0.0,0.0,0.0,0,0.125,1
SEC_1007,2021-11-17,Long Term,,,,0.0,,,,,0.0,0.0,0.0,0,0.125,1
SEC_1007,2021-11-18,Issuer Rating,,,1.0,,,,,,1.0,1.0,0.0,0,0.125,1
SEC_1007,2021-12-12,Long Term,,,,,1.0,,,,1.0,1.0,0.0,0,0.125,1
SEC_1007,2021-12-22,Issuer Rating,,,8.0,,,,,,8.0,8.0,0.0,0,0.125,1
SEC_1007,2022-01-20,Issuer Rating,2.0,,,,,,,,2.0,2.0,0.0,0,0.125,1
SEC_1007,2022-02-19,Bond Rating,,,,,,,,3.0,3.0,3.0,0.0,0,0.125,1
SEC_1007,2022-02-21,Issuer Rating,,,5.0,,,,,,5.0,5.0,0.0,0,0.125,1
SEC_1007,2022-02-25,Long Term,,,,1.0,,,,,1.0,1.0,0.0,0,0.125,1
SEC_1007,2022-03-03,Issuer Rating,5.0,,,,,,,,5.0,5.0,0.0,0,0.125,1
SEC_1007,2022-04-18,Issuer Rating,,,4.0,,,,,,4.0,4.0,0.0,0,0.125,1
SEC_1007,2022-05-14,Long Term,,,,1.0,,,,,1.0,1.0,0.0,0,0.125,1
SEC_1007,2022-06-19,Long Term,,,,3.0,,,,,3.0,3.0,0.0,0,0.125,1
SEC_1007,2022-07-21,Long Term,,,,,1.0,,,,1.0,1.0,0.0,0,0.125,1
SEC_1007,2022-11-13,Issuer Rating,2.0,,,,,,,,2.0,2.0,0.0,0,0.125,1
SEC_1007,2023-01-31,Long Term,,,,,3.0,,,,3.0,3.0,0.0,0,0.125,1
SEC_1007,2023-03-10,Issuer Rating,,,5.0,,,,,,5.0,5.0,0.0,0,0.125,1
SEC_1007,2023-03-16,Bond Rating,,,,,,,,1.0,1.0,1.0,0.0,0,0.125,1
SEC_1007,2023-05-21,Bond Rating,,,,,,,,3.0,3.0,3.0,0.0,0,0.125,1
SEC_1007,2023-06-02,Long Term,,,,,2.0,,,,2.0,2.0,0.0,0,0.125,1
SEC_1007,2023-06-30,Bond Rating,,,,,,,,3.0,3.0,3.0,0.0,0,0.125,1
SEC_1007,2023-08-13,Bond Rating,,,,,,,,0.0,0.0,0.0,0.0,0,0.125,1
SEC_1007,2023-09-08,Issuer Rating,0.0,,,,,,,,0.0,0.0,0.0,0,0.125,1
SEC_1007,2023-11-07,Issuer Rating,3.0,,,,,,,,3.0,3.0,0.0,0,0.125,1
SEC_1007,2024-08-09,Long Term,,,,,5.0,,,,5.0,5.0,0.0,0,0.125,1
SEC_1007,2024-12-27,Issuer Rating,,,2.0,,,,,,2.0,2.0,0.0,0,0.125,1
SEC_1008,2021-01-01,Bond Rating,8.0,,,,,,8.0,3.0,3.0,8.0,5.0,1,0.375,3
SEC_1008,2021-01-01,Long Term,,,5.0,,,4.0,,,4.0,5.0,1.0,0,0.25,2
SEC_1008,2021-01-01,Short Term,,,,,9.0,,,,9.0,9.0,0.0,0,0.125,1
SEC_1008,2021-03-20,Bond Rating,2.0,,,,,,,,2.0,2.0,0.0,0,0.125,1
SEC_1008,2021-05-11,Long Term,,,5.0,,,,,,5.0,5.0,0.0,0,0.125,1
SEC_1008,2021-07-16,Short Term,,,,,4.0,,,,4.0,4.0,0.0,0,0.125,1
SEC_1008,2021-08-12,Bond Rating,,,,,,,7.0,,7.0,7.0,0.0,0,0.125,1
SEC_1008,2021-08-15,Bond Rating,3.0,,,,,,,,3.0,3.0,0.0,0,0.125,1
SEC_1008,2021-08-28,Bond Rating,,,,,,,,0.0,0.0,0.0,0.0,0,0.125,1
SEC_1008,2021-09-10,Long Term,,,9.0,,,,,,9.0,9.0,0.0,0,0.125,1
SEC_1008,2021-09-26,Short Term,,,,,2.0,,,,2.0,2.0,0.0,0,0.125,1
SEC_1008,2021-09-30,Short Term,,,,,1.0,,,,1.0,1.0,0.0,0,0.125,1
SEC_1008,2021-10-08,Bond Rating,,,,,,,,3.0,3.0,3.0,0.0,0,0.125,1
SEC_1008,2021-10-08,Long Term,,,,,,9.0,,,9.0,9.0,0.0,0,0.125,1
SEC_1008,2021-10-14,Bond Rating,,,,,,,2.0,,2.0,2.0,0.0,0,0.125,1
SEC_1008,2021-11-09,Bond Rating,2.0,,,,,,,,2.0,2.0,0.0,0,0.125,1
SEC_1008,2022-02-27,Long Term,,,0.0,,,2.0,,,0.0,2.0,2.0,1,0.25,2
SEC_1008,2022-03-09,Bond Rating,8.0,,,,,,,,8.0,8.0,0.0,0,0.125,1
SEC_1008,2022-04-06,Long Term,,,,,,4.0,,,4.0,4.0,0.0,0,0.125,1
SEC_1008,2022-04-29,Bond Rating,,,,,,,0.0,,0.0,0.0,0.0,0,0.125,1
SEC_1008,2022-07-15,Bond Rating,,,,,,,,5.0,5.0,5.0,0.0,0,0.125,1
SEC_1008,2022-08-24,Bond Rating,,,,,,,,4.0,4.0,4.0,0.0,0,0.125,1
SEC_1008,2022-09-11,Bond Rating,3.0,,,,,,,,3.0,3.0,0.0,0,0.125,1
SEC_1008,2022-09-20,Long Term,,,,,,2.0,,,2.0,2.0,0.0,0,0.125,1
SEC_1008,2022-10-07,Long Term,,,4.0,,,,,,4.0,4.0,0.0,0,0.125,1
SEC_1008,2022-10-11,Bond Rating,,,,,,,,2.0,2.0,2.0,0.0,0,0.125,1
SEC_1008,2022-12-14,Long Term,,,5.0,,,,,,5.0,5.0,0.0,0,0.125,1
SEC_1008,2022-12-28,Bond Rating,,,,,,,,3.0,3.0,3.0,0.0,0,0.125,1
SEC_1008,2023-01-31,Long Term,,,,,,7.0,,,7.0,7.0,0.0,0,0.125,1
SEC_1008,2023-02-20,Bond Rating,,,,,,,,3.0,3.0,3.0,0.0,0,0.125,1
SEC_1008,2023-03-12,Bond Rating,,,,,,,3.0,,3.0,3.0,0.0,0,0.125,1
SEC_1008,2023-04-11,Long Term,,,3.0,,,,,,3.0,3.0,0.0,0,0.125,1
SEC_1008,2023-04-30,Short Term,,,,,3.0,,,,3.0,3.0,0.0,0,0.125,1
SEC_1008,2023-05-27,Long Term,,,3.0,,,,,,3.0,3.0,0.0,0,0.125,1
SEC_1008,2024-02-20,Short Term,,,,,5.0,,,,5.0,5.0,0.0,0,0.125,1
SEC_1008,2024-02-21,Bond Rating,,,,,,,0.0,,0.0,0.0,0.0,0,0.125,1
SEC_1008,2024-03-18,Bond Rating,,,,,,,2.0,,2.0,2.0,0.0,0,0.125,1
SEC_1008,2024-10-16,Bond Rating,3.0,,,,,,,,3.0,3.0,0.0,0,0.125,1
SEC_1008,2024-12-01,Bond Rating,4.0,,,,,,,,4.0,4.0,0.0,0,0.125,1
SEC_1008,2025-01-04,Bond Rating,9.0,,,,,,,,9.0,9.0,0.0,0,0.125,1
SEC_1008,2025-08-08,Bond Rating,7.0,,,,,,,,7.0,7.0,0.0,0,0.125,1
SEC_1009,2021-01-01,Bond Rating,1.0,,,,,,,,1.0,1.0,0.0,0,0.125,1
SEC_1009,2021-01-01,Long Term,,3.0,3.0,4.0,,,,,3.0,4.0,1.0,0,0.375,3
SEC_1009,2021-01-01,Short Term,,,,,3.0,4.0,,,3.0,4.0,1.0,0,0.25,2
SEC_1009,2021-02-10,Long Term,,,,1.0,,,,,1.0,1.0,0.0,0,0.125,1
SEC_1009,2021-03-25,Short Term,,,,,5.0,,,,5.0,5.0,0.0,0,0.125,1
SEC_1009,2021-04-09,Long Term,,,2.0,,,,,,2.0,2.0,0.0,0,0.125,1
SEC_1009,2021-04-10,Bond Rating,4.0,,,,,,,,4.0,4.0,0.0,0,0.125,1
SEC_1009,2021-06-05,Long Term,,0.0,,,,,,,0.0,0.0,0.0,0,0.125,1
SEC_1009,2021-07-22,Short Term,,,,,,7.0,,,7.0,7.0,0.0,0,0.125,1
SEC_1009,2021-08-13,Long Term,,,4.0,,,,,,4.0,4.0,0.0,0,0.125,1
SEC_1009,2021-08-29,Short Term,,,,,0.0,,,,0.0,0.0,0.0,0,0.125,1
SEC_1009,2021-09-18,Long Term,,8.0,,,,,,,8.0,8.0,0.0,0,0.125,1
SEC_1009,2021-09-24,Bond Rating,2.0,,,,,,,,2.0,2.0,0.0,0,0.125,1
SEC_1009,2021-10-07,Short Term,,,,,,1.0,,,1.0,1.0,0.0,0,0.125,1
SEC_1009,2021-10-12,Long Term,,,,2.0,,,,,2.0,2.0,0.0,0,0.125,1
SEC_1009,2021-10-20,Long Term,,0.0,,,,,,,0.0,0.0,0.0,0,0.125,1
SEC_1009,2021-12-27,Long Term,,9.0,,,,,,,9.0,9.0,0.0,0,0.125,1
SEC_1009,2022-02-28,Long Term,,9.0,,,,,,,9.0,9.0,0.0,0,0.125,1
SEC_1009,2022-03-15,Short Term,,,,,,5.0,,,5.0,5.0,0.0,0,0.125,1
SEC_1009,2022-04-06,Bond Rating,4.0,,,,,,,,4.0,4.0,0.0,0,0.125,1
SEC_1009,2022-04-30,Short Term,,,,,5.0,,,,5.0,5.0,0.0,0,0.125,1
SEC_1009,2022-05-06,Bond Rating,2.0,,,,,,,,2.0,2.0,0.0,0,0.125,1
SEC_1009,2022-05-20,Bond Rating,7.0,,,,,,,,7.0,7.0,0.0,0,0.125,1
SEC_1009,2022-05-24,Bond Rating,2.0,,,,,,,,2.0,2.0,0.0,0,0.125,1
SEC_1009,2022-05-24,Long Term,,,,5.0,,,,,5.0,5.0,0.0,0,0.125,1
SEC_1009,2022-06-01,Short Term,,,,,1.0,,,,1.0,1.0,0.0,0,0.125,1
SEC_1009,2022-06-05,Bond Rating,2.0,,,,,,,,2.0,2.0,0.0,0,0.125,1
SEC_1009,2022-07-05,Long Term,,,3.0,,,,,,3.0,3.0,0.0,0,0.125,1
SEC_1009,2022-09-09,Bond Rating,2.0,,,,,,,,2.0,2.0,0.0,0,0.125,1
SEC_1009,2023-01-21,Short Term,,,,,5.0,,,,5.0,5.0,0.0,0,0.125,1
SEC_1009,2023-02-23,Long Term,,,,1.0,,,,,1.0,1.0,0.0,0,0.125,1
SEC_1009,2023-05-06,Long Term,,,3.0,,,,,,3.0,3.0,0.0,0,0.125,1
SEC_1009,2023-06-08,Short Term,,,,,,9.0,,,9.0,9.0,0.0,0,0.125,1
SEC_1009,2023-06-25,Long Term,,,,2.0,,,,,2.0,2.0,0.0,0,0.125,1
SEC_1009,2023-10-18,Long Term,,,4.0,,,,,,4.0,4.0,0.0,0,0.125,1
SEC_1009,2023-11-10,Short Term,,,,,5.0,,,,5.0,5.0,0.0,0,0.125,1
SEC_1009,2023-11-17,Bond Rating,3.0,,,,,,,,3.0,3.0,0.0,0,0.125,1
SEC_1009,2023-11-17,Short Term,,,,,,1.0,,,1.0,1.0,0.0,0,0.125,1
SEC_1009,2024-01-28,Long Term,,,5.0,,,,,,5.0,5.0,0.0,0,0.125,1
SEC_1009,2024-02-27,Long Term,,,7.0,,,,,,7.0,7.0,0.0,0,0.125,1
SEC_1009,2025-01-05,Short Term,,,,,1.0,,,,1.0,1.0,0.0,0,0.125,1
SEC_1009,2025-04-02,Short Term,,,,,5.0,,,,5.0,5.0,0.0,0,0.125,1
SEC_1009,2025-08-02,Long Term,,,,1.0,,,,,1.0,1.0,0.0,0,0.125,1
SEC_1009,2025-09-05,Long Term,,,7.0,,,,,,7.0,7.0,0.0,0,0.125,1
SEC_1009,2025-10-13,Bond Rating,2.0,,,,,,,,2.0,2.0,0.0,0,0.125,1
SEC_1010,2021-01-01,Issuer Rating,,6.0,,1.0,4.0,,,,1.0,6.0,5.0,1,0.375,3
SEC_1010,2021-01-01,Long Term,4.0,,,,,,,7.0,4.0,7.0,3.0,1,0.25,2
SEC_1010,2021-01-01,Short Term,,,,,,2.0,,,2.0,2.0,0.0,0,0.125,1
SEC_1010,2021-03-08,Issuer Rating,,,,,4.0,,,,4.0,4.0,0.0,0,0.125,1
SEC_1010,2021-03-10,Issuer Rating,,,,,5.0,,,,5.0,5.0,0.0,0,0.125,1
SEC_1010,2021-04-03,Issuer Rating,,,,0.0,,,,,0.0,0.0,0.0,0,0.125,1
SEC_1010,2021-04-13,Issuer Rating,,,,3.0,,,,,3.0,3.0,0.0,0,0.125,1
SEC_1010,2021-05-04,Long Term,9.0,,,,,,,,9.0,9.0,0.0,0,0.125,1
SEC_1010,2021-05-09,Issuer Rating,,4.0,,,,,,,4.0,4.0,0.0,0,0.125,1
SEC_1010,2021-06-12,Long Term,,,,,,,,8.0,8.0,8.0,0.0,0,0.125,1
SEC_1010,2021-06-30,Issuer Rating,,,,,4.0,,,,4.0,4.0,0.0,0,0.125,1
SEC_1010,2021-07-21,Long Term,9.0,,,,,,,,9.0,9.0,0.0,0,0.125,1
SEC_1010,2021-08-19,Long Term,3.0,,,,,,,,3.0,3.0,0.0,0,0.125,1
SEC_1010,2021-09-02,Long Term,,,,,,,,2.0,2.0,2.0,0.0,0,0.125,1
SEC_1010,2021-09-20,Long Term,1.0,,,,,,,,1.0,1.0,0.0,0,0.125,1
SEC_1010,2021-09-23,Issuer Rating,,5.0,,,,,,,5.0,5.0,0.0,0,0.125,1
SEC_1010,2021-09-28,Issuer Rating,,,,2.0,,,,,2.0,2.0,0.0,0,0.125,1
SEC_1010,2021-10-10,Issuer Rating,,7.0,,,,,,,7.0,7.0,0.0,0,0.125,1
SEC_1010,2021-10-20,Short Term,,,,,,2.0,,,2.0,2.0,0.0,0,0.125,1
SEC_1010,2021-10-27,Short Term,,,,,,5.0,,,5.0,5.0,0.0,0,0.125,1
SEC_1010,2021-11-27,Long Term,,,,,,,,5.0,5.0,5.0,0.0,0,0.125,1
SEC_1010,2021-12-11,Short Term,,,,,,1.0,,,1.0,1.0,0.0,0,0.125,1
SEC_1010,2022-03-18,Issuer Rating,,,,,4.0,,,,4.0,4.0,0.0,0,0.125,1
SEC_1010,2022-03-31,Long Term,,,,,,,,3.0,3.0,3.0,0.0,0,0.125,1
SEC_1010,2022-04-18,Long Term,,,,,,,,4.0,4.0,4.0,0.0,0,0.125,1
SEC_1010,2022-05-14,Short Term,,,,,,9.0,,,9.0,9.0,0.0,0,0.125,1
SEC_1010,2022-06-01,Long Term,7.0,,,,,,,,7.0,7.0,0.0,0,0.125,1
SEC_1010,2022-06-05,Long Term,4.0,,,,,,,,4.0,4.0,0.0,0,0.125,1
SEC_1010,2022-06-17,Issuer Rating,,,,3.0,,,,,3.0,3.0,0.0,0,0.125,1
SEC_1010,2022-08-14,Issuer Rating,,2.0,,,,,,,2.0,2.0,0.0,0,0.125,1
SEC_1010,2022-10-01,Issuer Rating,,,,,7.0,,,,7.0,7.0,0.0,0,0.125,1
SEC_1010,2022-11-12,Issuer Rating,,,,,5.0,,,,5.0,5.0,0.0,0,0.125,1
SEC_1010,2022-11-17,Issuer Rating,,,,,1.0,,,,1.0,1.0,0.0,0,0.125,1
SEC_1010,2022-12-19,Issuer Rating,,,,,0.0,,,,0.0,0.0,0.0,0,0.125,1
SEC_1010,2023-01-09,Issuer Rating,,,,4.0,,,,,4.0,4.0,0.0,0,0.125,1
SEC_1010,2023-04-01,Short Term,,,,,,3.0,,,3.0,3.0,0.0,0,0.125,1
SEC_1010,2023-05-06,Issuer Rating,,8.0,,,,,,,8.0,8.0,0.0,0,0.125,1
SEC_1010,2023-05-11,Long Term,,,,,,,,3.0,3.0,3.0,0.0,0,0.125,1
SEC_1010,2023-07-14,Short Term,,,,,,7.0,,,7.0,7.0,0.0,0,0.125,1
SEC_1010,2023-11-17,Issuer Rating,,2.0,,,,,,,2.0,2.0,0.0,0,0.125,1
SEC_1010,2024-01-31,Issuer Rating,,,,,1.0,,,,1.0,1.0,0.0,0,0.125,1
SEC_1010,2024-05-05,Short Term,,,,,,8.0,,,8.0,8.0,0.0,0,0.125,1
SEC_1010,2024-05-18,Short Term,,,,,,4.0,,,4.0,4.0,0.0,0,0.125,1
SEC_1010,2024-06-24,Short Term,,,,,,1.0,,,1.0,1.0,0.0,0,0.125,1
SEC_1010,2024-06-28,Issuer Rating,,6.0,,,,,,,6.0,6.0,0.0,0,0.125,1
SEC_1010,2024-09-22,Issuer Rating,,,,,8.0,,,,8.0,8.0,0.0,0,0.125,1
SEC_1010,2025-02-21,Short Term,,,,,,2.0,,,2.0,2.0,0.0,0,0.125,1
SEC_1010,2025-03-17,Issuer Rating,,,,,3.0,,,,3.0,3.0,0.0,0,0.125,1
SEC_1010,2025-11-12,Issuer Rating,,5.0,,,,,,,5.0,5.0,0.0,0,0.125,1
SEC_1011,2021-01-01,Bond Rating,,,1.0,,,,,2.0,1.0,2.0,1.0,0,0.25,2
SEC_1011,2021-01-01,Issuer Rating,2.0,,,,,,,,2.0,2.0,0.0,0,0.125,1
SEC_1011,2021-02-10,Issuer Rating,4.0,,,,,,,,4.0,4.0,0.0,0,0.125,1
SEC_1011,2021-04-25,Bond Rating,,,,,,,,1.0,1.0,1.0,0.0,0,0.125,1
SEC_1011,2021-07-09,Bond Rating,,,1.0,,,,,,1.0,1.0,0.0,0,0.125,1
SEC_1011,2021-07-16,Bond Rating,,,,,,,,7.0,7.0,7.0,0.0,0,0.125,1
SEC_1011,2021-09-01,Issuer Rating,1.0,,,,,,,,1.0,1.0,0.0,0,0.125,1
SEC_1011,2021-10-18,Bond Rating,,,,,,,,5.0,5.0,5.0,0.0,0,0.125,1
SEC_1011,2021-12-19,Issuer Rating,3.0,,,,,,,,3.0,3.0,0.0,0,0.125,1
SEC_1011,2021-12-21,Bond Rating,,,3.0,,,,,,3.0,3.0,0.0,0,0.125,1
SEC_1011,2022-01-24,Bond Rating,,,5.0,,,,,,5.0,5.0,0.0,0,0.125,1
SEC_1011,2022-03-27,Bond Rating,,,,,,,,3.0,3.0,3.0,0.0,0,0.125,1
SEC_1011,2022-05-04,Bond Rating,,,,,,,,7.0,7.0,7.0,0.0,0,0.125,1
SEC_1011,2022-05-26,Issuer Rating,2.0,,,,,,,,2.0,2.0,0.0,0,0.125,1
SEC_1011,2022-08-20,Bond Rating,,,5.0,,,,,,5.0,5.0,0.0,0,0.125,1
SEC_1011,2023-03-28,Issuer Rating,1.0,,,,,,,,1.0,1.0,0.0,0,0.125,1
SEC_1011,2023-06-05,Issuer Rating,9.0,,,,,,,,9.0,9.0,0.0,0,0.125,1
SEC_1011,2024-05-27,Bond Rating,,,,,,,,8.0,8.0,8.0,0.0,0,0.125,1
SEC_1011,2025-09-26,Issuer Rating,3.0,,,,,,,,3.0,3.0,0.0,0,0.125,1
SEC_1012,2021-01-01,Bond Rating,,1.0,,4.0,,,,,1.0,4.0,3.0,1,0.25,2
SEC_1012,2021-01-01,Issuer Rating,3.0,,,,1.0,,,,1.0,3.0,2.0,1,0.25,2
SEC_1012,2021-01-01,Long Term,,,,,,4.0,4.0,,4.0,4.0,0.0,0,0.25,2
SEC_1012,2021-01-01,Short Term,,,5.0,,,,,,5.0,5.0,0.0,0,0.125,1
SEC_1012,2021-03-04,Long Term,,,,,,2.0,,,2.0,2.0,0.0,0,0.125,1
SEC_1012,2021-03-17,Bond Rating,,,,7.0,,,,,7.0,7.0,0.0,0,0.125,1
SEC_1012,2021-03-27,Bond Rating,,3.0,,,,,,,3.0,3.0,0.0,0,0.125,1
SEC_1012,2021-04-23,Short Term,,,1.0,,,,,,1.0,1.0,0.0,0,0.125,1
SEC_1012,2021-04-24,Short Term,,,4.0,,,,,,4.0,4.0,0.0,0,0.125,1
SEC_1012,2021-05-04,Issuer Rating,,,,,7.0,,,,7.0,7.0,0.0,0,0.125,1
SEC_1012,2021-05-19,Bond Rating,,4.0,,,,,,,4.0,4.0,0.0,0,0.125,1
SEC_1012,2021-05-19,Long Term,,,,,,,2.0,,2.0,2.0,0.0,0,0.125,1
SEC_1012,2021-07-19,Long Term,,,,,,,3.0,,3.0,3.0,0.0,0,0.125,1
SEC_1012,2021-08-05,Long Term,,,,,,9.0,,,9.0,9.0,0.0,0,0.125,1
SEC_1012,2021-08-09,Issuer Rating,2.0,,,,,,,,2.0,2.0,0.0,0,0.125,1
SEC_1012,2021-09-19,Long Term,,,,,,1.0,,,1.0,1.0,0.0,0,0.125,1
SEC_1012,2021-09-26,Long Term,,,,,,,3.0,,3.0,3.0,0.0,0,0.125,1
SEC_1012,2021-09-29,Issuer Rating,,,,,1.0,,,,1.0,1.0,0.0,0,0.125,1
SEC_1012,2021-10-24,Issuer Rating,9.0,,,,,,,,9.0,9.0,0.0,0,0.125,1
SEC_1012,2021-10-28,Issuer Rating,3.0,,,,,,,,3.0,3.0,0.0,0,0.125,1
SEC_1012,2022-02-13,Long Term,,,,,,5.0,,,5.0,5.0,0.0,0,0.125,1
SEC_1012,2022-03-11,Issuer Rating,2.0,,,,,,,,2.0,2.0,0.0,0,0.125,1
SEC_1012,2022-03-29,Short Term,,,2.0,,,,,,2.0,2.0,0.0,0,0.125,1
SEC_1012,2022-04-08,Long Term,,,,,,,6.0,,6.0,6.0,0.0,0,0.125,1
SEC_1012,2022-05-02,Issuer Rating,4.0,,,,,,,,4.0,4.0,0.0,0,0.125,1
SEC_1012,2022-05-12,Issuer Rating,,,,,7.0,,,,7.0,7.0,0.0,0,0.125,1
SEC_1012,2022-06-09,Bond Rating,,,,7.0,,,,,7.0,7.0,0.0,0,0.125,1
SEC_1012,2022-06-13,Bond Rating,,6.0,,,,,,,6.0,6.0,0.0,0,0.125,1
SEC_1012,2022-09-11,Bond Rating,,,,3.0,,,,,3.0,3.0,0.0,0,0.125,1
SEC_1012,2022-09-14,Long Term,,,,,,,4.0,,4.0,4.0,0.0,0,0.125,1
SEC_1012,2022-10-03,Long Term,,,,,,4.0,,,4.0,4.0,0.0,0,0.125,1
SEC_1012,2022-12-14,Bond Rating,,,,5.0,,,,,5.0,5.0,0.0,0,0.125,1
SEC_1012,2023-01-27,Bond Rating,,,,1.0,,,,,1.0,1.0,0.0,0,0.125,1
SEC_1012,2023-02-05,Long Term,,,,,,,5.0,,5.0,5.0,0.0,0,0.125,1
SEC_1012,2023-03-07,Short Term,,,5.0,,,,,,5.0,5.0,0.0,0,0.125,1
SEC_1012,2023-03-10,Bond Rating,,0.0,,,,,,,0.0,0.0,0.0,0,0.125,1
SEC_1012,2023-05-19,Bond Rating,,,,4.0,,,,,4.0,4.0,0.0,0,0.125,1
SEC_1012,2023-05-31,Long Term,,,,,,,8.0,,8.0,8.0,0.0,0,0.125,1
SEC_1012,2023-05-31,Short Term,,,2.0,,,,,,2.0,2.0,0.0,0,0.125,1
SEC_1012,2023-06-08,Issuer Rating,1.0,,,,8.0,,,,1.0,8.0,7.0,1,0.25,2
SEC_1012,2023-08-19,Bond Rating,,,,6.0,,,,,6.0,6.0,0.0,0,0.125,1
SEC_1012,2023-09-13,Bond Rating,,0.0,,,,,,,0.0,0.0,0.0,0,0.125,1
SEC_1012,2023-10-18,Long Term,,,,,,1.0,,,1.0,1.0,0.0,0,0.125,1
SEC_1012,2024-02-09,Issuer Rating,4.0,,,,,,,,4.0,4.0,0.0,0,0.125,1
SEC_1012,2024-03-10,Bond Rating,,9.0,,,,,,,9.0,9.0,0.0,0,0.125,1
SEC_1012,2024-05-15,Long Term,,,,,,,8.0,,8.0,8.0,0.0,0,0.125,1
SEC_1012,2024-07-26,Long Term,,,,,,4.0,,,4.0,4.0,0.0,0,0.125,1
SEC_1012,2024-08-02,Issuer Rating,2.0,,,,,,,,2.0,2.0,0.0,0,0.125,1
SEC_1012,2024-10-30,Issuer Rating,,,,,1.0,,,,1.0,1.0,0.0,0,0.125,1
SEC_1012,2024-11-01,Long Term,,,,,,,2.0,,2.0,2.0,0.0,0,0.125,1
SEC_1012,2025-02-04,Issuer Rating,,,,,5.0,,,,5.0,5.0,0.0,0,0.125,1
SEC_1012,2025-11-07,Bond Rating,,,,1.0,,,,,1.0,1.0,0.0,0,0.125,1
SEC_1013,2021-01-01,Bond Rating,,2.0,,,,,,,2.0,2.0,0.0,0,0.125,1
SEC_1013,2021-01-01,Issuer Rating,2.0,,,,8.0,,9.0,,2.0,9.0,7.0,1,0.375,3
SEC_1013,2021-01-01,Short Term,,,,5.0,,,,,5.0,5.0,0.0,0,0.125,1
SEC_1013,2021-02-08,Bond Rating,,2.0,,,,,,,2.0,2.0,0.0,0,0.125,1
SEC_1013,2021-03-18,Short Term,,,,2.0,,,,,2.0,2.0,0.0,0,0.125,1
SEC_1013,2021-04-28,Issuer Rating,,,,,,,3.0,,3.0,3.0,0.0,0,0.125,1
SEC_1013,2021-06-28,Issuer Rating,,,,,5.0,,,,5.0,5.0,0.0,0,0.125,1
SEC_1013,2021-07-24,Bond Rating,,2.0,,,,,,,2.0,2.0,0.0,0,0.125,1
SEC_1013,2021-07-30,Issuer Rating,,,,,,,5.0,,5.0,5.0,0.0,0,0.125,1
SEC_1013,2021-08-06,Issuer Rating,,,,,,,0.0,,0.0,0.0,0.0,0,0.125,1
SEC_1013,2021-08-12,Issuer Rating,2.0,,,,,,,,2.0,2.0,0.0,0,0.125,1
SEC_1013,2021-08-26,Issuer Rating,,,,,3.0,,,,3.0,3.0,0.0,0,0.125,1
SEC_1013,2021-08-27,Issuer Rating,5.0,,,,,,,,5.0,5.0,0.0,0,0.125,1
SEC_1013,2021-09-23,Short Term,,,,1.0,,,,,1.0,1.0,0.0,0,0.125,1
SEC_1013,2022-01-31,Issuer Rating,,,,,2.0,,,,2.0,2.0,0.0,0,0.125,1
SEC_1013,2022-02-09,Short Term,,,,4.0,,,,,4.0,4.0,0.0,0,0.125,1
SEC_1013,2022-02-13,Bond Rating,,1.0,,,,,,,1.0,1.0,0.0,0,0.125,1
SEC_1013,2022-03-09,Issuer Rating,,,,,5.0,,,,5.0,5.0,0.0,0,0.125,1
SEC_1013,2022-03-13,Issuer Rating,,,,,,,0.0,,0.0,0.0,0.0,0,0.125,1
SEC_1013,2022-03-30,Issuer Rating,8.0,,,,,,,,8.0,8.0,0.0,0,0.125,1
SEC_1013,2022-04-11,Short Term,,,,4.0,,,,,4.0,4.0,0.0,0,0.125,1
SEC_1013,2022-05-04,Short Term,,,,4.0,,,,,4.0,4.0,0.0,0,0.125,1
SEC_1013,2022-06-07,Issuer Rating,,,,,3.0,,,,3.0,3.0,0.0,0,0.125,1
SEC_1013,2022-07-22,Issuer Rating,,,,,,,5.0,,5.0,5.0,0.0,0,0.125,1
SEC_1013,2022-11-20,Issuer Rating,1.0,,,,,,,,1.0,1.0,0.0,0,0.125,1
SEC_1013,2022-12-31,Short Term,,,,1.0,,,,,1.0,1.0,0.0,0,0.125,1
SEC_1013,2023-01-27,Bond Rating,,3.0,,,,,,,3.0,3.0,0.0,0,0.125,1
SEC_1013,2023-03-03,Bond Rating,,6.0,,,,,,,6.0,6.0,0.0,0,0.125,1
SEC_1013,2023-05-19,Short Term,,,,2.0,,,,,2.0,2.0,0.0,0,0.125,1
SEC_1013,2023-07-22,Bond Rating,,3.0,,,,,,,3.0,3.0,0.0,0,0.125,1
SEC_1013,2023-11-02,Bond Rating,,5.0,,,,,,,5.0,5.0,0.0,0,0.125,1
SEC_1013,2024-03-01,Issuer Rating,,,,,,,3.0,,3.0,3.0,0.0,0,0.125,1
SEC_1013,2024-06-14,Issuer Rating,,,,,1.0,,,,1.0,1.0,0.0,0,0.125,1
SEC_1013,2024-11-05,Bond Rating,,3.0,,,,,,,3.0,3.0,0.0,0,0.125,1
SEC_1013,2024-11-29,Short Term,,,,3.0,,,,,3.0,3.0,0.0,0,0.125,1
SEC_1013,2025-06-15,Issuer Rating,,,,,,,0.0,,0.0,0.0,0.0,0,0.125,1
SEC_1013,2025-08-08,Bond Rating,,2.0,,,,,,,2.0,2.0,0.0,0,0.125,1
SEC_1014,2021-01-01,Issuer Rating,,,,,1.0,1.0,9.0,,1.0,9.0,8.0,1,0.375,3
SEC_1014,2021-01-01,Short Term,,,,1.0,,,,,1.0,1.0,0.0,0,0.125,1
SEC_1014,2021-03-26,Issuer Rating,,,,,,,5.0,,5.0,5.0,0.0,0,0.125,1
SEC_1014,2021-03-28,Issuer Rating,,,,,5.0,,,,5.0,5.0,0.0,0,0.125,1
SEC_1014,2021-04-04,Issuer Rating,,,,,2.0,,,,2.0,2.0,0.0,0,0.125,1
SEC_1014,2021-04-10,Short Term,,,,4.0,,,,,4.0,4.0,0.0,0,0.125,1
SEC_1014,2021-05-03,Short Term,,,,5.0,,,,,5.0,5.0,0.0,0,0.125,1
SEC_1014,2021-07-16,Short Term,,,,8.0,,,,,8.0,8.0,0.0,0,0.125,1
SEC_1014,2021-08-24,Issuer Rating,,,,,,3.0,,,3.0,3.0,0.0,0,0.125,1
SEC_1014,2021-09-27,Issuer Rating,,,,,3.0,,,,3.0,3.0,0.0,0,0.125,1
SEC_1014,2021-10-08,Issuer Rating,,,,,5.0,,,,5.0,5.0,0.0,0,0.125,1
SEC_1014,2021-10-19,Issuer Rating,,,,,,2.0,,,2.0,2.0,0.0,0,0.125,1
SEC_1014,2022-02-09,Issuer Rating,,,,,,,3.0,,3.0,3.0,0.0,0,0.125,1
SEC_1014,2022-03-21,Issuer Rating,,,,,,,2.0,,2.0,2.0,0.0,0,0.125,1
SEC_1014,2022-04-30,Short Term,,,,2.0,,,,,2.0,2.0,0.0,0,0.125,1
SEC_1014,2022-06-13,Issuer Rating,,,,,,,1.0,,1.0,1.0,0.0,0,0.125,1
SEC_1014,2022-06-29,Issuer Rating,,,,,,9.0,,,9.0,9.0,0.0,0,0.125,1
SEC_1014,2022-10-03,Issuer Rating,,,,,,4.0,,,4.0,4.0,0.0,0,0.125,1
SEC_1014,2022-10-08,Issuer Rating,,,,,,4.0,,,4.0,4.0,0.0,0,0.125,1
SEC_1014,2023-01-21,Issuer Rating,,,,,,,9.0,,9.0,9.0,0.0,0,0.125,1
SEC_1014,2023-01-21,Short Term,,,,3.0,,,,,3.0,3.0,0.0,0,0.125,1
SEC_1014,2023-10-28,Short Term,,,,9.0,,,,,9.0,9.0,0.0,0,0.125,1
SEC_1014,2024-04-15,Issuer Rating,,,,,,,2.0,,2.0,2.0,0.0,0,0.125,1
SEC_1015,2021-01-01,Issuer Rating,,,,2.0,,,2.0,,2.0,2.0,0.0,0,0.25,2
SEC_1015,2021-01-01,Short Term,,,,,2.0,,,,2.0,2.0,0.0,0,0.125,1
SEC_1015,2021-03-02,Issuer Rating,,,,,,,4.0,,4.0,4.0,0.0,0,0.125,1
SEC_1015,2021-04-28,Short Term,,,,,1.0,,,,1.0,1.0,0.0,0,0.125,1
SEC_1015,2021-05-04,Issuer Rating,,,,3.0,,,,,3.0,3.0,0.0,0,0.125,1
SEC_1015,2021-07-10,Issuer Rating,,,,7.0,,,,,7.0,7.0,0.0,0,0.125,1
SEC_1015,2021-10-18,Short Term,,,,,0.0,,,,0.0,0.0,0.0,0,0.125,1
SEC_1015,2021-10-21,Issuer Rating,,,,,,,4.0,,4.0,4.0,0.0,0,0.125,1
SEC_1015,2022-01-22,Short Term,,,,,4.0,,,,4.0,4.0,0.0,0,0.125,1
SEC_1015,2022-02-21,Issuer Rating,,,,5.0,,,,,5.0,5.0,0.0,0,0.125,1
SEC_1015,2022-05-06,Issuer Rating,,,,,,,0.0,,0.0,0.0,0.0,0,0.125,1
SEC_1015,2022-06-30,Short Term,,,,,3.0,,,,3.0,3.0,0.0,0,0.125,1
SEC_1015,2022-08-12,Short Term,,,,,5.0,,,,5.0,5.0,0.0,0,0.125,1
SEC_1015,2022-09-05,Issuer Rating,,,,,,,2.0,,2.0,2.0,0.0,0,0.125,1
SEC_1015,2023-01-16,Issuer Rating,,,,,,,4.0,,4.0,4.0,0.0,0,0.125,1
SEC_1015,2023-04-21,Issuer Rating,,,,8.0,,,,,8.0,8.0,0.0,0,0.125,1
SEC_1015,2023-07-20,Issuer Rating,,,,1.0,,,,,1.0,1.0,0.0,0,0.125,1
SEC_1015,2023-07-22,Issuer Rating,,,,,,,2.0,,2.0,2.0,0.0,0,0.125,1
SEC_1015,2024-01-02,Issuer Rating,,,,,,,8.0,,8.0,8.0,0.0,0,0.125,1
SEC_1015,2024-01-16,Issuer Rating,,,,,,,5.0,,5.0,5.0,0.0,0,0.125,1
SEC_1015,2024-05-10,Issuer Rating,,,,4.0,,,,,4.0,4.0,0.0,0,0.125,1
SEC_1015,2024-12-02,Issuer Rating,,,,,,,3.0,,3.0,3.0,0.0,0,0.125,1
SEC_1015,2025-06-17,Issuer Rating,,,,,,,1.0,,1.0,1.0,0.0,0,0.125,1
SEC_1015,2025-07-11,Issuer Rating,,,,,,,2.0,,2.0,2.0,0.0,0,0.125,1
SEC_1015,2025-09-09,Issuer Rating,,,,2.0,,,,,2.0,2.0,0.0,0,0.125,1
SEC_1015,2025-09-19,Issuer Rating,,,,8.0,,,,,8.0,8.0,0.0,0,0.125,1
SEC_1016,2021-01-01,Bond Rating,,,,,,3.0,2.0,,2.0,3.0,1.0,0,0.25,2
SEC_1016,2021-01-01,Issuer Rating,4.0,,,,,,,,4.0,4.0,0.0,0,0.125,1
SEC_1016,2021-01-01,Long Term,,,2.0,,,,,,2.0,2.0,0.0,0,0.125,1
SEC_1016,2021-01-01,Short Term,,,,3.0,,,,,3.0,3.0,0.0,0,0.125,1
SEC_1016,2021-04-01,Bond Rating,,,,,,9.0,,,9.0,9.0,0.0,0,0.125,1
SEC_1016,2021-04-03,Bond Rating,,,,,,,3.0,,3.0,3.0,0.0,0,0.125,1
SEC_1016,2021-04-07,Long Term,,,2.0,,,,,,2.0,2.0,0.0,0,0.125,1
SEC_1016,2021-04-13,Short Term,,,,5.0,,,,,5.0,5.0,0.0,0,0.125,1
SEC_1016,2021-05-20,Issuer Rating,5.0,,,,,,,,5.0,5.0,0.0,0,0.125,1
SEC_1016,2021-06-08,Short Term,,,,3.0,,,,,3.0,3.0,0.0,0,0.125,1
SEC_1016,2021-06-11,Long Term,,,2.0,,,,,,2.0,2.0,0.0,0,0.125,1
SEC_1016,2021-07-30,Bond Rating,,,,,,3.0,,,3.0,3.0,0.0,0,0.125,1
SEC_1016,2021-09-19,Bond Rating,,,,,,7.0,,,7.0,7.0,0.0,0,0.125,1
SEC_1016,2021-11-30,Long Term,,,4.0,,,,,,4.0,4.0,0.0,0,0.125,1
SEC_1016,2021-12-09,Issuer Rating,3.0,,,,,,,,3.0,3.0,0.0,0,0.125,1
SEC_1016,2021-12-21,Bond Rating,,,,,,,6.0,,6.0,6.0,0.0,0,0.125,1
SEC_1016,2022-01-08,Short Term,,,,2.0,,,,,2.0,2.0,0.0,0,0.125,1
SEC_1016,2022-01-16,Bond Rating,,,,,,,3.0,,3.0,3.0,0.0,0,0.125,1
SEC_1016,2022-04-06,Short Term,,,,5.0,,,,,5.0,5.0,0.0,0,0.125,1
SEC_1016,2022-05-06,Bond Rating,,,,,,3.0,,,3.0,3.0,0.0,0,0.125,1
SEC_1016,2022-07-19,Long Term,,,4.0,,,,,,4.0,4.0,0.0,0,0.125,1
SEC_1016,2022-08-08,Issuer Rating,4.0,,,,,,,,4.0,4.0,0.0,0,0.125,1
SEC_1016,2022-08-12,Issuer Rating,1.0,,,,,,,,1.0,1.0,0.0,0,0.125,1
SEC_1016,2022-08-14,Long Term,,,5.0,,,,,,5.0,5.0,0.0,0,0.125,1
SEC_1016,2022-09-25,Long Term,,,2.0,,,,,,2.0,2.0,0.0,0,0.125,1
SEC_1016,2022-11-16,Bond Rating,,,,,,6.0,,,6.0,6.0,0.0,0,0.125,1
SEC_1016,2023-03-22,Issuer Rating,1.0,,,,,,,,1.0,1.0,0.0,0,0.125,1
SEC_1016,2023-09-04,Long Term,,,0.0,,,,,,0.0,0.0,0.0,0,0.125,1
SEC_1016,2024-01-16,Short Term,,,,4.0,,,,,4.0,4.0,0.0,0,0.125,1
SEC_1016,2024-04-07,Bond Rating,,,,,,,3.0,,3.0,3.0,0.0,0,0.125,1
SEC_1016,2024-10-02,Bond Rating,,,,,,,4.0,,4.0,4.0,0.0,0,0.125,1
SEC_1016,2025-03-23,Issuer Rating,5.0,,,,,,,,5.0,5.0,0.0,0,0.125,1
SEC_1016,2025-05-16,Long Term,,,5.0,,,,,,5.0,5.0,0.0,0,0.125,1
SEC_1017,2021-01-01,Bond Rating,,,,,,7.0,,,7.0,7.0,0.0,0,0.125,1
SEC_1017,2021-01-01,Issuer Rating,,,,6.0,,,,4.0,4.0,6.0,2.0,1,0.25,2
SEC_1017,2021-01-01,Long Term,,2.0,3.0,,,,,,2.0,3.0,1.0,0,0.25,2
SEC_1017,2021-03-07,Long Term,,,1.0,,,,,,1.0,1.0,0.0,0,0.125,1
SEC_1017,2021-04-17,Bond Rating,,,,,,1.0,,,1.0,1.0,0.0,0,0.125,1
SEC_1017,2021-05-27,Issuer Rating,,,,5.0,,,,,5.0,5.0,0.0,0,0.125,1
SEC_1017,2021-06-17,Issuer Rating,,,,,,,,3.0,3.0,3.0,0.0,0,0.125,1
SEC_1017,2021-08-03,Issuer Rating,,,,,,,,4.0,4.0,4.0,0.0,0,0.125,1
SEC_1017,2021-08-20,Long Term,,8.0,,,,,,,8.0,8.0,0.0,0,0.125,1
SEC_1017,2021-08-27,Bond Rating,,,,,,4.0,,,4.0,4.0,0.0,0,0.125,1
SEC_1017,2021-10-01,Long Term,,,3.0,,,,,,3.0,3.0,0.0,0,0.125,1
SEC_1017,2021-10-08,Issuer Rating,,,,5.0,,,,,5.0,5.0,0.0,0,0.125,1
SEC_1017,2021-11-01,Long Term,,,4.0,,,,,,4.0,4.0,0.0,0,0.125,1
SEC_1017,2021-11-21,Issuer Rating,,,,5.0,,,,,5.0,5.0,0.0,0,0.125,1
SEC_1017,2021-11-27,Long Term,,,3.0,,,,,,3.0,3.0,0.0,0,0.125,1
SEC_1017,2021-12-22,Issuer Rating,,,,,,,,2.0,2.0,2.0,0.0,0,0.125,1
SEC_1017,2022-01-22,Long Term,,3.0,,,,,,,3.0,3.0,0.0,0,0.125,1
SEC_1017,2022-02-17,Bond Rating,,,,,,2.0,,,2.0,2.0,0.0,0,0.125,1
SEC_1017,2022-04-10,Issuer Rating,,,,9.0,,,,,9.0,9.0,0.0,0,0.125,1
SEC_1017,2022-05-26,Issuer Rating,,,,9.0,,,,,9.0,9.0,0.0,0,0.125,1
SEC_1017,2022-08-08,Long Term,,,0.0,,,,,,0.0,0.0,0.0,0,0.125,1
SEC_1017,2022-08-27,Long Term,,,4.0,,,,,,4.0,4.0,0.0,0,0.125,1
SEC_1017,2022-11-17,Long Term,,1.0,,,,,,,1.0,1.0,0.0,0,0.125,1
SEC_1017,2022-12-04,Long Term,,,2.0,,,,,,2.0,2.0,0.0,0,0.125,1
SEC_1017,2023-01-06,Long Term,,,3.0,,,,,,3.0,3.0,0.0,0,0.125,1
SEC_1017,2023-03-20,Long Term,,,6.0,,,,,,6.0,6.0,0.0,0,0.125,1
SEC_1017,2023-03-25,Long Term,,2.0,,,,,,,2.0,2.0,0.0,0,0.125,1
SEC_1017,2023-03-28,Long Term,,7.0,,,,,,,7.0,7.0,0.0,0,0.125,1
SEC_1017,2023-04-30,Issuer Rating,,,,,,,,1.0,1.0,1.0,0.0,0,0.125,1
SEC_1017,2023-05-27,Bond Rating,,,,,,4.0,,,4.0,4.0,0.0,0,0.125,1
SEC_1017,2023-07-30,Bond Rating,,,,,,2.0,,,2.0,2.0,0.0,0,0.125,1
SEC_1017,2023-08-29,Long Term,,,8.0,,,,,,8.0,8.0,0.0,0,0.125,1
SEC_1017,2023-12-17,Issuer Rating,,,,1.0,,,,,1.0,1.0,0.0,0,0.125,1
SEC_1017,2024-01-16,Issuer Rating,,,,1.0,,,,,1.0,1.0,0.0,0,0.125,1
SEC_1017,2024-02-15,Long Term,,7.0,,,,,,,7.0,7.0,0.0,0,0.125,1
SEC_1017,2024-03-01,Issuer Rating,,,,6.0,,,,,6.0,6.0,0.0,0,0.125,1
SEC_1017,2024-03-14,Issuer Rating,,,,,,,,8.0,8.0,8.0,0.0,0,0.125,1
SEC_1017,2024-06-07,Long Term,,6.0,,,,,,,6.0,6.0,0.0,0,0.125,1
SEC_1017,2025-06-09,Issuer Rating,,,,,,,,4.0,4.0,4.0,0.0,0,0.125,1
SEC_1018,2021-01-01,Bond Rating,,,,,1.0,,6.0,,1.0,6.0,5.0,1,0.25,2
SEC_1018,2021-01-01,Issuer Rating,,3.0,,,,,,1.0,1.0,3.0,2.0,1,0.25,2
SEC_1018,2021-01-01,Long Term,,,,,,2.0,,,2.0,2.0,0.0,0,0.125,1
SEC_1018,2021-01-01,Short Term,,,,1.0,,,,,1.0,1.0,0.0,0,0.125,1
SEC_1018,2021-02-11,Bond Rating,,,,,,,7.0,,7.0,7.0,0.0,0,0.125,1
SEC_1018,2021-03-29,Bond Rating,,,,,1.0,,,,1.0,1.0,0.0,0,0.125,1
SEC_1018,2021-04-19,Issuer Rating,,5.0,,,,,,,5.0,5.0,0.0,0,0.125,1
SEC_1018,2021-06-14,Issuer Rating,,,,,,,,5.0,5.0,5.0,0.0,0,0.125,1
SEC_1018,2021-06-21,Short Term,,,,1.0,,,,,1.0,1.0,0.0,0,0.125,1
SEC_1018,2021-07-07,Issuer Rating,,5.0,,,,,,,5.0,5.0,0.0,0,0.125,1
SEC_1018,2021-07-13,Long Term,,,,,,1.0,,,1.0,1.0,0.0,0,0.125,1
SEC_1018,2021-07-24,Long Term,,,,,,3.0,,,3.0,3.0,0.0,0,0.125,1
SEC_1018,2021-10-19,Issuer Rating,,,,,,,,1.0,1.0,1.0,0.0,0,0.125,1
SEC_1018,2021-10-25,Long Term,,,,,,3.0,,,3.0,3.0,0.0,0,0.125,1
SEC_1018,2021-11-15,Bond Rating,,,,,4.0,,,,4.0,4.0,0.0,0,0.125,1
SEC_1018,2021-11-23,Issuer Rating,,1.0,,,,,,,1.0,1.0,0.0,0,0.125,1
SEC_1018,2021-11-27,Bond Rating,,,,,,,1.0,,1.0,1.0,0.0,0,0.125,1
SEC_1018,2021-12-11,Issuer Rating,,,,,,,,2.0,2.0,2.0,0.0,0,0.125,1
SEC_1018,2021-12-27,Short Term,,,,8.0,,,,,8.0,8.0,0.0,0,0.125,1
SEC_1018,2022-01-26,Issuer Rating,,,,,,,,3.0,3.0,3.0,0.0,0,0.125,1
SEC_1018,2022-01-26,Long Term,,,,,,1.0,,,1.0,1.0,0.0,0,0.125,1
SEC_1018,2022-01-28,Long Term,,,,,,3.0,,,3.0,3.0,0.0,0,0.125,1
SEC_1018,2022-02-13,Issuer Rating,,5.0,,,,,,,5.0,5.0,0.0,0,0.125,1
SEC_1018,2022-04-01,Bond Rating,,,,,2.0,,,,2.0,2.0,0.0,0,0.125,1
SEC_1018,2022-06-04,Bond Rating,,,,,,,4.0,,4.0,4.0,0.0,0,0.125,1
SEC_1018,2022-07-31,Bond Rating,,,,,,,3.0,,3.0,3.0,0.0,0,0.125,1
SEC_1018,2022-12-27,Bond Rating,,,,,3.0,,,,3.0,3.0,0.0,0,0.125,1
SEC_1018,2023-01-06,Bond Rating,,,,,,,2.0,,2.0,2.0,0.0,0,0.125,1
SEC_1018,2023-03-10,Short Term,,,,1.0,,,,,1.0,1.0,0.0,0,0.125,1
SEC_1018,2023-03-31,Issuer Rating,,,,,,,,3.0,3.0,3.0,0.0,0,0.125,1
SEC_1018,2023-05-12,Bond Rating,,,,,2.0,,,,2.0,2.0,0.0,0,0.125,1
SEC_1018,2023-06-20,Long Term,,,,,,4.0,,,4.0,4.0,0.0,0,0.125,1
SEC_1018,2023-08-11,Bond Rating,,,,,1.0,,,,1.0,1.0,0.0,0,0.125,1
SEC_1018,2023-08-13,Issuer Rating,,1.0,,,,,,,1.0,1.0,0.0,0,0.125,1
SEC_1018,2023-08-19,Issuer Rating,,1.0,,,,,,,1.0,1.0,0.0,0,0.125,1
SEC_1018,2023-11-17,Bond Rating,,,,,,,2.0,,2.0,2.0,0.0,0,0.125,1
SEC_1018,2023-12-11,Bond Rating,,,,,4.0,,,,4.0,4.0,0.0,0,0.125,1
SEC_1018,2024-02-23,Short Term,,,,3.0,,,,,3.0,3.0,0.0,0,0.125,1
SEC_1018,2024-03-16,Issuer Rating,,,,,,,,8.0,8.0,8.0,0.0,0,0.125,1
SEC_1018,2025-07-21,Bond Rating,,,,,,,4.0,,4.0,4.0,0.0,0,0.125,1
SEC_1019,2021-01-01,Issuer Rating,,,5.0,,4.0,,,,4.0,5.0,1.0,0,0.25,2
SEC_1019,2021-01-01,Long Term,,,,6.0,,2.0,,,2.0,6.0,4.0,1,0.25,2
SEC_1019,2021-04-13,Issuer Rating,,,,,9.0,,,,9.0,9.0,0.0,0,0.125,1
SEC_1019,2021-05-20,Issuer Rating,,,6.0,,,,,,6.0,6.0,0.0,0,0.125,1
SEC_1019,2021-06-12,Issuer Rating,,,4.0,,,,,,4.0,4.0,0.0,0,0.125,1
SEC_1019,2021-06-28,Issuer Rating,,,,,9.0,,,,9.0,9.0,0.0,0,0.125,1
SEC_1019,2021-07-02,Long Term,,,,,,2.0,,,2.0,2.0,0.0,0,0.125,1
SEC_1019,2021-08-01,Long Term,,,,,,1.0,,,1.0,1.0,0.0,0,0.125,1
SEC_1019,2021-09-28,Issuer Rating,,,5.0,,,,,,5.0,5.0,0.0,0,0.125,1
SEC_1019,2021-10-09,Long Term,,,,0.0,,,,,0.0,0.0,0.0,0,0.125,1
SEC_1019,2021-10-11,Issuer Rating,,,,,1.0,,,,1.0,1.0,0.0,0,0.125,1
SEC_1019,2021-10-15,Issuer Rating,,,4.0,,,,,,4.0,4.0,0.0,0,0.125,1
SEC_1019,2021-11-21,Long Term,,,,,,3.0,,,3.0,3.0,0.0,0,0.125,1
SEC_1019,2021-12-27,Long Term,,,,5.0,,,,,5.0,5.0,0.0,0,0.125,1
SEC_1019,2022-01-12,Long Term,,,,,,4.0,,,4.0,4.0,0.0,0,0.125,1
SEC_1019,2022-02-01,Long Term,,,,3.0,,,,,3.0,3.0,0.0,0,0.125,1
SEC_1019,2022-03-18,Issuer Rating,,,8.0,,,,,,8.0,8.0,0.0,0,0.125,1
SEC_1019,2022-04-26,Issuer Rating,,,5.0,,,,,,5.0,5.0,0.0,0,0.125,1
SEC_1019,2022-06-05,Long Term,,,,2.0,,,,,2.0,2.0,0.0,0,0.125,1
SEC_1019,2022-06-19,Issuer Rating,,,1.0,,,,,,1.0,1.0,0.0,0,0.125,1
SEC_1019,2022-08-02,Long Term,,,,1.0,,,,,1.0,1.0,0.0,0,0.125,1
SEC_1019,2022-08-06,Issuer Rating,,,4.0,,,,,,4.0,4.0,0.0,0,0.125,1
SEC_1019,2022-08-08,Issuer Rating,,,1.0,,,,,,1.0,1.0,0.0,0,0.125,1
SEC_1019,2023-01-07,Long Term,,,,2.0,,,,,2.0,2.0,0.0,0,0.125,1
SEC_1019,2023-02-24,Issuer Rating,,,,,3.0,,,,3.0,3.0,0.0,0,0.125,1
SEC_1019,2023-07-08,Long Term,,,,2.0,,,,,2.0,2.0,0.0,0,0.125,1
SEC_1019,2023-10-22,Issuer Rating,,,,,3.0,,,,3.0,3.0,0.0,0,0.125,1
SEC_1019,2024-03-26,Issuer Rating,,,,,1.0,,,,1.0,1.0,0.0,0,0.125,1
SEC_1019,2024-04-25,Long Term,,,,,,8.0,,,8.0,8.0,0.0,0,0.125,1
SEC_1019,2024-06-04,Long Term,,,,1.0,,,,,1.0,1.0,0.0,0,0.125,1
SEC_1019,2024-07-29,Long Term,,,,1.0,,,,,1.0,1.0,0.0,0,0.125,1
SEC_1019,2024-11-15,Long Term,,,,,,1.0,,,1.0,1.0,0.0,0,0.125,1
SEC_1019,2024-12-23,Long Term,,,,,,8.0,,,8.0,8.0,0.0,0,0.125,1
SEC_1019,2025-01-20,Issuer Rating,,,,,8.0,,,,8.0,8.0,0.0,0,0.125,1
SEC_1019,2025-07-24,Issuer Rating,,,,,5.0,,,,5.0,5.0,0.0,0,0.125,1
SEC_1019,2025-08-20,Issuer Rating,,,,,5.0,,,,5.0,5.0,0.0,0,0.125,1
SEC_1019,2025-10-03,Long Term,,,,,,4.0,,,4.0,4.0,0.0,0,0.125,1
SEC_1019,2025-12-26,Long Term,,,,8.0,,,,,8.0,8.0,0.0,0,0.125,1
SEC_1020,2021-01-01,Bond Rating,5.0,,,,,,,,5.0,5.0,0.0,0,0.125,1
SEC_1020,2021-01-01,Issuer Rating,,,6.0,8.0,,,,,6.0,8.0,2.0,1,0.25,2
SEC_1020,2021-01-01,Long Term,,,,,4.0,,,,4.0,4.0,0.0,0,0.125,1
SEC_1020,2021-01-01,Short Term,,,,,,1.0,7.0,1.0,1.0,7.0,6.0,1,0.375,3
SEC_1020,2021-02-28,Issuer Rating,,,0.0,,,,,,0.0,0.0,0.0,0,0.125,1
SEC_1020,2021-03-20,Issuer Rating,,,8.0,,,,,,8.0,8.0,0.0,0,0.125,1
SEC_1020,2021-04-13,Long Term,,,,,4.0,,,,4.0,4.0,0.0,0,0.125,1
SEC_1020,2021-04-18,Short Term,,,,,,,,3.0,3.0,3.0,0.0,0,0.125,1
SEC_1020,2021-04-19,Short Term,,,,,,,7.0,,7.0,7.0,0.0,0,0.125,1
SEC_1020,2021-04-25,Bond Rating,9.0,,,,,,,,9.0,9.0,0.0,0,0.125,1
SEC_1020,2021-05-23,Short Term,,,,,,3.0,,,3.0,3.0,0.0,0,0.125,1
SEC_1020,2021-05-29,Bond Rating,3.0,,,,,,,,3.0,3.0,0.0,0,0.125,1
SEC_1020,2021-07-05,Short Term,,,,,,,4.0,,4.0,4.0,0.0,0,0.125,1
SEC_1020,2021-08-24,Issuer Rating,,,,4.0,,,,,4.0,4.0,0.0,0,0.125,1
SEC_1020,2021-08-29,Bond Rating,2.0,,,,,,,,2.0,2.0,0.0,0,0.125,1
SEC_1020,2021-08-31,Issuer Rating,,,,4.0,,,,,4.0,4.0,0.0,0,0.125,1
SEC_1020,2021-09-20,Short Term,,,,,,2.0,,,2.0,2.0,0.0,0,0.125,1
SEC_1020,2021-10-13,Long Term,,,,,4.0,,,,4.0,4.0,0.0,0,0.125,1
SEC_1020,2021-10-22,Short Term,,,,,,,4.0,,4.0,4.0,0.0,0,0.125,1
SEC_1020,2021-11-09,Short Term,,,,,,,,5.0,5.0,5.0,0.0,0,0.125,1
SEC_1020,2021-11-13,Long Term,,,,,5.0,,,,5.0,5.0,0.0,0,0.125,1
SEC_1020,2021-12-02,Bond Rating,5.0,,,,,,,,5.0,5.0,0.0,0,0.125,1
SEC_1020,2022-02-01,Short Term,,,,,,,,8.0,8.0,8.0,0.0,0,0.125,1
SEC_1020,2022-02-09,Short Term,,,,,,,9.0,,9.0,9.0,0.0,0,0.125,1
SEC_1020,2022-02-11,Issuer Rating,,,,7.0,,,,,7.0,7.0,0.0,0,0.125,1
SEC_1020,2022-03-03,Short Term,,,,,,3.0,,,3.0,3.0,0.0,0,0.125,1
SEC_1020,2022-03-30,Issuer Rating,,,,2.0,,,,,2.0,2.0,0.0,0,0.125,1
SEC_1020,2022-04-10,Short Term,,,,,,,2.0,,2.0,2.0,0.0,0,0.125,1
SEC_1020,2022-08-09,Long Term,,,,,4.0,,,,4.0,4.0,0.0,0,0.125,1
SEC_1020,2022-11-08,Short Term,,,,,,,,3.0,3.0,3.0,0.0,0,0.125,1
SEC_1020,2023-01-16,Short Term,,,,,,3.0,,,3.0,3.0,0.0,0,0.125,1
SEC_1020,2023-02-23,Issuer Rating,,,4.0,,,,,,4.0,4.0,0.0,0,0.125,1
SEC_1020,2023-05-12,Long Term,,,,,5.0,,,,5.0,5.0,0.0,0,0.125,1
SEC_1020,2023-05-21,Bond Rating,2.0,,,,,,,,2.0,2.0,0.0,0,0.125,1
SEC_1020,2023-06-04,Short Term,,,,,,7.0,,,7.0,7.0,0.0,0,0.125,1
SEC_1020,2023-06-05,Short Term,,,,,,,,1.0,1.0,1.0,0.0,0,0.125,1
SEC_1020,2023-08-25,Short Term,,,,,,,9.0,,9.0,9.0,0.0,0,0.125,1
SEC_1020,2023-12-05,Issuer Rating,,,,3.0,,,,,3.0,3.0,0.0,0,0.125,1
SEC_1020,2024-01-10,Issuer Rating,,,1.0,,,,,,1.0,1.0,0.0,0,0.125,1
SEC_1020,2024-04-03,Issuer Rating,,,,3.0,,,,,3.0,3.0,0.0,0,0.125,1
SEC_1020,2024-04-15,Long Term,,,,,2.0,,,,2.0,2.0,0.0,0,0.125,1
SEC_1020,2024-06-14,Short Term,,,,,,,,6.0,6.0,6.0,0.0,0,0.125,1
SEC_1020,2024-10-06,Short Term,,,,,,,4.0,,4.0,4.0,0.0,0,0.125,1
SEC_1020,2024-12-06,Short Term,,,,,,,,4.0,4.0,4.0,0.0,0,0.125,1
SEC_1020,2024-12-19,Short Term,,,,,,,7.0,,7.0,7.0,0.0,0,0.125,1
SEC_1020,2024-12-29,Short Term,,,,,,,3.0,,3.0,3.0,0.0,0,0.125,1
SEC_1020,2025-02-03,Bond Rating,7.0,,,,,,,,7.0,7.0,0.0,0,0.125,1
SEC_1020,2025-03-07,Long Term,,,,,0.0,,,,0.0,0.0,0.0,0,0.125,1
SEC_1020,2025-09-01,Long Term,,,,,1.0,,,,1.0,1.0,0.0,0,0.125,1
SEC_1020,2025-10-31,Bond Rating,3.0,,,,,,,,3.0,3.0,0.0,0,0.125,1
SEC_1020,2025-11-21,Short Term,,,,,,,,4.0,4.0,4.0,0.0,0,0.125,1
SEC_1021,2021-01-01,Bond Rating,,,,,,,,4.0,4.0,4.0,0.0,0,0.125,1
SEC_1021,2021-01-01,Issuer Rating,,,,,,2.0,6.0,,2.0,6.0,4.0,1,0.25,2
SEC_1021,2021-01-01,Short Term,,7.0,8.0,,,,,,7.0,8.0,1.0,0,0.25,2
SEC_1021,2021-04-09,Issuer Rating,,,,,,7.0,,,7.0,7.0,0.0,0,0.125,1
SEC_1021,2021-04-12,Issuer Rating,,,,,,,0.0,,0.0,0.0,0.0,0,0.125,1
SEC_1021,2021-05-13,Issuer Rating,,,,,,5.0,,,5.0,5.0,0.0,0,0.125,1
SEC_1021,2021-06-10,Issuer Rating,,,,,,2.0,,,2.0,2.0,0.0,0,0.125,1
SEC_1021,2021-07-08,Short Term,,,9.0,,,,,,9.0,9.0,0.0,0,0.125,1
SEC_1021,2021-07-15,Issuer Rating,,,,,,,5.0,,5.0,5.0,0.0,0,0.125,1
SEC_1021,2021-08-01,Short Term,,0.0,,,,,,,0.0,0.0,0.0,0,0.125,1
SEC_1021,2021-09-03,Bond Rating,,,,,,,,3.0,3.0,3.0,0.0,0,0.125,1
SEC_1021,2021-09-30,Bond Rating,,,,,,,,2.0,2.0,2.0,0.0,0,0.125,1
SEC_1021,2021-10-17,Issuer Rating,,,,,,4.0,,,4.0,4.0,0.0,0,0.125,1
SEC_1021,2021-11-12,Short Term,,,2.0,,,,,,2.0,2.0,0.0,0,0.125,1
SEC_1021,2021-11-15,Bond Rating,,,,,,,,1.0,1.0,1.0,0.0,0,0.125,1
SEC_1021,2021-12-17,Short Term,,7.0,,,,,,,7.0,7.0,0.0,0,0.125,1
SEC_1021,2022-02-04,Issuer Rating,,,,,,,1.0,,1.0,1.0,0.0,0,0.125,1
SEC_1021,2022-03-21,Issuer Rating,,,,,,2.0,,,2.0,2.0,0.0,0,0.125,1
SEC_1021,2022-04-26,Bond Rating,,,,,,,,2.0,2.0,2.0,0.0,0,0.125,1
SEC_1021,2022-04-26,Short Term,,,4.0,,,,,,4.0,4.0,0.0,0,0.125,1
SEC_1021,2022-07-15,Bond Rating,,,,,,,,1.0,1.0,1.0,0.0,0,0.125,1
SEC_1021,2022-08-04,Issuer Rating,,,,,,,1.0,,1.0,1.0,0.0,0,0.125,1
SEC_1021,2022-08-08,Short Term,,,1.0,,,,,,1.0,1.0,0.0,0,0.125,1
SEC_1021,2022-08-12,Short Term,,4.0,,,,,,,4.0,4.0,0.0,0,0.125,1
SEC_1021,2022-10-08,Bond Rating,,,,,,,,1.0,1.0,1.0,0.0,0,0.125,1
SEC_1021,2023-04-21,Short Term,,5.0,,,,,,,5.0,5.0,0.0,0,0.125,1
SEC_1021,2023-07-10,Issuer Rating,,,,,,,3.0,,3.0,3.0,0.0,0,0.125,1
SEC_1021,2023-08-09,Short Term,,7.0,,,,,,,7.0,7.0,0.0,0,0.125,1
SEC_1021,2023-09-15,Issuer Rating,,,,,,,4.0,,4.0,4.0,0.0,0,0.125,1
SEC_1021,2023-10-10,Issuer Rating,,,,,,,3.0,,3.0,3.0,0.0,0,0.125,1
SEC_1021,2023-12-08,Issuer Rating,,,,,,,4.0,,4.0,4.0,0.0,0,0.125,1
SEC_1021,2024-01-11,Short Term,,,9.0,,,,,,9.0,9.0,0.0,0,0.125,1
SEC_1021,2024-05-24,Short Term,,6.0,,,,,,,6.0,6.0,0.0,0,0.125,1
SEC_1021,2024-07-05,Bond Rating,,,,,,,,2.0,2.0,2.0,0.0,0,0.125,1
SEC_1021,2024-07-14,Issuer Rating,,,,,,1.0,,,1.0,1.0,0.0,0,0.125,1
SEC_1021,2024-09-24,Short Term,,1.0,,,,,,,1.0,1.0,0.0,0,0.125,1
SEC_1021,2025-04-10,Issuer Rating,,,,,,,1.0,,1.0,1.0,0.0,0,0.125,1
SEC_1022,2021-01-01,Bond Rating,,,,,,,,3.0,3.0,3.0,0.0,0,0.125,1
SEC_1022,2021-01-01,Issuer Rating,,7.0,,,,,,,7.0,7.0,0.0,0,0.125,1
SEC_1022,2021-01-01,Short Term,,,6.0,4.0,,1.0,,,1.0,6.0,5.0,1,0.375,3
SEC_1022,2021-02-16,Issuer Rating,,1.0,,,,,,,1.0,1.0,0.0,0,0.125,1
SEC_1022,2021-03-21,Bond Rating,,,,,,,,1.0,1.0,1.0,0.0,0,0.125,1
SEC_1022,2021-04-10,Short Term,,,,4.0,,,,,4.0,4.0,0.0,0,0.125,1
SEC_1022,2021-05-17,Issuer Rating,,1.0,,,,,,,1.0,1.0,0.0,0,0.125,1
SEC_1022,2021-06-05,Short Term,,,,,,2.0,,,2.0,2.0,0.0,0,0.125,1
SEC_1022,2021-07-20,Short Term,,,8.0,,,,,,8.0,8.0,0.0,0,0.125,1
SEC_1022,2021-08-17,Short Term,,,3.0,,,,,,3.0,3.0,0.0,0,0.125,1
SEC_1022,2021-09-08,Short Term,,,,1.0,,,,,1.0,1.0,0.0,0,0.125,1
SEC_1022,2021-09-10,Short Term,,,,2.0,,,,,2.0,2.0,0.0,0,0.125,1
SEC_1022,2021-09-13,Issuer Rating,,6.0,,,,,,,6.0,6.0,0.0,0,0.125,1
SEC_1022,2021-09-30,Bond Rating,,,,,,,,7.0,7.0,7.0,0.0,0,0.125,1
SEC_1022,2021-10-10,Issuer Rating,,3.0,,,,,,,3.0,3.0,0.0,0,0.125,1
SEC_1022,2021-11-13,Short Term,,,,,,1.0,,,1.0,1.0,0.0,0,0.125,1
SEC_1022,2021-12-06,Short Term,,,,8.0,,,,,8.0,8.0,0.0,0,0.125,1
SEC_1022,2022-01-02,Short Term,,,4.0,,,,,,4.0,4.0,0.0,0,0.125,1
SEC_1022,2022-01-20,Bond Rating,,,,,,,,5.0,5.0,5.0,0.0,0,0.125,1
SEC_1022,2022-02-05,Bond Rating,,,,,,,,9.0,9.0,9.0,0.0,0,0.125,1
SEC_1022,2022-03-31,Issuer Rating,,1.0,,,,,,,1.0,1.0,0.0,0,0.125,1
SEC_1022,2022-05-06,Short Term,,,1.0,,,,,,1.0,1.0,0.0,0,0.125,1
SEC_1022,2022-05-29,Short Term,,,2.0,,,,,,2.0,2.0,0.0,0,0.125,1
SEC_1022,2022-05-30,Short Term,,,,4.0,,,,,4.0,4.0,0.0,0,0.125,1
SEC_1022,2022-06-01,Issuer Rating,,1.0,,,,,,,1.0,1.0,0.0,0,0.125,1
SEC_1022,2022-09-17,Bond Rating,,,,,,,,3.0,3.0,3.0,0.0,0,0.125,1
SEC_1022,2022-09-20,Short Term,,,4.0,,,,,,4.0,4.0,0.0,0,0.125,1
SEC_1022,2022-09-26,Short Term,,,,,,5.0,,,5.0,5.0,0.0,0,0.125,1
SEC_1022,2022-11-18,Bond Rating,,,,,,,,2.0,2.0,2.0,0.0,0,0.125,1
SEC_1022,2022-11-28,Short Term,,,2.0,,,,,,2.0,2.0,0.0,0,0.125,1
SEC_1022,2023-03-22,Short Term,,,,,,2.0,,,2.0,2.0,0.0,0,0.125,1
SEC_1022,2023-04-30,Bond Rating,,,,,,,,4.0,4.0,4.0,0.0,0,0.125,1
SEC_1022,2023-05-19,Short Term,,,,,,1.0,,,1.0,1.0,0.0,0,0.125,1
SEC_1022,2023-05-31,Issuer Rating,,3.0,,,,,,,3.0,3.0,0.0,0,0.125,1
SEC_1022,2023-06-09,Issuer Rating,,6.0,,,,,,,6.0,6.0,0.0,0,0.125,1
SEC_1022,2023-06-28,Bond Rating,,,,,,,,7.0,7.0,7.0,0.0,0,0.125,1
SEC_1022,2023-11-02,Issuer Rating,,4.0,,,,,,,4.0,4.0,0.0,0,0.125,1
SEC_1022,2023-11-02,Short Term,,,0.0,,,,,,0.0,0.0,0.0,0,0.125,1
SEC_1022,2024-01-06,Short Term,,,1.0,,,,,,1.0,1.0,0.0,0,0.125,1
SEC_1022,2024-01-22,Short Term,,,,4.0,,,,,4.0,4.0,0.0,0,0.125,1
SEC_1022,2024-03-14,Short Term,,,1.0,,,,,,1.0,1.0,0.0,0,0.125,1
SEC_1022,2024-04-07,Short Term,,,,,,3.0,,,3.0,3.0,0.0,0,0.125,1
SEC_1022,2024-04-25,Short Term,,,,,,4.0,,,4.0,4.0,0.0,0,0.125,1
SEC_1022,2024-05-17,Issuer Rating,,2.0,,,,,,,2.0,2.0,0.0,0,0.125,1
SEC_1022,2024-05-27,Short Term,,,,0.0,,,,,0.0,0.0,0.0,0,0.125,1
SEC_1022,2024-06-02,Short Term,,,,5.0,,,,,5.0,5.0,0.0,0,0.125,1
SEC_1022,2024-08-23,Short Term,,,8.0,,,,,,8.0,8.0,0.0,0,0.125,1
SEC_1022,2024-09-06,Short Term,,,,,,5.0,,,5.0,5.0,0.0,0,0.125,1
SEC_1022,2025-08-29,Short Term,,,,4.0,,,,,4.0,4.0,0.0,0,0.125,1
SEC_1023,2021-01-01,Issuer Rating,,,,9.0,,,,,9.0,9.0,0.0,0,0.125,1
SEC_1023,2021-01-01,Long Term,8.0,4.0,,,,,,,4.0,8.0,4.0,1,0.25,2
SEC_1023,2021-01-01,Short Term,,,,,5.0,,,3.0,3.0,5.0,2.0,1,0.25,2
SEC_1023,2021-02-15,Long Term,,0.0,,,,,,,0.0,0.0,0.0,0,0.125,1
SEC_1023,2021-03-31,Issuer Rating,,,,4.0,,,,,4.0,4.0,0.0,0,0.125,1
SEC_1023,2021-05-31,Long Term,,4.0,,,,,,,4.0,4.0,0.0,0,0.125,1
SEC_1023,2021-07-04,Long Term,,4.0,,,,,,,4.0,4.0,0.0,0,0.125,1
SEC_1023,2021-08-11,Short Term,,,,,,,,2.0,2.0,2.0,0.0,0,0.125,1
SEC_1023,2021-08-15,Long Term,9.0,,,,,,,,9.0,9.0,0.0,0,0.125,1
SEC_1023,2021-09-19,Short Term,,,,,5.0,,,,5.0,5.0,0.0,0,0.125,1
SEC_1023,2021-10-04,Short Term,,,,,,,,2.0,2.0,2.0,0.0,0,0.125,1
SEC_1023,2021-10-25,Short Term,,,,,,,,1.0,1.0,1.0,0.0,0,0.125,1
SEC_1023,2021-11-06,Long Term,3.0,,,,,,,,3.0,3.0,0.0,0,0.125,1
SEC_1023,2021-11-21,Long Term,,1.0,,,,,,,1.0,1.0,0.0,0,0.125,1
SEC_1023,2022-01-01,Short Term,,,,,0.0,,,,0.0,0.0,0.0,0,0.125,1
SEC_1023,2022-01-16,Short Term,,,,,1.0,,,,1.0,1.0,0.0,0,0.125,1
SEC_1023,2022-02-25,Issuer Rating,,,,9.0,,,,,9.0,9.0,0.0,0,0.125,1
SEC_1023,2022-03-03,Short Term,,,,,1.0,,,,1.0,1.0,0.0,0,0.125,1
SEC_1023,2022-04-26,Issuer Rating,,,,4.0,,,,,4.0,4.0,0.0,0,0.125,1
SEC_1023,2022-04-30,Issuer Rating,,,,1.0,,,,,1.0,1.0,0.0,0,0.125,1
SEC_1023,2022-05-02,Short Term,,,,,5.0,,,,5.0,5.0,0.0,0,0.125,1
SEC_1023,2022-05-20,Long Term,3.0,,,,,,,,3.0,3.0,0.0,0,0.125,1
SEC_1023,2022-06-17,Long Term,5.0,,,,,,,,5.0,5.0,0.0,0,0.125,1
SEC_1023,2022-07-25,Long Term,3.0,,,,,,,,3.0,3.0,0.0,0,0.125,1
SEC_1023,2022-08-08,Short Term,,,,,,,,6.0,6.0,6.0,0.0,0,0.125,1
SEC_1023,2022-08-15,Short Term,,,,,7.0,,,,7.0,7.0,0.0,0,0.125,1
SEC_1023,2022-08-16,Long Term,4.0,,,,,,,,4.0,4.0,0.0,0,0.125,1
SEC_1023,2022-10-18,Long Term,,2.0,,,,,,,2.0,2.0,0.0,0,0.125,1
SEC_1023,2022-12-30,Issuer Rating,,,,6.0,,,,,6.0,6.0,0.0,0,0.125,1
SEC_1023,2023-01-11,Issuer Rating,,,,0.0,,,,,0.0,0.0,0.0,0,0.125,1
SEC_1023,2023-02-04,Long Term,,1.0,,,,,,,1.0,1.0,0.0,0,0.125,1
SEC_1023,2023-02-12,Long Term,2.0,,,,,,,,2.0,2.0,0.0,0,0.125,1
SEC_1023,2023-05-15,Short Term,,,,,,,,8.0,8.0,8.0,0.0,0,0.125,1
SEC_1023,2023-08-19,Issuer Rating,,,,1.0,,,,,1.0,1.0,0.0,0,0.125,1
SEC_1023,2023-11-07,Short Term,,,,,,,,1.0,1.0,1.0,0.0,0,0.125,1
SEC_1023,2024-05-18,Issuer Rating,,,,4.0,,,,,4.0,4.0,0.0,0,0.125,1
SEC_1023,2024-05-30,Short Term,,,,,,,,0.0,0.0,0.0,0.0,0,0.125,1
SEC_1023,2024-12-03,Issuer Rating,,,,7.0,,,,,7.0,7.0,0.0,0,0.125,1
SEC_1023,2024-12-06,Short Term,,,,,,,,4.0,4.0,4.0,0.0,0,0.125,1
SEC_1023,2025-01-04,Long Term,,2.0,,,,,,,2.0,2.0,0.0,0,0.125,1
SEC_1023,2025-04-25,Long Term,,1.0,,,,,,,1.0,1.0,0.0,0,0.125,1
SEC_1024,2021-01-01,Bond Rating,0.0,,,,,,,,0.0,0.0,0.0,0,0.125,1
SEC_1024,2021-01-01,Issuer Rating,,5.0,,,9.0,0.0,,,0.0,9.0,9.0,1,0.375,3
SEC_1024,2021-01-01,Long Term,,,,2.0,,,,8.0,2.0,8.0,6.0,1,0.25,2
SEC_1024,2021-01-01,Short Term,,,0.0,,,,,,0.0,0.0,0.0,0,0.125,1
SEC_1024,2021-03-08,Bond Rating,5.0,,,,,,,,5.0,5.0,0.0,0,0.125,1
SEC_1024,2021-04-01,Long Term,,,,,,,,4.0,4.0,4.0,0.0,0,0.125,1
SEC_1024,2021-04-25,Issuer Rating,,,,,1.0,,,,1.0,1.0,0.0,0,0.125,1
SEC_1024,2021-05-09,Short Term,,,7.0,,,,,,7.0,7.0,0.0,0,0.125,1
SEC_1024,2021-05-29,Short Term,,,4.0,,,,,,4.0,4.0,0.0,0,0.125,1
SEC_1024,2021-05-31,Issuer Rating,,,,,,2.0,,,2.0,2.0,0.0,0,0.125,1
SEC_1024,2021-06-11,Issuer Rating,,,,,2.0,,,,2.0,2.0,0.0,0,0.125,1
SEC_1024,2021-06-13,Issuer Rating,,,,,,1.0,,,1.0,1.0,0.0,0,0.125,1
SEC_1024,2021-08-13,Long Term,,,,5.0,,,,,5.0,5.0,0.0,0,0.125,1
SEC_1024,2021-08-19,Short Term,,,3.0,,,,,,3.0,3.0,0.0,0,0.125,1
SEC_1024,2021-08-21,Issuer Rating,,1.0,,,,,,,1.0,1.0,0.0,0,0.125,1
SEC_1024,2021-09-02,Long Term,,,,6.0,,,,,6.0,6.0,0.0,0,0.125,1
SEC_1024,2021-10-04,Bond Rating,1.0,,,,,,,,1.0,1.0,0.0,0,0.125,1
SEC_1024,2021-11-12,Issuer Rating,,,,,4.0,,,,4.0,4.0,0.0,0,0.125,1
SEC_1024,2022-01-02,Long Term,,,,,,,,4.0,4.0,4.0,0.0,0,0.125,1
SEC_1024,2022-01-20,Issuer Rating,,,,,4.0,,,,4.0,4.0,0.0,0,0.125,1
SEC_1024,2022-02-13,Bond Rating,3.0,,,,,,,,3.0,3.0,0.0,0,0.125,1
SEC_1024,2022-04-02,Short Term,,,5.0,,,,,,5.0,5.0,0.0,0,0.125,1
SEC_1024,2022-05-18,Issuer Rating,,3.0,,,,,,,3.0,3.0,0.0,0,0.125,1
SEC_1024,2022-05-29,Issuer Rating,,,,,,1.0,,,1.0,1.0,0.0,0,0.125,1
SEC_1024,2022-06-01,Bond Rating,1.0,,,,,,,,1.0,1.0,0.0,0,0.125,1
SEC_1024,2022-06-10,Short Term,,,5.0,,,,,,5.0,5.0,0.0,0,0.125,1
SEC_1024,2022-08-06,Long Term,,,,,,,,3.0,3.0,3.0,0.0,0,0.125,1
SEC_1024,2022-08-08,Bond Rating,5.0,,,,,,,,5.0,5.0,0.0,0,0.125,1
SEC_1024,2022-09-17,Long Term,,,,,,,,5.0,5.0,5.0,0.0,0,0.125,1
SEC_1024,2022-10-03,Issuer Rating,,4.0,,,,,,,4.0,4.0,0.0,0,0.125,1
SEC_1024,2022-11-07,Issuer Rating,,1.0,,,,,,,1.0,1.0,0.0,0,0.125,1
SEC_1024,2022-11-22,Issuer Rating,,3.0,,,,,,,3.0,3.0,0.0,0,0.125,1
SEC_1024,2022-11-22,Long Term,,,,4.0,,,,,4.0,4.0,0.0,0,0.125,1
SEC_1024,2022-12-30,Issuer Rating,,7.0,,,,,,,7.0,7.0,0.0,0,0.125,1
SEC_1024,2023-01-06,Short Term,,,0.0,,,,,,0.0,0.0,0.0,0,0.125,1
SEC_1024,2023-02-10,Issuer Rating,,5.0,,,,,,,5.0,5.0,0.0,0,0.125,1
SEC_1024,2023-05-06,Bond Rating,1.0,,,,,,,,1.0,1.0,0.0,0,0.125,1
SEC_1024,2023-05-06,Long Term,,,,,,,,1.0,1.0,1.0,0.0,0,0.125,1
SEC_1024,2023-05-27,Issuer Rating,,,,,,1.0,,,1.0,1.0,0.0,0,0.125,1
SEC_1024,2023-05-31,Issuer Rating,,,,,,5.0,,,5.0,5.0,0.0,0,0.125,1
SEC_1024,2023-06-14,Long Term,,,,2.0,,,,,2.0,2.0,0.0,0,0.125,1
SEC_1024,2023-07-30,Long Term,,,,3.0,,,,,3.0,3.0,0.0,0,0.125,1
SEC_1024,2023-08-07,Issuer Rating,,2.0,,,,,,,2.0,2.0,0.0,0,0.125,1
SEC_1024,2023-10-21,Issuer Rating,,5.0,,,,,,,5.0,5.0,0.0,0,0.125,1
SEC_1024,2023-11-10,Issuer Rating,,6.0,,,,,,,6.0,6.0,0.0,0,0.125,1
SEC_1024,2023-12-17,Long Term,,,,,,,,1.0,1.0,1.0,0.0,0,0.125,1
SEC_1024,2024-01-21,Issuer Rating,,,,,1.0,,,,1.0,1.0,0.0,0,0.125,1
SEC_1024,2024-03-18,Issuer Rating,,1.0,,,,,,,1.0,1.0,0.0,0,0.125,1
SEC_1024,2024-04-05,Long Term,,,,,,,,2.0,2.0,2.0,0.0,0,0.125,1
SEC_1024,2024-05-17,Short Term,,,3.0,,,,,,3.0,3.0,0.0,0,0.125,1
SEC_1024,2024-09-13,Long Term,,,,3.0,,,,,3.0,3.0,0.0,0,0.125,1
SEC_1024,2024-11-01,Long Term,,,,9.0,,,,,9.0,9.0,0.0,0,0.125,1
SEC_1024,2025-05-16,Long Term,,,,,,,,7.0,7.0,7.0,0.0,0,0.125,1
SEC_1024,2025-08-11,Issuer Rating,,4.0,,,,,,,4.0,4.0,0.0,0,0.125,1
SEC_1024,2025-09-13,Issuer Rating,,,,,3.0,,,,3.0,3.0,0.0,0,0.125,1
SEC_1025,2021-01-01,Issuer Rating,,,,3.0,,,,1.0,1.0,3.0,2.0,1,0.25,2
SEC_1025,2021-01-01,Long Term,5.0,,3.0,,,,,,3.0,5.0,2.0,1,0.25,2
SEC_1025,2021-01-01,Short Term,,,,,3.0,,,,3.0,3.0,0.0,0,0.125,1
SEC_1025,2021-03-08,Issuer Rating,,,,7.0,,,,,7.0,7.0,0.0,0,0.125,1
SEC_1025,2021-05-19,Short Term,,,,,4.0,,,,4.0,4.0,0.0,0,0.125,1
SEC_1025,2021-05-21,Issuer Rating,,,,7.0,,,,,7.0,7.0,0.0,0,0.125,1
SEC_1025,2021-06-25,Long Term,1.0,,,,,,,,1.0,1.0,0.0,0,0.125,1
SEC_1025,2021-07-05,Short Term,,,,,5.0,,,,5.0,5.0,0.0,0,0.125,1
SEC_1025,2021-08-20,Long Term,,,1.0,,,,,,1.0,1.0,0.0,0,0.125,1
SEC_1025,2021-09-22,Issuer Rating,,,,2.0,,,,0.0,0.0,2.0,2.0,1,0.25,2
SEC_1025,2021-11-30,Long Term,2.0,,,,,,,,2.0,2.0,0.0,0,0.125,1
SEC_1025,2021-12-07,Issuer Rating,,,,4.0,,,,,4.0,4.0,0.0,0,0.125,1
SEC_1025,2021-12-07,Long Term,,,1.0,,,,,,1.0,1.0,0.0,0,0.125,1
SEC_1025,2021-12-24,Short Term,,,,,2.0,,,,2.0,2.0,0.0,0,0.125,1
SEC_1025,2022-01-16,Long Term,1.0,,,,,,,,1.0,1.0,0.0,0,0.125,1
SEC_1025,2022-04-14,Issuer Rating,,,,,,,,2.0,2.0,2.0,0.0,0,0.125,1
SEC_1025,2022-04-30,Issuer Rating,,,,,,,,7.0,7.0,7.0,0.0,0,0.125,1
SEC_1025,2022-06-23,Short Term,,,,,0.0,,,,0.0,0.0,0.0,0,0.125,1
SEC_1025,2022-06-29,Issuer Rating,,,,,,,,8.0,8.0,8.0,0.0,0,0.125,1
SEC_1025,2022-07-20,Long Term,7.0,,,,,,,,7.0,7.0,0.0,0,0.125,1
SEC_1025,2022-08-12,Long Term,,,3.0,,,,,,3.0,3.0,0.0,0,0.125,1
SEC_1025,2022-08-14,Long Term,,,5.0,,,,,,5.0,5.0,0.0,0,0.125,1
SEC_1025,2022-09-05,Issuer Rating,,,,,,,,2.0,2.0,2.0,0.0,0,0.125,1
SEC_1025,2022-09-23,Issuer Rating,,,,,,,,3.0,3.0,3.0,0.0,0,0.125,1
SEC_1025,2022-10-03,Issuer Rating,,,,,,,,4.0,4.0,4.0,0.0,0,0.125,1
SEC_1025,2022-10-29,Issuer Rating,,,,0.0,,,,,0.0,0.0,0.0,0,0.125,1
SEC_1025,2022-11-10,Long Term,,,2.0,,,,,,2.0,2.0,0.0,0,0.125,1
SEC_1025,2022-12-06,Long Term,5.0,,,,,,,,5.0,5.0,0.0,0,0.125,1
SEC_1025,2022-12-19,Long Term,,,9.0,,,,,,9.0,9.0,0.0,0,0.125,1
SEC_1025,2023-04-29,Issuer Rating,,,,3.0,,,,,3.0,3.0,0.0,0,0.125,1
SEC_1025,2023-09-04,Long Term,,,2.0,,,,,,2.0,2.0,0.0,0,0.125,1
SEC_1025,2023-11-07,Issuer Rating,,,,,,,,6.0,6.0,6.0,0.0,0,0.125,1
SEC_1025,2023-11-24,Issuer Rating,,,,,,,,4.0,4.0,4.0,0.0,0,0.125,1
SEC_1025,2024-01-22,Short Term,,,,,2.0,,,,2.0,2.0,0.0,0,0.125,1
SEC_1025,2024-01-28,Short Term,,,,,4.0,,,,4.0,4.0,0.0,0,0.125,1
SEC_1025,2024-05-17,Issuer Rating,,,,4.0,,,,,4.0,4.0,0.0,0,0.125,1
SEC_1025,2024-06-02,Issuer Rating,,,,5.0,,,,,5.0,5.0,0.0,0,0.125,1
SEC_1025,2024-07-12,Long Term,,,1.0,,,,,,1.0,1.0,0.0,0,0.125,1
SEC_1025,2024-08-19,Issuer Rating,,,,4.0,,,,,4.0,4.0,0.0,0,0.125,1
SEC_1025,2025-03-05,Long Term,4.0,,,,,,,,4.0,4.0,0.0,0,0.125,1
SEC_1025,2025-11-28,Issuer Rating,,,,,,,,4.0,4.0,4.0,0.0,0,0.125,1
SEC_1026,2021-01-01,Issuer Rating,,,,,5.0,,,,5.0,5.0,0.0,0,0.125,1
SEC_1026,2021-01-01,Long Term,,,,,,,2.0,,2.0,2.0,0.0,0,0.125,1
SEC_1026,2021-01-01,Short Term,,,,5.0,,,,4.0,4.0,5.0,1.0,0,0.25,2
SEC_1026,2021-02-06,Long Term,,,,,,,1.0,,1.0,1.0,0.0,0,0.125,1
SEC_1026,2021-04-04,Short Term,,,,,,,,2.0,2.0,2.0,0.0,0,0.125,1
SEC_1026,2021-06-05,Short Term,,,,7.0,,,,,7.0,7.0,0.0,0,0.125,1
SEC_1026,2021-06-20,Long Term,,,,,,,0.0,,0.0,0.0,0.0,0,0.125,1
SEC_1026,2021-06-30,Short Term,,,,,,,,1.0,1.0,1.0,0.0,0,0.125,1
SEC_1026,2021-09-21,Issuer Rating,,,,,9.0,,,,9.0,9.0,0.0,0,0.125,1
SEC_1026,2021-10-04,Short Term,,,,6.0,,,,,6.0,6.0,0.0,0,0.125,1
SEC_1026,2021-10-19,Short Term,,,,2.0,,,,,2.0,2.0,0.0,0,0.125,1
SEC_1026,2022-01-20,Issuer Rating,,,,,2.0,,,,2.0,2.0,0.0,0,0.125,1
SEC_1026,2022-02-15,Short Term,,,,,,,,4.0,4.0,4.0,0.0,0,0.125,1
SEC_1026,2022-03-03,Short Term,,,,1.0,,,,,1.0,1.0,0.0,0,0.125,1
SEC_1026,2022-04-26,Short Term,,,,,,,,4.0,4.0,4.0,0.0,0,0.125,1
SEC_1026,2022-07-23,Short Term,,,,,,,,4.0,4.0,4.0,0.0,0,0.125,1
SEC_1026,2022-08-06,Issuer Rating,,,,,5.0,,,,5.0,5.0,0.0,0,0.125,1
SEC_1026,2022-08-28,Issuer Rating,,,,,2.0,,,,2.0,2.0,0.0,0,0.125,1
SEC_1026,2022-10-29,Long Term,,,,,,,5.0,,5.0,5.0,0.0,0,0.125,1
SEC_1026,2022-12-10,Long Term,,,,,,,9.0,,9.0,9.0,0.0,0,0.125,1
SEC_1026,2023-02-16,Short Term,,,,3.0,,,,,3.0,3.0,0.0,0,0.125,1
SEC_1026,2023-04-03,Issuer Rating,,,,,3.0,,,,3.0,3.0,0.0,0,0.125,1
SEC_1026,2023-07-20,Long Term,,,,,,,3.0,,3.0,3.0,0.0,0,0.125,1
SEC_1026,2023-08-14,Short Term,,,,4.0,,,,,4.0,4.0,0.0,0,0.125,1
SEC_1026,2023-08-25,Short Term,,,,9.0,,,,,9.0,9.0,0.0,0,0.125,1
SEC_1026,2023-09-23,Issuer Rating,,,,,2.0,,,,2.0,2.0,0.0,0,0.125,1
SEC_1026,2025-04-25,Issuer Rating,,,,,8.0,,,,8.0,8.0,0.0,0,0.125,1
SEC_1027,2021-01-01,Issuer Rating,,,,,,9.0,,,9.0,9.0,0.0,0,0.125,1
SEC_1027,2021-01-01,Long Term,,,6.0,,,,,,6.0,6.0,0.0,0,0.125,1
SEC_1027,2021-01-01,Short Term,,,,,,,,1.0,1.0,1.0,0.0,0,0.125,1
SEC_1027,2021-04-04,Issuer Rating,,,,,,1.0,,,1.0,1.0,0.0,0,0.125,1
SEC_1027,2021-05-18,Long Term,,,4.0,,,,,,4.0,4.0,0.0,0,0.125,1
SEC_1027,2021-05-21,Short Term,,,,,,,,1.0,1.0,1.0,0.0,0,0.125,1
SEC_1027,2021-06-20,Issuer Rating,,,,,,7.0,,,7.0,7.0,0.0,0,0.125,1
SEC_1027,2021-07-18,Long Term,,,1.0,,,,,,1.0,1.0,0.0,0,0.125,1
SEC_1027,2021-08-11,Short Term,,,,,,,,2.0,2.0,2.0,0.0,0,0.125,1
SEC_1027,2021-08-17,Issuer Rating,,,,,,4.0,,,4.0,4.0,0.0,0,0.125,1
SEC_1027,2021-12-03,Short Term,,,,,,,,1.0,1.0,1.0,0.0,0,0.125,1
SEC_1027,2022-01-20,Short Term,,,,,,,,8.0,8.0,8.0,0.0,0,0.125,1
SEC_1027,2022-01-29,Long Term,,,4.0,,,,,,4.0,4.0,0.0,0,0.125,1
SEC_1027,2022-06-10,Issuer Rating,,,,,,4.0,,,4.0,4.0,0.0,0,0.125,1
SEC_1027,2022-06-17,Short Term,,,,,,,,9.0,9.0,9.0,0.0,0,0.125,1
SEC_1027,2022-08-16,Issuer Rating,,,,,,4.0,,,4.0,4.0,0.0,0,0.125,1
SEC_1027,2023-03-04,Issuer Rating,,,,,,7.0,,,7.0,7.0,0.0,0,0.125,1
SEC_1027,2023-08-29,Short Term,,,,,,,,2.0,2.0,2.0,0.0,0,0.125,1
SEC_1027,2023-09-08,Long Term,,,5.0,,,,,,5.0,5.0,0.0,0,0.125,1
SEC_1027,2024-01-06,Issuer Rating,,,,,,4.0,,,4.0,4.0,0.0,0,0.125,1
SEC_1027,2024-03-06,Long Term,,,9.0,,,,,,9.0,9.0,0.0,0,0.125,1
SEC_1027,2024-07-02,Issuer Rating,,,,,,3.0,,,3.0,3.0,0.0,0,0.125,1
SEC_1027,2025-06-15,Long Term,,,7.0,,,,,,7.0,7.0,0.0,0,0.125,1
SEC_1028,2021-01-01,Bond Rating,,,,,,1.0,,5.0,1.0,5.0,4.0,1,0.25,2
SEC_1028,2021-01-01,Issuer Rating,,9.0,,,2.0,,,,2.0,9.0,7.0,1,0.25,2
SEC_1028,2021-01-01,Long Term,,,,,,,6.0,,6.0,6.0,0.0,0,0.125,1
SEC_1028,2021-04-01,Issuer Rating,,1.0,,,,,,,1.0,1.0,0.0,0,0.125,1
SEC_1028,2021-05-26,Long Term,,,,,,,4.0,,4.0,4.0,0.0,0,0.125,1
SEC_1028,2021-06-02,Issuer Rating,,2.0,,,,,,,2.0,2.0,0.0,0,0.125,1
SEC_1028,2021-06-18,Long Term,,,,,,,5.0,,5.0,5.0,0.0,0,0.125,1
SEC_1028,2021-07-18,Bond Rating,,,,,,1.0,,,1.0,1.0,0.0,0,0.125,1
SEC_1028,2021-08-06,Issuer Rating,,,,,3.0,,,,3.0,3.0,0.0,0,0.125,1
SEC_1028,2021-08-29,Bond Rating,,,,,,5.0,,,5.0,5.0,0.0,0,0.125,1
SEC_1028,2021-09-02,Bond Rating,,,,,,,,5.0,5.0,5.0,0.0,0,0.125,1
SEC_1028,2021-09-04,Bond Rating,,,,,,,,2.0,2.0,2.0,0.0,0,0.125,1
SEC_1028,2021-09-08,Bond Rating,,,,,,,,9.0,9.0,9.0,0.0,0,0.125,1
SEC_1028,2021-09-18,Issuer Rating,,,,,3.0,,,,3.0,3.0,0.0,0,0.125,1
SEC_1028,2021-10-23,Bond Rating,,,,,,2.0,,,2.0,2.0,0.0,0,0.125,1
SEC_1028,2021-10-26,Bond Rating,,,,,,,,2.0,2.0,2.0,0.0,0,0.125,1
SEC_1028,2021-11-09,Issuer Rating,,,,,0.0,,,,0.0,0.0,0.0,0,0.125,1
SEC_1028,2021-12-18,Bond Rating,,,,,,,,1.0,1.0,1.0,0.0,0,0.125,1
SEC_1028,2022-01-14,Bond Rating,,,,,,2.0,,,2.0,2.0,0.0,0,0.125,1
SEC_1028,2022-03-03,Bond Rating,,,,,,5.0,,,5.0,5.0,0.0,0,0.125,1
SEC_1028,2022-04-19,Bond Rating,,,,,,,,8.0,8.0,8.0,0.0,0,0.125,1
SEC_1028,2022-05-08,Bond Rating,,,,,,,,9.0,9.0,9.0,0.0,0,0.125,1
SEC_1028,2022-05-24,Long Term,,,,,,,3.0,,3.0,3.0,0.0,0,0.125,1
SEC_1028,2022-06-07,Issuer Rating,,1.0,,,,,,,1.0,1.0,0.0,0,0.125,1
SEC_1028,2022-06-13,Long Term,,,,,,,2.0,,2.0,2.0,0.0,0,0.125,1
SEC_1028,2022-07-31,Bond Rating,,,,,,9.0,,,9.0,9.0,0.0,0,0.125,1
SEC_1028,2022-08-03,Issuer Rating,,,,,1.0,,,,1.0,1.0,0.0,0,0.125,1
SEC_1028,2022-08-05,Long Term,,,,,,,3.0,,3.0,3.0,0.0,0,0.125,1
SEC_1028,2022-10-26,Bond Rating,,,,,,,,1.0,1.0,1.0,0.0,0,0.125,1
SEC_1028,2022-12-30,Issuer Rating,,,,,1.0,,,,1.0,1.0,0.0,0,0.125,1
SEC_1028,2023-03-20,Issuer Rating,,,,,1.0,,,,1.0,1.0,0.0,0,0.125,1
SEC_1028,2023-04-11,Bond Rating,,,,,,,,8.0,8.0,8.0,0.0,0,0.125,1
SEC_1028,2023-05-09,Long Term,,,,,,,4.0,,4.0,4.0,0.0,0,0.125,1
SEC_1028,2023-06-12,Issuer Rating,,,,,3.0,,,,3.0,3.0,0.0,0,0.125,1
SEC_1028,2023-09-12,Bond Rating,,,,,,,,5.0,5.0,5.0,0.0,0,0.125,1
SEC_1028,2023-11-15,Bond Rating,,,,,,,,4.0,4.0,4.0,0.0,0,0.125,1
SEC_1028,2023-11-19,Issuer Rating,,6.0,,,,,,,6.0,6.0,0.0,0,0.125,1
SEC_1028,2023-12-22,Issuer Rating,,1.0,,,,,,,1.0,1.0,0.0,0,0.125,1
SEC_1028,2023-12-27,Long Term,,,,,,,6.0,,6.0,6.0,0.0,0,0.125,1
SEC_1028,2024-03-18,Bond Rating,,,,,,7.0,,,7.0,7.0,0.0,0,0.125,1
SEC_1028,2025-08-24,Bond Rating,,,,,,,,3.0,3.0,3.0,0.0,0,0.125,1
SEC_1028,2025-08-29,Bond Rating,,,,,,,,7.0,7.0,7.0,0.0,0,0.125,1
SEC_1028,2025-10-01,Issuer Rating,,,,,2.0,,,,2.0,2.0,0.0,0,0.125,1
SEC_1029,2021-01-01,Bond Rating,,,,,,1.0,,,1.0,1.0,0.0,0,0.125,1
SEC_1029,2021-01-01,Issuer Rating,8.0,,,0.0,3.0,,,4.0,0.0,8.0,8.0,1,0.5,4
SEC_1029,2021-01-01,Long Term,,5.0,,,,,3.0,,3.0,5.0,2.0,1,0.25,2
SEC_1029,2021-02-20,Long Term,,,,,,,9.0,,9.0,9.0,0.0,0,0.125,1
SEC_1029,2021-03-24,Issuer Rating,,,,,4.0,,,,4.0,4.0,0.0,0,0.125,1
SEC_1029,2021-03-26,Long Term,,8.0,,,,,,,8.0,8.0,0.0,0,0.125,1
SEC_1029,2021-05-07,Issuer Rating,,,,2.0,,,,,2.0,2.0,0.0,0,0.125,1
SEC_1029,2021-06-06,Bond Rating,,,,,,4.0,,,4.0,4.0,0.0,0,0.125,1
SEC_1029,2021-06-10,Issuer Rating,,,,,,,,2.0,2.0,2.0,0.0,0,0.125,1
SEC_1029,2021-06-14,Issuer Rating,,,,,3.0,,,,3.0,3.0,0.0,0,0.125,1
SEC_1029,2021-07-22,Issuer Rating,,,,,,,,4.0,4.0,4.0,0.0,0,0.125,1
SEC_1029,2021-08-01,Issuer Rating,,,,4.0,,,,,4.0,4.0,0.0,0,0.125,1
SEC_1029,2021-08-14,Issuer Rating,,,,,4.0,,,,4.0,4.0,0.0,0,0.125,1
SEC_1029,2021-08-14,Long Term,,3.0,,,,,,,3.0,3.0,0.0,0,0.125,1
SEC_1029,2021-08-17,Long Term,,,,,,,3.0,,3.0,3.0,0.0,0,0.125,1
SEC_1029,2021-09-04,Issuer Rating,,,,3.0,,,,,3.0,3.0,0.0,0,0.125,1
SEC_1029,2021-09-14,Long Term,,4.0,,,,,,,4.0,4.0,0.0,0,0.125,1
SEC_1029,2021-10-21,Issuer Rating,3.0,,,,,,,,3.0,3.0,0.0,0,0.125,1
SEC_1029,2021-11-21,Bond Rating,,,,,,7.0,,,7.0,7.0,0.0,0,0.125,1
SEC_1029,2022-01-04,Issuer Rating,,,,,4.0,,,,4.0,4.0,0.0,0,0.125,1
SEC_1029,2022-01-08,Issuer Rating,4.0,,,,,,,,4.0,4.0,0.0,0,0.125,1
SEC_1029,2022-01-18,Issuer Rating,,,,,,,,3.0,3.0,3.0,0.0,0,0.125,1
SEC_1029,2022-01-26,Long Term,,,,,,,6.0,,6.0,6.0,0.0,0,0.125,1
SEC_1029,2022-02-05,Issuer Rating,,,,,,,,4.0,4.0,4.0,0.0,0,0.125,1
SEC_1029,2022-02-13,Issuer Rating,,,,4.0,,,,,4.0,4.0,0.0,0,0.125,1
SEC_1029,2022-03-27,Issuer Rating,0.0,,,,,,,,0.0,0.0,0.0,0,0.125,1
SEC_1029,2022-04-12,Bond Rating,,,,,,7.0,,,7.0,7.0,0.0,0,0.125,1
SEC_1029,2022-04-26,Long Term,,,,,,,4.0,,4.0,4.0,0.0,0,0.125,1
SEC_1029,2022-06-01,Long Term,,1.0,,,,,,,1.0,1.0,0.0,0,0.125,1
SEC_1029,2022-06-29,Issuer Rating,9.0,,,,,,,,9.0,9.0,0.0,0,0.125,1
SEC_1029,2022-09-18,Bond Rating,,,,,,2.0,,,2.0,2.0,0.0,0,0.125,1
SEC_1029,2022-10-21,Issuer Rating,,,,,,,,1.0,1.0,1.0,0.0,0,0.125,1
SEC_1029,2023-01-03,Bond Rating,,,,,,8.0,,,8.0,8.0,0.0,0,0.125,1
SEC_1029,2023-01-06,Issuer Rating,,,,,,,,3.0,3.0,3.0,0.0,0,0.125,1
SEC_1029,2023-02-14,Issuer Rating,8.0,,,,,,,,8.0,8.0,0.0,0,0.125,1
SEC_1029,2023-02-14,Long Term,,4.0,,,,,,,4.0,4.0,0.0,0,0.125,1
SEC_1029,2023-02-16,Issuer Rating,,,,,2.0,,,,2.0,2.0,0.0,0,0.125,1
SEC_1029,2023-04-11,Issuer Rating,1.0,,,,,,,,1.0,1.0,0.0,0,0.125,1
SEC_1029,2023-09-08,Issuer Rating,,,,,2.0,,,,2.0,2.0,0.0,0,0.125,1
SEC_1029,2023-09-30,Issuer Rating,,,,,1.0,,,,1.0,1.0,0.0,0,0.125,1
SEC_1029,2023-12-05,Issuer Rating,,,,,,,,3.0,3.0,3.0,0.0,0,0.125,1
SEC_1029,2024-03-14,Issuer Rating,,,,,,,,1.0,1.0,1.0,0.0,0,0.125,1
SEC_1029,2024-04-05,Issuer Rating,9.0,,,,,,,,9.0,9.0,0.0,0,0.125,1
SEC_1029,2024-06-23,Issuer Rating,4.0,,,,,,,,4.0,4.0,0.0,0,0.125,1
SEC_1029,2024-12-06,Issuer Rating,,,,,7.0,,,,7.0,7.0,0.0,0,0.125,1
SEC_1029,2025-07-07,Issuer Rating,2.0,,,,,,,,2.0,2.0,0.0,0,0.125,1
SEC_1030,2021-01-01,Bond Rating,,,,,6.0,8.0,,,6.0,8.0,2.0,1,0.25,2
SEC_1030,2021-01-01,Issuer Rating,2.0,3.0,,,,,,3.0,2.0,3.0,1.0,0,0.375,3
SEC_1030,2021-01-01,Short Term,,,6.0,,,,,,6.0,6.0,0.0,0,0.125,1
SEC_1030,2021-02-04,Bond Rating,,,,,,3.0,,,3.0,3.0,0.0,0,0.125,1
SEC_1030,2021-02-25,Issuer Rating,,3.0,,,,,,,3.0,3.0,0.0,0,0.125,1
SEC_1030,2021-03-16,Issuer Rating,,,,,,,,1.0,1.0,1.0,0.0,0,0.125,1
SEC_1030,2021-03-21,Short Term,,,4.0,,,,,,4.0,4.0,0.0,0,0.125,1
SEC_1030,2021-04-01,Issuer Rating,6.0,,,,,,,,6.0,6.0,0.0,0,0.125,1
SEC_1030,2021-07-24,Bond Rating,,,,,7.0,,,,7.0,7.0,0.0,0,0.125,1
SEC_1030,2021-08-05,Issuer Rating,1.0,,,,,,,,1.0,1.0,0.0,0,0.125,1
SEC_1030,2021-09-24,Bond Rating,,,,,4.0,,,,4.0,4.0,0.0,0,0.125,1
SEC_1030,2021-09-24,Issuer Rating,,,,,,,,1.0,1.0,1.0,0.0,0,0.125,1
SEC_1030,2021-10-01,Issuer Rating,4.0,,,,,,,,4.0,4.0,0.0,0,0.125,1
SEC_1030,2021-10-08,Bond Rating,,,,,,3.0,,,3.0,3.0,0.0,0,0.125,1
SEC_1030,2021-10-25,Short Term,,,3.0,,,,,,3.0,3.0,0.0,0,0.125,1
SEC_1030,2022-01-06,Short Term,,,4.0,,,,,,4.0,4.0,0.0,0,0.125,1
SEC_1030,2022-01-24,Issuer Rating,,5.0,,,,,,,5.0,5.0,0.0,0,0.125,1
SEC_1030,2022-01-24,Short Term,,,1.0,,,,,,1.0,1.0,0.0,0,0.125,1
SEC_1030,2022-01-26,Issuer Rating,,5.0,,,,,,,5.0,5.0,0.0,0,0.125,1
SEC_1030,2022-04-01,Bond Rating,,,,,,8.0,,,8.0,8.0,0.0,0,0.125,1
SEC_1030,2022-05-02,Issuer Rating,,2.0,,,,,,,2.0,2.0,0.0,0,0.125,1
SEC_1030,2022-06-25,Issuer Rating,,,,,,,,4.0,4.0,4.0,0.0,0,0.125,1
SEC_1030,2022-07-09,Bond Rating,,,,,,0.0,,,0.0,0.0,0.0,0,0.125,1
SEC_1030,2022-07-13,Issuer Rating,,,,,,,,1.0,1.0,1.0,0.0,0,0.125,1
SEC_1030,2022-08-16,Issuer Rating,,4.0,,,,,,,4.0,4.0,0.0,0,0.125,1
SEC_1030,2022-09-23,Bond Rating,,,,,3.0,,,,3.0,3.0,0.0,0,0.125,1
SEC_1030,2022-09-23,Issuer Rating,,3.0,,,,,,,3.0,3.0,0.0,0,0.125,1
SEC_1030,2022-10-05,Bond Rating,,,,,,3.0,,,3.0,3.0,0.0,0,0.125,1
SEC_1030,2022-10-19,Issuer Rating,1.0,,,,,,,,1.0,1.0,0.0,0,0.125,1
SEC_1030,2022-12-02,Issuer Rating,9.0,,,,,,,,9.0,9.0,0.0,0,0.125,1
SEC_1030,2023-02-05,Bond Rating,,,,,,5.0,,,5.0,5.0,0.0,0,0.125,1
SEC_1030,2023-04-14,Issuer Rating,,,,,,,,3.0,3.0,3.0,0.0,0,0.125,1
SEC_1030,2023-05-15,Bond Rating,,,,,5.0,,,,5.0,5.0,0.0,0,0.125,1
SEC_1030,2023-10-10,Bond Rating,,,,,,5.0,,,5.0,5.0,0.0,0,0.125,1
SEC_1030,2023-10-18,Issuer Rating,,,,,,,,4.0,4.0,4.0,0.0,0,0.125,1
SEC_1030,2024-01-31,Issuer Rating,,,,,,,,8.0,8.0,8.0,0.0,0,0.125,1
SEC_1030,2024-02-09,Issuer Rating,4.0,,,,,,,,4.0,4.0,0.0,0,0.125,1
SEC_1030,2024-02-16,Bond Rating,,,,,2.0,,,,2.0,2.0,0.0,0,0.125,1
SEC_1030,2024-02-21,Bond Rating,,,,,2.0,,,,2.0,2.0,0.0,0,0.125,1
SEC_1030,2024-03-30,Issuer Rating,,,,,,,,2.0,2.0,2.0,0.0,0,0.125,1
SEC_1030,2024-06-09,Bond Rating,,,,,3.0,,,,3.0,3.0,0.0,0,0.125,1
SEC_1030,2025-01-22,Issuer Rating,,,,,,,,1.0,1.0,1.0,0.0,0,0.125,1
SEC_1030,2025-02-13,Issuer Rating,,3.0,,,,,,,3.0,3.0,0.0,0,0.125,1
SEC_1030,2025-09-12,Issuer Rating,,5.0,,,,,,,5.0,5.0,0.0,0,0.125,1
SEC_1030,2025-09-17,Issuer Rating,,,,,,,,3.0,3.0,3.0,0.0,0,0.125,1
SEC_1030,2025-10-31,Bond Rating,,,,,,1.0,,,1.0,1.0,0.0,0,0.125,1
SEC_1031,2021-01-01,Bond Rating,,1.0,,3.0,3.0,,,3.0,1.0,3.0,2.0,1,0.5,4
SEC_1031,2021-01-01,Issuer Rating,2.0,,,,,,,,2.0,2.0,0.0,0,0.125,1
SEC_1031,2021-01-01,Short Term,,,,,,0.0,,,0.0,0.0,0.0,0,0.125,1
SEC_1031,2021-03-16,Bond Rating,,,,1.0,,,,,1.0,1.0,0.0,0,0.125,1
SEC_1031,2021-03-29,Short Term,,,,,,4.0,,,4.0,4.0,0.0,0,0.125,1
SEC_1031,2021-04-14,Bond Rating,,,,,1.0,,,,1.0,1.0,0.0,0,0.125,1
SEC_1031,2021-06-08,Bond Rating,,2.0,,,,,,,2.0,2.0,0.0,0,0.125,1
SEC_1031,2021-06-20,Bond Rating,,,,3.0,,,,,3.0,3.0,0.0,0,0.125,1
SEC_1031,2021-07-03,Issuer Rating,2.0,,,,,,,,2.0,2.0,0.0,0,0.125,1
SEC_1031,2021-09-08,Bond Rating,,,,,,,,1.0,1.0,1.0,0.0,0,0.125,1
SEC_1031,2021-09-18,Bond Rating,,,,,3.0,,,,3.0,3.0,0.0,0,0.125,1
SEC_1031,2021-09-22,Issuer Rating,1.0,,,,,,,,1.0,1.0,0.0,0,0.125,1
SEC_1031,2021-09-30,Bond Rating,,,,7.0,,,,,7.0,7.0,0.0,0,0.125,1
SEC_1031,2021-10-04,Bond Rating,,8.0,,,,,,,8.0,8.0,0.0,0,0.125,1
SEC_1031,2021-10-18,Short Term,,,,,,3.0,,,3.0,3.0,0.0,0,0.125,1
SEC_1031,2022-01-05,Bond Rating,,,,0.0,,,,,0.0,0.0,0.0,0,0.125,1
SEC_1031,2022-02-25,Bond Rating,,,,,,,,9.0,9.0,9.0,0.0,0,0.125,1
SEC_1031,2022-03-15,Bond Rating,,1.0,,,,,,,1.0,1.0,0.0,0,0.125,1
SEC_1031,2022-03-29,Bond Rating,,,,,,,,4.0,4.0,4.0,0.0,0,0.125,1
SEC_1031,2022-05-20,Bond Rating,,,,,3.0,,,,3.0,3.0,0.0,0,0.125,1
SEC_1031,2022-05-28,Bond Rating,,7.0,,,,,,,7.0,7.0,0.0,0,0.125,1
SEC_1031,2022-06-19,Bond Rating,,,,,,,,1.0,1.0,1.0,0.0,0,0.125,1
SEC_1031,2022-06-21,Short Term,,,,,,2.0,,,2.0,2.0,0.0,0,0.125,1
SEC_1031,2022-06-25,Bond Rating,,1.0,,,,,,,1.0,1.0,0.0,0,0.125,1
SEC_1031,2022-06-29,Issuer Rating,4.0,,,,,,,,4.0,4.0,0.0,0,0.125,1
SEC_1031,2022-08-02,Issuer Rating,4.0,,,,,,,,4.0,4.0,0.0,0,0.125,1
SEC_1031,2022-08-24,Bond Rating,,5.0,,,,,,,5.0,5.0,0.0,0,0.125,1
SEC_1031,2022-11-28,Short Term,,,,,,3.0,,,3.0,3.0,0.0,0,0.125,1
SEC_1031,2023-04-21,Bond Rating,,,,,2.0,,,,2.0,2.0,0.0,0,0.125,1
SEC_1031,2023-05-03,Bond Rating,,,,,4.0,,,,4.0,4.0,0.0,0,0.125,1
SEC_1031,2023-09-08,Bond Rating,,,,,3.0,,,,3.0,3.0,0.0,0,0.125,1
SEC_1031,2023-12-17,Bond Rating,,,,8.0,,,,,8.0,8.0,0.0,0,0.125,1
SEC_1031,2024-10-02,Issuer Rating,6.0,,,,,,,,6.0,6.0,0.0,0,0.125,1
SEC_1031,2024-11-06,Bond Rating,,,,,3.0,,,,3.0,3.0,0.0,0,0.125,1
SEC_1031,2024-11-15,Bond Rating,,8.0,,,,,,,8.0,8.0,0.0,0,0.125,1
SEC_1031,2025-01-12,Bond Rating,,,,,1.0,,,,1.0,1.0,0.0,0,0.125,1
SEC_1031,2025-03-11,Bond Rating,,,,,4.0,,,,4.0,4.0,0.0,0,0.125,1
SEC_1032,2021-01-01,Issuer Rating,2.0,,,,,,1.0,,1.0,2.0,1.0,0,0.25,2
SEC_1032,2021-01-01,Long Term,,,,,5.0,,,,5.0,5.0,0.0,0,0.125,1
SEC_1032,2021-01-01,Short Term,,,3.0,,,3.0,,,3.0,3.0,0.0,0,0.25,2
SEC_1032,2021-02-24,Issuer Rating,6.0,,,,,,,,6.0,6.0,0.0,0,0.125,1
SEC_1032,2021-04-21,Issuer Rating,,,,,,,3.0,,3.0,3.0,0.0,0,0.125,1
SEC_1032,2021-06-18,Short Term,,,,,,3.0,,,3.0,3.0,0.0,0,0.125,1
SEC_1032,2021-07-30,Long Term,,,,,6.0,,,,6.0,6.0,0.0,0,0.125,1
SEC_1032,2021-08-17,Issuer Rating,1.0,,,,,,,,1.0,1.0,0.0,0,0.125,1
SEC_1032,2021-08-20,Short Term,,,,,,5.0,,,5.0,5.0,0.0,0,0.125,1
SEC_1032,2021-08-23,Issuer Rating,,,,,,,1.0,,1.0,1.0,0.0,0,0.125,1
SEC_1032,2021-09-13,Issuer Rating,3.0,,,,,,,,3.0,3.0,0.0,0,0.125,1
SEC_1032,2021-09-29,Long Term,,,,,4.0,,,,4.0,4.0,0.0,0,0.125,1
SEC_1032,2021-09-30,Issuer Rating,6.0,,,,,,,,6.0,6.0,0.0,0,0.125,1
SEC_1032,2021-10-06,Short Term,,,2.0,,,,,,2.0,2.0,0.0,0,0.125,1
SEC_1032,2021-10-25,Long Term,,,,,1.0,,,,1.0,1.0,0.0,0,0.125,1
SEC_1032,2021-12-01,Short Term,,,3.0,,,,,,3.0,3.0,0.0,0,0.125,1
SEC_1032,2022-02-01,Short Term,,,2.0,,,,,,2.0,2.0,0.0,0,0.125,1
SEC_1032,2022-02-04,Issuer Rating,,,,,,,5.0,,5.0,5.0,0.0,0,0.125,1
SEC_1032,2022-02-07,Short Term,,,9.0,,,,,,9.0,9.0,0.0,0,0.125,1
SEC_1032,2022-03-01,Long Term,,,,,3.0,,,,3.0,3.0,0.0,0,0.125,1
SEC_1032,2022-04-02,Short Term,,,1.0,,,,,,1.0,1.0,0.0,0,0.125,1
SEC_1032,2022-04-16,Issuer Rating,6.0,,,,,,,,6.0,6.0,0.0,0,0.125,1
SEC_1032,2022-04-29,Long Term,,,,,1.0,,,,1.0,1.0,0.0,0,0.125,1
SEC_1032,2022-05-02,Short Term,,,,,,7.0,,,7.0,7.0,0.0,0,0.125,1
SEC_1032,2022-05-16,Issuer Rating,,,,,,,2.0,,2.0,2.0,0.0,0,0.125,1
SEC_1032,2022-05-16,Long Term,,,,,3.0,,,,3.0,3.0,0.0,0,0.125,1
SEC_1032,2022-09-09,Issuer Rating,3.0,,,,,,,,3.0,3.0,0.0,0,0.125,1
SEC_1032,2022-10-18,Short Term,,,,,,7.0,,,7.0,7.0,0.0,0,0.125,1
SEC_1032,2022-10-23,Long Term,,,,,5.0,,,,5.0,5.0,0.0,0,0.125,1
SEC_1032,2022-12-06,Long Term,,,,,6.0,,,,6.0,6.0,0.0,0,0.125,1
SEC_1032,2022-12-30,Short Term,,,,,,2.0,,,2.0,2.0,0.0,0,0.125,1
SEC_1032,2023-11-07,Short Term,,,5.0,,,,,,5.0,5.0,0.0,0,0.125,1
SEC_1032,2024-02-10,Issuer Rating,,,,,,,0.0,,0.0,0.0,0.0,0,0.125,1
SEC_1032,2024-03-22,Issuer Rating,,,,,,,7.0,,7.0,7.0,0.0,0,0.125,1
SEC_1032,2024-09-06,Long Term,,,,,5.0,,,,5.0,5.0,0.0,0,0.125,1
SEC_1032,2025-06-09,Issuer Rating,6.0,,,,,,,,6.0,6.0,0.0,0,0.125,1
SEC_1033,2021-01-01,Bond Rating,,,,,0.0,,,,0.0,0.0,0.0,0,0.125,1
SEC_1033,2021-01-01,Issuer Rating,,,,,,,,6.0,6.0,6.0,0.0,0,0.125,1
SEC_1033,2021-01-01,Short Term,,,1.0,,,,,,1.0,1.0,0.0,0,0.125,1
SEC_1033,2021-05-23,Bond Rating,,,,,4.0,,,,4.0,4.0,0.0,0,0.125,1
SEC_1033,2021-07-24,Issuer Rating,,,,,,,,4.0,4.0,4.0,0.0,0,0.125,1
SEC_1033,2021-07-30,Short Term,,,6.0,,,,,,6.0,6.0,0.0,0,0.125,1
SEC_1033,2021-08-07,Short Term,,,1.0,,,,,,1.0,1.0,0.0,0,0.125,1
SEC_1033,2021-10-16,Issuer Rating,,,,,,,,1.0,1.0,1.0,0.0,0,0.125,1
SEC_1033,2021-11-07,Bond Rating,,,,,4.0,,,,4.0,4.0,0.0,0,0.125,1
SEC_1033,2022-01-23,Issuer Rating,,,,,,,,1.0,1.0,1.0,0.0,0,0.125,1
SEC_1033,2022-02-01,Short Term,,,5.0,,,,,,5.0,5.0,0.0,0,0.125,1
SEC_1033,2022-03-01,Issuer Rating,,,,,,,,0.0,0.0,0.0,0.0,0,0.125,1
SEC_1033,2022-03-07,Bond Rating,,,,,5.0,,,,5.0,5.0,0.0,0,0.125,1
SEC_1033,2022-05-06,Short Term,,,9.0,,,,,,9.0,9.0,0.0,0,0.125,1
SEC_1033,2022-05-20,Bond Rating,,,,,2.0,,,,2.0,2.0,0.0,0,0.125,1
SEC_1033,2022-05-23,Bond Rating,,,,,7.0,,,,7.0,7.0,0.0,0,0.125,1
SEC_1033,2022-05-26,Short Term,,,9.0,,,,,,9.0,9.0,0.0,0,0.125,1
SEC_1033,2022-07-08,Bond Rating,,,,,6.0,,,,6.0,6.0,0.0,0,0.125,1
SEC_1033,2022-08-12,Bond Rating,,,,,0.0,,,,0.0,0.0,0.0,0,0.125,1
SEC_1033,2022-08-15,Short Term,,,9.0,,,,,,9.0,9.0,0.0,0,0.125,1
SEC_1033,2023-02-03,Short Term,,,4.0,,,,,,4.0,4.0,0.0,0,0.125,1
SEC_1033,2023-06-08,Short Term,,,2.0,,,,,,2.0,2.0,0.0,0,0.125,1
SEC_1033,2023-08-03,Short Term,,,1.0,,,,,,1.0,1.0,0.0,0,0.125,1
SEC_1033,2023-11-23,Short Term,,,4.0,,,,,,4.0,4.0,0.0,0,0.125,1
SEC_1033,2024-12-27,Short Term,,,9.0,,,,,,9.0,9.0,0.0,0,0.125,1
SEC_1033,2025-06-09,Short Term,,,1.0,,,,,,1.0,1.0,0.0,0,0.125,1
SEC_1033,2025-09-13,Short Term,,,6.0,,,,,,6.0,6.0,0.0,0,0.125,1
SEC_1034,2021-01-01,Bond Rating,,,,,,2.0,,,2.0,2.0,0.0,0,0.125,1
SEC_1034,2021-01-01,Issuer Rating,,3.0,,,,,,,3.0,3.0,0.0,0,0.125,1
SEC_1034,2021-01-01,Long Term,,,,,2.0,,,,2.0,2.0,0.0,0,0.125,1
SEC_1034,2021-04-19,Long Term,,,,,5.0,,,,5.0,5.0,0.0,0,0.125,1
SEC_1034,2021-04-22,Bond Rating,,,,,,3.0,,,3.0,3.0,0.0,0,0.125,1
SEC_1034,2021-06-27,Issuer Rating,,4.0,,,,,,,4.0,4.0,0.0,0,0.125,1
SEC_1034,2021-08-15,Issuer Rating,,1.0,,,,,,,1.0,1.0,0.0,0,0.125,1
SEC_1034,2021-11-19,Long Term,,,,,1.0,,,,1.0,1.0,0.0,0,0.125,1
SEC_1034,2022-01-21,Issuer Rating,,2.0,,,,,,,2.0,2.0,0.0,0,0.125,1
SEC_1034,2022-03-07,Long Term,,,,,3.0,,,,3.0,3.0,0.0,0,0.125,1
SEC_1034,2022-04-17,Long Term,,,,,8.0,,,,8.0,8.0,0.0,0,0.125,1
SEC_1034,2022-05-04,Long Term,,,,,9.0,,,,9.0,9.0,0.0,0,0.125,1
SEC_1034,2022-05-05,Issuer Rating,,5.0,,,,,,,5.0,5.0,0.0,0,0.125,1
SEC_1034,2022-05-12,Bond Rating,,,,,,7.0,,,7.0,7.0,0.0,0,0.125,1
SEC_1034,2022-09-09,Issuer Rating,,1.0,,,,,,,1.0,1.0,0.0,0,0.125,1
SEC_1034,2022-12-01,Bond Rating,,,,,,2.0,,,2.0,2.0,0.0,0,0.125,1
SEC_1034,2023-01-23,Issuer Rating,,9.0,,,,,,,9.0,9.0,0.0,0,0.125,1
SEC_1034,2023-07-08,Bond Rating,,,,,,3.0,,,3.0,3.0,0.0,0,0.125,1
SEC_1034,2023-07-14,Long Term,,,,,3.0,,,,3.0,3.0,0.0,0,0.125,1
SEC_1034,2024-03-26,Bond Rating,,,,,,1.0,,,1.0,1.0,0.0,0,0.125,1
SEC_1034,2024-03-26,Issuer Rating,,3.0,,,,,,,3.0,3.0,0.0,0,0.125,1
SEC_1034,2024-03-31,Bond Rating,,,,,,1.0,,,1.0,1.0,0.0,0,0.125,1
SEC_1034,2024-09-27,Bond Rating,,,,,,4.0,,,4.0,4.0,0.0,0,0.125,1
SEC_1034,2025-01-22,Long Term,,,,,3.0,,,,3.0,3.0,0.0,0,0.125,1
SEC_1034,2025-04-22,Issuer Rating,,1.0,,,,,,,1.0,1.0,0.0,0,0.125,1
SEC_1034,2025-07-06,Issuer Rating,,3.0,,,,,,,3.0,3.0,0.0,0,0.125,1
SEC_1035,2021-01-01,Issuer Rating,1.0,,,,,,,,1.0,1.0,0.0,0,0.125,1
SEC_1035,2021-01-01,Long Term,,,,,,0.0,,,0.0,0.0,0.0,0,0.125,1
SEC_1035,2021-01-01,Short Term,,1.0,4.0,3.0,,,4.0,4.0,1.0,4.0,3.0,1,0.625,5
SEC_1035,2021-03-03,Short Term,,,2.0,,,,,,2.0,2.0,0.0,0,0.125,1
SEC_1035,2021-03-06,Issuer Rating,5.0,,,,,,,,5.0,5.0,0.0,0,0.125,1
SEC_1035,2021-03-08,Short Term,,,,,,,5.0,,5.0,5.0,0.0,0,0.125,1
SEC_1035,2021-03-25,Short Term,,,,8.0,,,,,8.0,8.0,0.0,0,0.125,1
SEC_1035,2021-04-08,Short Term,,,,,,,,2.0,2.0,2.0,0.0,0,0.125,1
SEC_1035,2021-04-09,Long Term,,,,,,4.0,,,4.0,4.0,0.0,0,0.125,1
SEC_1035,2021-05-01,Short Term,,5.0,,,,,,,5.0,5.0,0.0,0,0.125,1
SEC_1035,2021-05-11,Short Term,,,5.0,,,,,,5.0,5.0,0.0,0,0.125,1
SEC_1035,2021-06-30,Long Term,,,,,,8.0,,,8.0,8.0,0.0,0,0.125,1
SEC_1035,2021-07-30,Short Term,,,9.0,,,,,,9.0,9.0,0.0,0,0.125,1
SEC_1035,2021-08-25,Issuer Rating,0.0,,,,,,,,0.0,0.0,0.0,0,0.125,1
SEC_1035,2021-08-31,Short Term,,,,,,,8.0,,8.0,8.0,0.0,0,0.125,1
SEC_1035,2021-10-04,Short Term,,,,,,,4.0,,4.0,4.0,0.0,0,0.125,1
SEC_1035,2021-11-29,Short Term,,,,,,,,1.0,1.0,1.0,0.0,0,0.125,1
SEC_1035,2021-12-03,Short Term,,,,,,,,0.0,0.0,0.0,0.0,0,0.125,1
SEC_1035,2021-12-27,Short Term,,,,3.0,,,,,3.0,3.0,0.0,0,0.125,1
SEC_1035,2022-03-27,Short Term,,,,,,,,3.0,3.0,3.0,0.0,0,0.125,1
SEC_1035,2022-04-10,Long Term,,,,,,8.0,,,8.0,8.0,0.0,0,0.125,1
SEC_1035,2022-04-15,Long Term,,,,,,9.0,,,9.0,9.0,0.0,0,0.125,1
SEC_1035,2022-04-29,Short Term,,,,3.0,,,,,3.0,3.0,0.0,0,0.125,1
SEC_1035,2022-05-20,Short Term,,,7.0,,,,,,7.0,7.0,0.0,0,0.125,1
SEC_1035,2022-05-26,Short Term,,,,,,,,4.0,4.0,4.0,0.0,0,0.125,1
SEC_1035,2022-06-09,Issuer Rating,2.0,,,,,,,,2.0,2.0,0.0,0,0.125,1
SEC_1035,2022-06-29,Short Term,,2.0,3.0,,,,,,2.0,3.0,1.0,0,0.25,2
SEC_1035,2022-07-01,Short Term,,,,5.0,,,,,5.0,5.0,0.0,0,0.125,1
SEC_1035,2022-07-25,Long Term,,,,,,4.0,,,4.0,4.0,0.0,0,0.125,1
SEC_1035,2022-08-10,Short Term,,9.0,,,,,,,9.0,9.0,0.0,0,0.125,1
SEC_1035,2022-08-19,Short Term,,1.0,,,,,,,1.0,1.0,0.0,0,0.125,1
SEC_1035,2022-09-08,Long Term,,,,,,6.0,,,6.0,6.0,0.0,0,0.125,1
SEC_1035,2022-09-11,Short Term,,,3.0,,,,,,3.0,3.0,0.0,0,0.125,1
SEC_1035,2022-10-31,Short Term,,,,,,,,1.0,1.0,1.0,0.0,0,0.125,1
SEC_1035,2022-11-28,Short Term,,4.0,,,,,,,4.0,4.0,0.0,0,0.125,1
SEC_1035,2022-12-16,Short Term,,3.0,,,,,,,3.0,3.0,0.0,0,0.125,1
SEC_1035,2023-03-22,Issuer Rating,7.0,,,,,,,,7.0,7.0,0.0,0,0.125,1
SEC_1035,2023-03-25,Issuer Rating,0.0,,,,,,,,0.0,0.0,0.0,0,0.125,1
SEC_1035,2023-05-11,Short Term,,,,,,,4.0,,4.0,4.0,0.0,0,0.125,1
SEC_1035,2023-06-02,Issuer Rating,0.0,,,,,,,,0.0,0.0,0.0,0,0.125,1
SEC_1035,2023-06-24,Issuer Rating,9.0,,,,,,,,9.0,9.0,0.0,0,0.125,1
SEC_1035,2023-08-25,Issuer Rating,5.0,,,,,,,,5.0,5.0,0.0,0,0.125,1
SEC_1035,2023-08-25,Short Term,,,1.0,,,,,,1.0,1.0,0.0,0,0.125,1
SEC_1035,2023-09-24,Short Term,,8.0,,,,,,,8.0,8.0,0.0,0,0.125,1
SEC_1035,2023-09-30,Long Term,,,,,,8.0,,,8.0,8.0,0.0,0,0.125,1
SEC_1035,2023-11-22,Short Term,,2.0,,,,,,,2.0,2.0,0.0,0,0.125,1
SEC_1035,2024-01-14,Short Term,,,,7.0,,,,,7.0,7.0,0.0,0,0.125,1
SEC_1035,2024-03-01,Short Term,,,6.0,,,,,,6.0,6.0,0.0,0,0.125,1
SEC_1035,2024-03-06,Short Term,,,7.0,,,,,,7.0,7.0,0.0,0,0.125,1
SEC_1035,2024-04-09,Short Term,,,,8.0,,,,,8.0,8.0,0.0,0,0.125,1
SEC_1035,2024-04-25,Short Term,,,3.0,,,,,,3.0,3.0,0.0,0,0.125,1
SEC_1035,2024-08-16,Short Term,,,2.0,,,,,,2.0,2.0,0.0,0,0.125,1
SEC_1035,2024-09-30,Short Term,,2.0,,,,,,,2.0,2.0,0.0,0,0.125,1
SEC_1035,2024-10-18,Issuer Rating,8.0,,,,,,,,8.0,8.0,0.0,0,0.125,1
SEC_1035,2024-12-16,Short Term,,,,,,,2.0,,2.0,2.0,0.0,0,0.125,1
SEC_1035,2025-04-26,Short Term,,,,2.0,,,,,2.0,2.0,0.0,0,0.125,1
SEC_1035,2025-08-15,Short Term,,,,4.0,,,,,4.0,4.0,0.0,0,0.125,1
SEC_1036,2021-01-01,Bond Rating,,4.0,,,,,,,4.0,4.0,0.0,0,0.125,1
SEC_1036,2021-01-01,Issuer Rating,,,2.0,1.0,3.0,,,,1.0,3.0,2.0,1,0.375,3
SEC_1036,2021-01-01,Long Term,,,,,,,,4.0,4.0,4.0,0.0,0,0.125,1
SEC_1036,2021-04-19,Issuer Rating,,,7.0,,,,,,7.0,7.0,0.0,0,0.125,1
SEC_1036,2021-06-07,Issuer Rating,,,7.0,,,,,,7.0,7.0,0.0,0,0.125,1
SEC_1036,2021-07-08,Long Term,,,,,,,,0.0,0.0,0.0,0.0,0,0.125,1
SEC_1036,2021-07-20,Issuer Rating,,,4.0,,,,,,4.0,4.0,0.0,0,0.125,1
SEC_1036,2021-08-17,Issuer Rating,,,,,5.0,,,,5.0,5.0,0.0,0,0.125,1
SEC_1036,2021-08-17,Long Term,,,,,,,,1.0,1.0,1.0,0.0,0,0.125,1
SEC_1036,2021-08-24,Bond Rating,,2.0,,,,,,,2.0,2.0,0.0,0,0.125,1
SEC_1036,2021-08-25,Issuer Rating,,,,4.0,3.0,,,,3.0,4.0,1.0,0,0.25,2
SEC_1036,2021-10-04,Long Term,,,,,,,,3.0,3.0,3.0,0.0,0,0.125,1
SEC_1036,2021-12-03,Bond Rating,,1.0,,,,,,,1.0,1.0,0.0,0,0.125,1
SEC_1036,2021-12-13,Issuer Rating,,,,3.0,,,,,3.0,3.0,0.0,0,0.125,1
SEC_1036,2021-12-19,Issuer Rating,,,,,1.0,,,,1.0,1.0,0.0,0,0.125,1
SEC_1036,2022-03-24,Issuer Rating,,,,0.0,,,,,0.0,0.0,0.0,0,0.125,1
SEC_1036,2022-04-08,Issuer Rating,,,,,1.0,,,,1.0,1.0,0.0,0,0.125,1
SEC_1036,2022-05-04,Issuer Rating,,,,6.0,,,,,6.0,6.0,0.0,0,0.125,1
SEC_1036,2022-05-05,Long Term,,,,,,,,4.0,4.0,4.0,0.0,0,0.125,1
SEC_1036,2022-05-20,Issuer Rating,,,,,5.0,,,,5.0,5.0,0.0,0,0.125,1
SEC_1036,2022-06-13,Issuer Rating,,,0.0,,,,,,0.0,0.0,0.0,0,0.125,1
SEC_1036,2022-07-07,Bond Rating,,5.0,,,,,,,5.0,5.0,0.0,0,0.125,1
SEC_1036,2022-08-12,Bond Rating,,5.0,,,,,,,5.0,5.0,0.0,0,0.125,1
SEC_1036,2023-04-06,Bond Rating,,9.0,,,,,,,9.0,9.0,0.0,0,0.125,1
SEC_1036,2023-05-26,Issuer Rating,,,,,9.0,,,,9.0,9.0,0.0,0,0.125,1
SEC_1036,2023-06-25,Bond Rating,,3.0,,,,,,,3.0,3.0,0.0,0,0.125,1
SEC_1036,2023-06-26,Long Term,,,,,,,,3.0,3.0,3.0,0.0,0,0.125,1
SEC_1036,2023-09-24,Bond Rating,,5.0,,,,,,,5.0,5.0,0.0,0,0.125,1
SEC_1036,2023-10-06,Long Term,,,,,,,,1.0,1.0,1.0,0.0,0,0.125,1
SEC_1036,2024-04-05,Long Term,,,,,,,,4.0,4.0,4.0,0.0,0,0.125,1
SEC_1036,2024-05-05,Bond Rating,,6.0,,,,,,,6.0,6.0,0.0,0,0.125,1
SEC_1036,2025-03-11,Bond Rating,,0.0,,,,,,,0.0,0.0,0.0,0,0.125,1
SEC_1036,2025-06-21,Bond Rating,,3.0,,,,,,,3.0,3.0,0.0,0,0.125,1
SEC_1037,2021-01-01,Bond Rating,,,7.0,,,,,,7.0,7.0,0.0,0,0.125,1
SEC_1037,2021-01-01,Issuer Rating,,,,,,,4.0,5.0,4.0,5.0,1.0,0,0.25,2
SEC_1037,2021-01-01,Long Term,,2.0,,,,,,,2.0,2.0,0.0,0,0.125,1
SEC_1037,2021-01-01,Short Term,7.0,,,4.0,,,,,4.0,7.0,3.0,1,0.25,2
SEC_1037,2021-02-19,Issuer Rating,,,,,,,,3.0,3.0,3.0,0.0,0,0.125,1
SEC_1037,2021-02-28,Issuer Rating,,,,,,,2.0,,2.0,2.0,0.0,0,0.125,1
SEC_1037,2021-03-16,Short Term,,,,3.0,,,,,3.0,3.0,0.0,0,0.125,1
SEC_1037,2021-03-25,Short Term,,,,6.0,,,,,6.0,6.0,0.0,0,0.125,1
SEC_1037,2021-04-02,Short Term,2.0,,,,,,,,2.0,2.0,0.0,0,0.125,1
SEC_1037,2021-04-07,Issuer Rating,,,,,,,,5.0,5.0,5.0,0.0,0,0.125,1
SEC_1037,2021-06-21,Long Term,,3.0,,,,,,,3.0,3.0,0.0,0,0.125,1
SEC_1037,2021-07-08,Bond Rating,,,1.0,,,,,,1.0,1.0,0.0,0,0.125,1
SEC_1037,2021-08-25,Long Term,,1.0,,,,,,,1.0,1.0,0.0,0,0.125,1
SEC_1037,2021-08-31,Issuer Rating,,,,,,,3.0,,3.0,3.0,0.0,0,0.125,1
SEC_1037,2021-09-22,Short Term,,,,3.0,,,,,3.0,3.0,0.0,0,0.125,1
SEC_1037,2021-10-04,Issuer Rating,,,,,,,,1.0,1.0,1.0,0.0,0,0.125,1
SEC_1037,2022-03-22,Issuer Rating,,,,,,,,4.0,4.0,4.0,0.0,0,0.125,1
SEC_1037,2022-04-06,Long Term,,2.0,,,,,,,2.0,2.0,0.0,0,0.125,1
SEC_1037,2022-04-11,Issuer Rating,,,,,,,1.0,,1.0,1.0,0.0,0,0.125,1
SEC_1037,2022-04-12,Long Term,,0.0,,,,,,,0.0,0.0,0.0,0,0.125,1
SEC_1037,2022-04-18,Bond Rating,,,6.0,,,,,,6.0,6.0,0.0,0,0.125,1
SEC_1037,2022-05-11,Bond Rating,,,3.0,,,,,,3.0,3.0,0.0,0,0.125,1
SEC_1037,2022-05-16,Issuer Rating,,,,,,,,1.0,1.0,1.0,0.0,0,0.125,1
SEC_1037,2022-06-21,Short Term,1.0,,,,,,,,1.0,1.0,0.0,0,0.125,1
SEC_1037,2022-08-09,Short Term,1.0,,,,,,,,1.0,1.0,0.0,0,0.125,1
SEC_1037,2022-09-08,Short Term,,,,4.0,,,,,4.0,4.0,0.0,0,0.125,1
SEC_1037,2023-01-18,Issuer Rating,,,,,,,2.0,,2.0,2.0,0.0,0,0.125,1
SEC_1037,2023-01-21,Long Term,,1.0,,,,,,,1.0,1.0,0.0,0,0.125,1
SEC_1037,2023-01-27,Long Term,,2.0,,,,,,,2.0,2.0,0.0,0,0.125,1
SEC_1037,2023-05-31,Short Term,,,,1.0,,,,,1.0,1.0,0.0,0,0.125,1
SEC_1037,2023-09-04,Issuer Rating,,,,,,,1.0,,1.0,1.0,0.0,0,0.125,1
SEC_1037,2023-09-30,Short Term,,,,4.0,,,,,4.0,4.0,0.0,0,0.125,1
SEC_1037,2023-10-02,Short Term,0.0,,,,,,,,0.0,0.0,0.0,0,0.125,1
SEC_1037,2023-10-08,Short Term,5.0,,,,,,,,5.0,5.0,0.0,0,0.125,1
SEC_1037,2023-12-01,Short Term,,,,1.0,,,,,1.0,1.0,0.0,0,0.125,1
SEC_1037,2024-01-22,Bond Rating,,,2.0,,,,,,2.0,2.0,0.0,0,0.125,1
SEC_1037,2024-02-19,Long Term,,2.0,,,,,,,2.0,2.0,0.0,0,0.125,1
SEC_1037,2024-04-05,Bond Rating,,,1.0,,,,,,1.0,1.0,0.0,0,0.125,1
SEC_1037,2024-04-07,Long Term,,5.0,,,,,,,5.0,5.0,0.0,0,0.125,1
SEC_1037,2025-07-03,Issuer Rating,,,,,,,3.0,,3.0,3.0,0.0,0,0.125,1
SEC_1037,2025-07-11,Short Term,,,,6.0,,,,,6.0,6.0,0.0,0,0.125,1
SEC_1037,2025-11-24,Short Term,1.0,,,,,,,,1.0,1.0,0.0,0,0.125,1
SEC_1038,2021-01-01,Bond Rating,,4.0,,,,,,,4.0,4.0,0.0,0,0.125,1
SEC_1038,2021-01-01,Issuer Rating,,,,,,,,9.0,9.0,9.0,0.0,0,0.125,1
SEC_1038,2021-01-01,Long Term,,,,,,9.0,,,9.0,9.0,0.0,0,0.125,1
SEC_1038,2021-04-26,Issuer Rating,,,,,,,,2.0,2.0,2.0,0.0,0,0.125,1
SEC_1038,2021-06-10,Issuer Rating,,,,,,,,6.0,6.0,6.0,0.0,0,0.125,1
SEC_1038,2021-07-20,Long Term,,,,,,1.0,,,1.0,1.0,0.0,0,0.125,1
SEC_1038,2021-07-26,Long Term,,,,,,4.0,,,4.0,4.0,0.0,0,0.125,1
SEC_1038,2021-07-31,Bond Rating,,2.0,,,,,,,2.0,2.0,0.0,0,0.125,1
SEC_1038,2021-10-14,Issuer Rating,,,,,,,,7.0,7.0,7.0,0.0,0,0.125,1
SEC_1038,2021-12-27,Bond Rating,,3.0,,,,,,,3.0,3.0,0.0,0,0.125,1
SEC_1038,2022-02-15,Bond Rating,,4.0,,,,,,,4.0,4.0,0.0,0,0.125,1
SEC_1038,2022-07-01,Long Term,,,,,,6.0,,,6.0,6.0,0.0,0,0.125,1
SEC_1038,2022-09-29,Issuer Rating,,,,,,,,5.0,5.0,5.0,0.0,0,0.125,1
SEC_1038,2022-10-03,Long Term,,,,,,4.0,,,4.0,4.0,0.0,0,0.125,1
SEC_1038,2022-11-27,Long Term,,,,,,1.0,,,1.0,1.0,0.0,0,0.125,1
SEC_1038,2022-12-13,Long Term,,,,,,1.0,,,1.0,1.0,0.0,0,0.125,1
SEC_1038,2023-02-08,Bond Rating,,5.0,,,,,,,5.0,5.0,0.0,0,0.125,1
SEC_1038,2023-08-19,Long Term,,,,,,4.0,,,4.0,4.0,0.0,0,0.125,1
SEC_1038,2024-02-15,Issuer Rating,,,,,,,,4.0,4.0,4.0,0.0,0,0.125,1
SEC_1038,2024-06-26,Long Term,,,,,,2.0,,,2.0,2.0,0.0,0,0.125,1
SEC_1038,2024-09-18,Issuer Rating,,,,,,,,3.0,3.0,3.0,0.0,0,0.125,1
SEC_1038,2024-11-11,Bond Rating,,4.0,,,,,,,4.0,4.0,0.0,0,0.125,1
SEC_1038,2025-03-21,Long Term,,,,,,2.0,,,2.0,2.0,0.0,0,0.125,1
SEC_1039,2021-01-01,Long Term,,,2.0,8.0,,,,,2.0,8.0,6.0,1,0.25,2
SEC_1039,2021-01-01,Short Term,,,,,3.0,,,,3.0,3.0,0.0,0,0.125,1
SEC_1039,2021-04-15,Long Term,,,,4.0,,,,,4.0,4.0,0.0,0,0.125,1
SEC_1039,2021-06-10,Long Term,,,4.0,,,,,,4.0,4.0,0.0,0,0.125,1
SEC_1039,2021-06-15,Long Term,,,4.0,,,,,,4.0,4.0,0.0,0,0.125,1
SEC_1039,2021-09-01,Short Term,,,,,8.0,,,,8.0,8.0,0.0,0,0.125,1
SEC_1039,2021-09-22,Long Term,,,,3.0,,,,,3.0,3.0,0.0,0,0.125,1
SEC_1039,2021-10-18,Long Term,,,3.0,,,,,,3.0,3.0,0.0,0,0.125,1
SEC_1039,2021-11-21,Long Term,,,,3.0,,,,,3.0,3.0,0.0,0,0.125,1
SEC_1039,2022-04-11,Long Term,,,,2.0,,,,,2.0,2.0,0.0,0,0.125,1
SEC_1039,2022-04-22,Short Term,,,,,5.0,,,,5.0,5.0,0.0,0,0.125,1
SEC_1039,2022-05-29,Short Term,,,,,8.0,,,,8.0,8.0,0.0,0,0.125,1
SEC_1039,2022-06-03,Long Term,,,1.0,,,,,,1.0,1.0,0.0,0,0.125,1
SEC_1039,2022-07-19,Short Term,,,,,0.0,,,,0.0,0.0,0.0,0,0.125,1
SEC_1039,2022-12-18,Long Term,,,3.0,,,,,,3.0,3.0,0.0,0,0.125,1
SEC_1039,2023-04-25,Long Term,,,,3.0,,,,,3.0,3.0,0.0,0,0.125,1
SEC_1039,2024-11-29,Long Term,,,6.0,,,,,,6.0,6.0,0.0,0,0.125,1
SEC_1040,2021-01-01,Bond Rating,5.0,,,,,1.0,1.0,,1.0,5.0,4.0,1,0.375,3
SEC_1040,2021-01-01,Issuer Rating,,,,2.0,,,,,2.0,2.0,0.0,0,0.125,1
SEC_1040,2021-01-01,Long Term,,,,,2.0,,,2.0,2.0,2.0,0.0,0,0.25,2
SEC_1040,2021-01-01,Short Term,,3.0,,,,,,,3.0,3.0,0.0,0,0.125,1
SEC_1040,2021-05-03,Short Term,,3.0,,,,,,,3.0,3.0,0.0,0,0.125,1
SEC_1040,2021-05-07,Long Term,,,,,4.0,,,,4.0,4.0,0.0,0,0.125,1
SEC_1040,2021-05-17,Short Term,,7.0,,,,,,,7.0,7.0,0.0,0,0.125,1
SEC_1040,2021-05-22,Bond Rating,7.0,,,,,,,,7.0,7.0,0.0,0,0.125,1
SEC_1040,2021-06-04,Issuer Rating,,,,8.0,,,,,8.0,8.0,0.0,0,0.125,1
SEC_1040,2021-06-10,Bond Rating,,,,,,,4.0,,4.0,4.0,0.0,0,0.125,1
SEC_1040,2021-07-08,Bond Rating,3.0,,,,,,,,3.0,3.0,0.0,0,0.125,1
SEC_1040,2021-08-08,Long Term,,,,,3.0,,,,3.0,3.0,0.0,0,0.125,1
SEC_1040,2021-08-29,Long Term,,,,,,,,1.0,1.0,1.0,0.0,0,0.125,1
SEC_1040,2021-09-01,Bond Rating,,,,,,5.0,,,5.0,5.0,0.0,0,0.125,1
SEC_1040,2021-09-18,Short Term,,2.0,,,,,,,2.0,2.0,0.0,0,0.125,1
SEC_1040,2021-09-21,Long Term,,,,,,,,7.0,7.0,7.0,0.0,0,0.125,1
SEC_1040,2021-10-06,Issuer Rating,,,,1.0,,,,,1.0,1.0,0.0,0,0.125,1
SEC_1040,2021-10-08,Bond Rating,,,,,,8.0,,,8.0,8.0,0.0,0,0.125,1
SEC_1040,2021-10-10,Bond Rating,9.0,,,,,,,,9.0,9.0,0.0,0,0.125,1
SEC_1040,2022-02-10,Bond Rating,1.0,,,,,,,,1.0,1.0,0.0,0,0.125,1
SEC_1040,2022-03-29,Bond Rating,,,,,,1.0,,,1.0,1.0,0.0,0,0.125,1
SEC_1040,2022-04-08,Short Term,,4.0,,,,,,,4.0,4.0,0.0,0,0.125,1
SEC_1040,2022-04-11,Long Term,,,,,,,,3.0,3.0,3.0,0.0,0,0.125,1
SEC_1040,2022-04-22,Issuer Rating,,,,3.0,,,,,3.0,3.0,0.0,0,0.125,1
SEC_1040,2022-04-26,Short Term,,4.0,,,,,,,4.0,4.0,0.0,0,0.125,1
SEC_1040,2022-05-06,Bond Rating,,,,,,3.0,,,3.0,3.0,0.0,0,0.125,1
SEC_1040,2022-06-15,Issuer Rating,,,,5.0,,,,,5.0,5.0,0.0,0,0.125,1
SEC_1040,2022-06-21,Long Term,,,,,,,,3.0,3.0,3.0,0.0,0,0.125,1
SEC_1040,2022-07-04,Bond Rating,3.0,,,,,,,,3.0,3.0,0.0,0,0.125,1
SEC_1040,2022-07-05,Bond Rating,,,,,,,1.0,,1.0,1.0,0.0,0,0.125,1
SEC_1040,2022-07-21,Long Term,,,,,2.0,,,,2.0,2.0,0.0,0,0.125,1
SEC_1040,2022-07-30,Short Term,,1.0,,,,,,,1.0,1.0,0.0,0,0.125,1
SEC_1040,2022-08-14,Bond Rating,6.0,,,,,,,,6.0,6.0,0.0,0,0.125,1
SEC_1040,2022-08-30,Bond Rating,,,,,,3.0,,,3.0,3.0,0.0,0,0.125,1
SEC_1040,2022-09-17,Long Term,,,,,3.0,,,,3.0,3.0,0.0,0,0.125,1
SEC_1040,2022-11-07,Issuer Rating,,,,3.0,,,,,3.0,3.0,0.0,0,0.125,1
SEC_1040,2022-11-22,Bond Rating,8.0,,,,,,,,8.0,8.0,0.0,0,0.125,1
SEC_1040,2022-12-10,Long Term,,,,,,,,5.0,5.0,5.0,0.0,0,0.125,1
SEC_1040,2022-12-13,Bond Rating,,,,,,,2.0,,2.0,2.0,0.0,0,0.125,1
SEC_1040,2023-01-15,Issuer Rating,,,,1.0,,,,,1.0,1.0,0.0,0,0.125,1
SEC_1040,2023-02-15,Bond Rating,,,,,,3.0,,,3.0,3.0,0.0,0,0.125,1
SEC_1040,2023-07-06,Bond Rating,,,,,,,3.0,,3.0,3.0,0.0,0,0.125,1
SEC_1040,2023-08-04,Bond Rating,5.0,,,,,,,,5.0,5.0,0.0,0,0.125,1
SEC_1040,2023-10-30,Issuer Rating,,,,2.0,,,,,2.0,2.0,0.0,0,0.125,1
SEC_1040,2023-11-07,Long Term,,,,,,,,4.0,4.0,4.0,0.0,0,0.125,1
SEC_1040,2023-12-07,Bond Rating,,,,,,,2.0,,2.0,2.0,0.0,0,0.125,1
SEC_1040,2024-01-31,Short Term,,2.0,,,,,,,2.0,2.0,0.0,0,0.125,1
SEC_1040,2024-03-22,Bond Rating,4.0,,,,,,,,4.0,4.0,0.0,0,0.125,1
SEC_1040,2024-09-27,Short Term,,1.0,,,,,,,1.0,1.0,0.0,0,0.125,1
SEC_1040,2024-11-11,Bond Rating,,,,,,,1.0,,1.0,1.0,0.0,0,0.125,1
SEC_1040,2025-02-21,Issuer Rating,,,,2.0,,,,,2.0,2.0,0.0,0,0.125,1
SEC_1040,2025-02-21,Short Term,,8.0,,,,,,,8.0,8.0,0.0,0,0.125,1
SEC_1040,2025-04-18,Bond Rating,4.0,,,,,,,,4.0,4.0,0.0,0,0.125,1
SEC_1041,2021-01-01,Issuer Rating,3.0,,,,,,4.0,4.0,3.0,4.0,1.0,0,0.375,3
SEC_1041,2021-01-01,Long Term,,,6.0,,,,,,6.0,6.0,0.0,0,0.125,1
SEC_1041,2021-02-01,Long Term,,,8.0,,,,,,8.0,8.0,0.0,0,0.125,1
SEC_1041,2021-03-24,Issuer Rating,,,,,,,,0.0,0.0,0.0,0.0,0,0.125,1
SEC_1041,2021-03-26,Long Term,,,8.0,,,,,,8.0,8.0,0.0,0,0.125,1
SEC_1041,2021-04-01,Issuer Rating,,,,,,,,4.0,4.0,4.0,0.0,0,0.125,1
SEC_1041,2021-05-17,Issuer Rating,,,,,,,3.0,,3.0,3.0,0.0,0,0.125,1
SEC_1041,2021-05-23,Issuer Rating,,,,,,,9.0,,9.0,9.0,0.0,0,0.125,1
SEC_1041,2021-09-06,Issuer Rating,4.0,,,,,,,,4.0,4.0,0.0,0,0.125,1
SEC_1041,2021-11-29,Issuer Rating,,,,,,,,5.0,5.0,5.0,0.0,0,0.125,1
SEC_1041,2022-02-11,Issuer Rating,3.0,,,,,,,,3.0,3.0,0.0,0,0.125,1
SEC_1041,2022-05-08,Long Term,,,8.0,,,,,,8.0,8.0,0.0,0,0.125,1
SEC_1041,2022-05-20,Issuer Rating,,,,,,,2.0,,2.0,2.0,0.0,0,0.125,1
SEC_1041,2022-05-26,Issuer Rating,,,,,,,2.0,,2.0,2.0,0.0,0,0.125,1
SEC_1041,2022-08-12,Long Term,,,7.0,,,,,,7.0,7.0,0.0,0,0.125,1
SEC_1041,2022-09-28,Issuer Rating,,,,,,,,6.0,6.0,6.0,0.0,0,0.125,1
SEC_1041,2023-01-09,Long Term,,,6.0,,,,,,6.0,6.0,0.0,0,0.125,1
SEC_1041,2023-01-21,Long Term,,,5.0,,,,,,5.0,5.0,0.0,0,0.125,1
SEC_1041,2023-03-12,Issuer Rating,,,,,,,7.0,,7.0,7.0,0.0,0,0.125,1
SEC_1041,2023-05-15,Issuer Rating,4.0,,,,,,,,4.0,4.0,0.0,0,0.125,1
SEC_1041,2023-05-30,Issuer Rating,5.0,,,,,,,,5.0,5.0,0.0,0,0.125,1
SEC_1041,2023-07-07,Issuer Rating,,,,,,,2.0,,2.0,2.0,0.0,0,0.125,1
SEC_1041,2023-10-22,Issuer Rating,,,,,,,,4.0,4.0,4.0,0.0,0,0.125,1
SEC_1041,2024-03-06,Long Term,,,5.0,,,,,,5.0,5.0,0.0,0,0.125,1
SEC_1041,2024-03-29,Issuer Rating,,,,,,,,0.0,0.0,0.0,0.0,0,0.125,1
SEC_1041,2024-06-04,Issuer Rating,,,,,,,3.0,,3.0,3.0,0.0,0,0.125,1
SEC_1041,2025-01-30,Long Term,,,4.0,,,,,,4.0,4.0,0.0,0,0.125,1
SEC_1041,2025-10-31,Issuer Rating,,,,,,,,5.0,5.0,5.0,0.0,0,0.125,1
SEC_1041,2025-11-04,Issuer Rating,,,,,,,9.0,,9.0,9.0,0.0,0,0.125,1
SEC_1042,2021-01-01,Bond Rating,,,,,,,4.0,,4.0,4.0,0.0,0,0.125,1
SEC_1042,2021-01-01,Long Term,,,,7.0,,,,3.0,3.0,7.0,4.0,1,0.25,2
SEC_1042,2021-03-12,Long Term,,,,,,,,9.0,9.0,9.0,0.0,0,0.125,1
SEC_1042,2021-06-24,Long Term,,,,7.0,,,,,7.0,7.0,0.0,0,0.125,1
SEC_1042,2021-07-05,Long Term,,,,,,,,7.0,7.0,7.0,0.0,0,0.125,1
SEC_1042,2021-07-13,Long Term,,,,4.0,,,,,4.0,4.0,0.0,0,0.125,1
SEC_1042,2021-08-17,Long Term,,,,,,,,1.0,1.0,1.0,0.0,0,0.125,1
SEC_1042,2021-08-26,Bond Rating,,,,,,,8.0,,8.0,8.0,0.0,0,0.125,1
SEC_1042,2021-09-28,Bond Rating,,,,,,,1.0,,1.0,1.0,0.0,0,0.125,1
SEC_1042,2021-11-29,Bond Rating,,,,,,,5.0,,5.0,5.0,0.0,0,0.125,1
SEC_1042,2021-12-02,Long Term,,,,,,,,2.0,2.0,2.0,0.0,0,0.125,1
SEC_1042,2022-02-07,Long Term,,,,1.0,,,,,1.0,1.0,0.0,0,0.125,1
SEC_1042,2022-07-15,Long Term,,,,1.0,,,,,1.0,1.0,0.0,0,0.125,1
SEC_1042,2022-10-02,Bond Rating,,,,,,,4.0,,4.0,4.0,0.0,0,0.125,1
SEC_1042,2022-10-02,Long Term,,,,,,,,2.0,2.0,2.0,0.0,0,0.125,1
SEC_1042,2022-11-16,Bond Rating,,,,,,,4.0,,4.0,4.0,0.0,0,0.125,1
SEC_1042,2024-01-10,Long Term,,,,5.0,,,,,5.0,5.0,0.0,0,0.125,1
SEC_1042,2025-01-31,Long Term,,,,0.0,,,,,0.0,0.0,0.0,0,0.125,1
SEC_1042,2025-05-22,Long Term,,,,3.0,,,,,3.0,3.0,0.0,0,0.125,1
SEC_1043,2021-01-01,Bond Rating,,,,2.0,,,,,2.0,2.0,0.0,0,0.125,1
SEC_1043,2021-01-01,Long Term,,,,,,2.0,3.0,,2.0,3.0,1.0,0,0.25,2
SEC_1043,2021-01-01,Short Term,,9.0,1.0,,,,,,1.0,9.0,8.0,1,0.25,2
SEC_1043,2021-03-27,Long Term,,,,,,4.0,,,4.0,4.0,0.0,0,0.125,1
SEC_1043,2021-04-10,Bond Rating,,,,7.0,,,,,7.0,7.0,0.0,0,0.125,1
SEC_1043,2021-05-05,Long Term,,,,,,0.0,,,0.0,0.0,0.0,0,0.125,1
SEC_1043,2021-05-13,Long Term,,,,,,,5.0,,5.0,5.0,0.0,0,0.125,1
SEC_1043,2021-07-01,Short Term,,2.0,,,,,,,2.0,2.0,0.0,0,0.125,1
SEC_1043,2021-07-07,Short Term,,,1.0,,,,,,1.0,1.0,0.0,0,0.125,1
SEC_1043,2021-07-27,Long Term,,,,,,,2.0,,2.0,2.0,0.0,0,0.125,1
SEC_1043,2021-09-22,Long Term,,,,,,6.0,,,6.0,6.0,0.0,0,0.125,1
SEC_1043,2021-10-10,Bond Rating,,,,4.0,,,,,4.0,4.0,0.0,0,0.125,1
SEC_1043,2021-12-21,Long Term,,,,,,4.0,,,4.0,4.0,0.0,0,0.125,1
SEC_1043,2021-12-23,Short Term,,,7.0,,,,,,7.0,7.0,0.0,0,0.125,1
SEC_1043,2021-12-27,Bond Rating,,,,8.0,,,,,8.0,8.0,0.0,0,0.125,1
SEC_1043,2022-01-18,Long Term,,,,,,,4.0,,4.0,4.0,0.0,0,0.125,1
SEC_1043,2022-03-03,Short Term,,5.0,,,,,,,5.0,5.0,0.0,0,0.125,1
SEC_1043,2022-03-12,Short Term,,,0.0,,,,,,0.0,0.0,0.0,0,0.125,1
SEC_1043,2022-03-25,Short Term,,6.0,,,,,,,6.0,6.0,0.0,0,0.125,1
SEC_1043,2022-03-29,Long Term,,,,,,3.0,,,3.0,3.0,0.0,0,0.125,1
SEC_1043,2022-04-29,Bond Rating,,,,8.0,,,,,8.0,8.0,0.0,0,0.125,1
SEC_1043,2022-07-15,Long Term,,,,,,,0.0,,0.0,0.0,0.0,0,0.125,1
SEC_1043,2022-11-02,Short Term,,4.0,,,,,,,4.0,4.0,0.0,0,0.125,1
SEC_1043,2022-12-14,Bond Rating,,,,1.0,,,,,1.0,1.0,0.0,0,0.125,1
SEC_1043,2023-02-08,Short Term,,4.0,,,,,,,4.0,4.0,0.0,0,0.125,1
SEC_1043,2023-07-18,Short Term,,6.0,,,,,,,6.0,6.0,0.0,0,0.125,1
SEC_1043,2023-08-11,Long Term,,,,,,4.0,,,4.0,4.0,0.0,0,0.125,1
SEC_1043,2023-08-18,Long Term,,,,,,4.0,,,4.0,4.0,0.0,0,0.125,1
SEC_1043,2023-10-22,Long Term,,,,,,,4.0,,4.0,4.0,0.0,0,0.125,1
SEC_1043,2023-12-17,Bond Rating,,,,1.0,,,,,1.0,1.0,0.0,0,0.125,1
SEC_1043,2023-12-22,Long Term,,,,,,9.0,,,9.0,9.0,0.0,0,0.125,1
SEC_1043,2024-02-03,Short Term,,,5.0,,,,,,5.0,5.0,0.0,0,0.125,1
SEC_1043,2024-03-29,Short Term,,1.0,,,,,,,1.0,1.0,0.0,0,0.125,1
SEC_1043,2024-04-30,Bond Rating,,,,3.0,,,,,3.0,3.0,0.0,0,0.125,1
SEC_1043,2024-05-09,Short Term,,1.0,,,,,,,1.0,1.0,0.0,0,0.125,1
SEC_1043,2024-06-20,Long Term,,,,,,,3.0,,3.0,3.0,0.0,0,0.125,1
SEC_1043,2024-08-29,Bond Rating,,,,7.0,,,,,7.0,7.0,0.0,0,0.125,1
SEC_1043,2024-10-22,Long Term,,,,,,,3.0,,3.0,3.0,0.0,0,0.125,1
SEC_1043,2025-07-25,Long Term,,,,,,,2.0,,2.0,2.0,0.0,0,0.125,1
SEC_1044,2021-01-01,Bond Rating,,1.0,,,,,,,1.0,1.0,0.0,0,0.125,1
SEC_1044,2021-01-01,Long Term,,,,,1.0,,,,1.0,1.0,0.0,0,0.125,1
SEC_1044,2021-01-01,Short Term,,,5.0,,,,,,5.0,5.0,0.0,0,0.125,1
SEC_1044,2021-02-13,Short Term,,,5.0,,,,,,5.0,5.0,0.0,0,0.125,1
SEC_1044,2021-03-26,Bond Rating,,2.0,,,,,,,2.0,2.0,0.0,0,0.125,1
SEC_1044,2021-05-27,Long Term,,,,,3.0,,,,3.0,3.0,0.0,0,0.125,1
SEC_1044,2021-06-01,Long Term,,,,,6.0,,,,6.0,6.0,0.0,0,0.125,1
SEC_1044,2021-07-12,Bond Rating,,4.0,,,,,,,4.0,4.0,0.0,0,0.125,1
SEC_1044,2021-07-22,Short Term,,,5.0,,,,,,5.0,5.0,0.0,0,0.125,1
SEC_1044,2021-08-08,Bond Rating,,5.0,,,,,,,5.0,5.0,0.0,0,0.125,1
SEC_1044,2021-10-06,Bond Rating,,5.0,,,,,,,5.0,5.0,0.0,0,0.125,1
SEC_1044,2021-11-03,Short Term,,,2.0,,,,,,2.0,2.0,0.0,0,0.125,1
SEC_1044,2021-11-13,Long Term,,,,,0.0,,,,0.0,0.0,0.0,0,0.125,1
SEC_1044,2022-03-17,Short Term,,,5.0,,,,,,5.0,5.0,0.0,0,0.125,1
SEC_1044,2022-03-22,Short Term,,,2.0,,,,,,2.0,2.0,0.0,0,0.125,1
SEC_1044,2022-06-07,Long Term,,,,,2.0,,,,2.0,2.0,0.0,0,0.125,1
SEC_1044,2023-06-14,Short Term,,,7.0,,,,,,7.0,7.0,0.0,0,0.125,1
SEC_1044,2024-01-02,Short Term,,,1.0,,,,,,1.0,1.0,0.0,0,0.125,1
SEC_1044,2024-09-02,Bond Rating,,4.0,,,,,,,4.0,4.0,0.0,0,0.125,1
SEC_1044,2024-09-18,Short Term,,,7.0,,,,,,7.0,7.0,0.0,0,0.125,1
SEC_1044,2025-09-19,Short Term,,,1.0,,,,,,1.0,1.0,0.0,0,0.125,1
SEC_1045,2021-01-01,Issuer Rating,2.0,,,,,,,,2.0,2.0,0.0,0,0.125,1
SEC_1045,2021-01-01,Long Term,,,,,3.0,3.0,,6.0,3.0,6.0,3.0,1,0.375,3
SEC_1045,2021-01-01,Short Term,,,6.0,,,,,,6.0,6.0,0.0,0,0.125,1
SEC_1045,2021-02-24,Long Term,,,,,,,,3.0,3.0,3.0,0.0,0,0.125,1
SEC_1045,2021-04-16,Long Term,,,,,5.0,,,,5.0,5.0,0.0,0,0.125,1
SEC_1045,2021-05-22,Issuer Rating,1.0,,,,,,,,1.0,1.0,0.0,0,0.125,1
SEC_1045,2021-06-04,Long Term,,,,,,6.0,,,6.0,6.0,0.0,0,0.125,1
SEC_1045,2021-08-05,Long Term,,,,,,,,5.0,5.0,5.0,0.0,0,0.125,1
SEC_1045,2021-09-07,Short Term,,,6.0,,,,,,6.0,6.0,0.0,0,0.125,1
SEC_1045,2021-09-13,Issuer Rating,0.0,,,,,,,,0.0,0.0,0.0,0,0.125,1
SEC_1045,2021-09-28,Issuer Rating,4.0,,,,,,,,4.0,4.0,0.0,0,0.125,1
SEC_1045,2021-11-17,Long Term,,,,,,,,4.0,4.0,4.0,0.0,0,0.125,1
SEC_1045,2021-12-23,Long Term,,,,,,1.0,,,1.0,1.0,0.0,0,0.125,1
SEC_1045,2022-01-05,Long Term,,,,,,,,3.0,3.0,3.0,0.0,0,0.125,1
SEC_1045,2022-01-11,Issuer Rating,1.0,,,,,,,,1.0,1.0,0.0,0,0.125,1
SEC_1045,2022-03-03,Long Term,,,,,3.0,,,,3.0,3.0,0.0,0,0.125,1
SEC_1045,2022-03-15,Short Term,,,1.0,,,,,,1.0,1.0,0.0,0,0.125,1
SEC_1045,2022-03-21,Short Term,,,1.0,,,,,,1.0,1.0,0.0,0,0.125,1
SEC_1045,2022-04-16,Long Term,,,,,,,,3.0,3.0,3.0,0.0,0,0.125,1
SEC_1045,2022-05-24,Long Term,,,,,8.0,,,,8.0,8.0,0.0,0,0.125,1
SEC_1045,2022-06-03,Long Term,,,,,,8.0,,,8.0,8.0,0.0,0,0.125,1
SEC_1045,2022-08-12,Long Term,,,,,5.0,,,,5.0,5.0,0.0,0,0.125,1
SEC_1045,2022-11-10,Long Term,,,,,,2.0,,,2.0,2.0,0.0,0,0.125,1
SEC_1045,2022-12-27,Long Term,,,,,,,,6.0,6.0,6.0,0.0,0,0.125,1
SEC_1045,2023-02-10,Long Term,,,,,5.0,,,,5.0,5.0,0.0,0,0.125,1
SEC_1045,2023-03-10,Short Term,,,1.0,,,,,,1.0,1.0,0.0,0,0.125,1
SEC_1045,2023-06-16,Long Term,,,,,,,,4.0,4.0,4.0,0.0,0,0.125,1
SEC_1045,2023-07-14,Long Term,,,,,9.0,,,,9.0,9.0,0.0,0,0.125,1
SEC_1045,2023-08-31,Issuer Rating,2.0,,,,,,,,2.0,2.0,0.0,0,0.125,1
SEC_1045,2023-09-28,Long Term,,,,,,4.0,,,4.0,4.0,0.0,0,0.125,1
SEC_1045,2023-09-28,Short Term,,,3.0,,,,,,3.0,3.0,0.0,0,0.125,1
SEC_1045,2023-11-24,Long Term,,,,,,5.0,,,5.0,5.0,0.0,0,0.125,1
SEC_1045,2023-12-11,Issuer Rating,6.0,,,,,,,,6.0,6.0,0.0,0,0.125,1
SEC_1045,2023-12-17,Long Term,,,,,,2.0,,,2.0,2.0,0.0,0,0.125,1
SEC_1045,2024-01-02,Long Term,,,,,,1.0,,,1.0,1.0,0.0,0,0.125,1
SEC_1045,2024-01-04,Long Term,,,,,,2.0,,,2.0,2.0,0.0,0,0.125,1
SEC_1045,2024-02-27,Short Term,,,3.0,,,,,,3.0,3.0,0.0,0,0.125,1
SEC_1045,2024-09-12,Long Term,,,,,,8.0,,,8.0,8.0,0.0,0,0.125,1
SEC_1045,2024-10-07,Long Term,,,,,,3.0,,,3.0,3.0,0.0,0,0.125,1
SEC_1045,2025-03-11,Long Term,,,,,,,,3.0,3.0,3.0,0.0,0,0.125,1
SEC_1046,2021-01-01,Bond Rating,,,3.0,,,,,,3.0,3.0,0.0,0,0.125,1
SEC_1046,2021-01-01,Short Term,,,,4.0,1.0,,8.0,,1.0,8.0,7.0,1,0.375,3
SEC_1046,2021-03-05,Short Term,,,,4.0,,,,,4.0,4.0,0.0,0,0.125,1
SEC_1046,2021-04-11,Bond Rating,,,4.0,,,,,,4.0,4.0,0.0,0,0.125,1
SEC_1046,2021-04-19,Short Term,,,,,3.0,,,,3.0,3.0,0.0,0,0.125,1
SEC_1046,2021-06-03,Short Term,,,,5.0,,,,,5.0,5.0,0.0,0,0.125,1
SEC_1046,2021-06-14,Short Term,,,,,4.0,,,,4.0,4.0,0.0,0,0.125,1
SEC_1046,2021-08-05,Short Term,,,,,,,6.0,,6.0,6.0,0.0,0,0.125,1
SEC_1046,2021-09-17,Short Term,,,,,2.0,,,,2.0,2.0,0.0,0,0.125,1
SEC_1046,2021-10-04,Short Term,,,,,3.0,,,,3.0,3.0,0.0,0,0.125,1
SEC_1046,2021-12-02,Short Term,,,,2.0,,,,,2.0,2.0,0.0,0,0.125,1
SEC_1046,2021-12-03,Bond Rating,,,2.0,,,,,,2.0,2.0,0.0,0,0.125,1
SEC_1046,2022-02-23,Bond Rating,,,2.0,,,,,,2.0,2.0,0.0,0,0.125,1
SEC_1046,2022-02-25,Short Term,,,,,,,4.0,,4.0,4.0,0.0,0,0.125,1
SEC_1046,2022-05-16,Short Term,,,,1.0,,,,,1.0,1.0,0.0,0,0.125,1
SEC_1046,2022-08-06,Short Term,,,,,,,4.0,,4.0,4.0,0.0,0,0.125,1
SEC_1046,2022-08-08,Short Term,,,,,5.0,,,,5.0,5.0,0.0,0,0.125,1
SEC_1046,2022-11-04,Bond Rating,,,5.0,,,,,,5.0,5.0,0.0,0,0.125,1
SEC_1046,2022-11-07,Bond Rating,,,2.0,,,,,,2.0,2.0,0.0,0,0.125,1
SEC_1046,2023-03-16,Short Term,,,,,,,6.0,,6.0,6.0,0.0,0,0.125,1
SEC_1046,2023-08-11,Short Term,,,,,6.0,,,,6.0,6.0,0.0,0,0.125,1
SEC_1046,2023-10-26,Bond Rating,,,5.0,,,,,,5.0,5.0,0.0,0,0.125,1
SEC_1046,2023-11-07,Short Term,,,,9.0,,,,,9.0,9.0,0.0,0,0.125,1
SEC_1046,2023-11-17,Short Term,,,,,2.0,,,,2.0,2.0,0.0,0,0.125,1
SEC_1046,2024-08-16,Short Term,,,,,5.0,,,,5.0,5.0,0.0,0,0.125,1
SEC_1046,2024-09-13,Bond Rating,,,1.0,,,,,,1.0,1.0,0.0,0,0.125,1
SEC_1046,2024-11-16,Short Term,,,,,4.0,,,,4.0,4.0,0.0,0,0.125,1
SEC_1047,2021-01-01,Issuer Rating,2.0,,,4.0,,,,,2.0,4.0,2.0,1,0.25,2
SEC_1047,2021-01-01,Long Term,,1.0,3.0,,,,,1.0,1.0,3.0,2.0,1,0.375,3
SEC_1047,2021-01-01,Short Term,,,,,,5.0,,,5.0,5.0,0.0,0,0.125,1
SEC_1047,2021-02-11,Long Term,,3.0,,,,,,,3.0,3.0,0.0,0,0.125,1
SEC_1047,2021-05-06,Issuer Rating,3.0,,,,,,,,3.0,3.0,0.0,0,0.125,1
SEC_1047,2021-05-18,Long Term,,,,,,,,9.0,9.0,9.0,0.0,0,0.125,1
SEC_1047,2021-06-09,Long Term,,,1.0,,,,,,1.0,1.0,0.0,0,0.125,1
SEC_1047,2021-06-15,Long Term,,,2.0,,,,,,2.0,2.0,0.0,0,0.125,1
SEC_1047,2021-06-25,Short Term,,,,,,5.0,,,5.0,5.0,0.0,0,0.125,1
SEC_1047,2021-07-14,Issuer Rating,,,,1.0,,,,,1.0,1.0,0.0,0,0.125,1
SEC_1047,2021-07-24,Long Term,,4.0,,,,,,,4.0,4.0,0.0,0,0.125,1
SEC_1047,2021-08-01,Issuer Rating,,,,3.0,,,,,3.0,3.0,0.0,0,0.125,1
SEC_1047,2021-08-02,Issuer Rating,5.0,,,,,,,,5.0,5.0,0.0,0,0.125,1
SEC_1047,2021-09-13,Short Term,,,,,,5.0,,,5.0,5.0,0.0,0,0.125,1
SEC_1047,2021-09-18,Short Term,,,,,,4.0,,,4.0,4.0,0.0,0,0.125,1
SEC_1047,2021-12-07,Long Term,,1.0,,,,,,,1.0,1.0,0.0,0,0.125,1
SEC_1047,2021-12-13,Long Term,,,6.0,,,,,,6.0,6.0,0.0,0,0.125,1
SEC_1047,2022-01-05,Long Term,,2.0,,,,,,,2.0,2.0,0.0,0,0.125,1
SEC_1047,2022-01-18,Short Term,,,,,,4.0,,,4.0,4.0,0.0,0,0.125,1
SEC_1047,2022-02-05,Long Term,,,,,,,,4.0,4.0,4.0,0.0,0,0.125,1
SEC_1047,2022-04-14,Long Term,,,0.0,,,,,,0.0,0.0,0.0,0,0.125,1
SEC_1047,2022-05-01,Issuer Rating,,,,9.0,,,,,9.0,9.0,0.0,0,0.125,1
SEC_1047,2022-05-12,Issuer Rating,,,,2.0,,,,,2.0,2.0,0.0,0,0.125,1
SEC_1047,2022-05-14,Issuer Rating,,,,3.0,,,,,3.0,3.0,0.0,0,0.125,1
SEC_1047,2022-05-24,Issuer Rating,4.0,,,,,,,,4.0,4.0,0.0,0,0.125,1
SEC_1047,2022-06-22,Short Term,,,,,,2.0,,,2.0,2.0,0.0,0,0.125,1
SEC_1047,2022-09-01,Long Term,,,3.0,,,,,,3.0,3.0,0.0,0,0.125,1
SEC_1047,2022-11-04,Long Term,,,,,,,,4.0,4.0,4.0,0.0,0,0.125,1
SEC_1047,2022-11-22,Long Term,,3.0,,,,,,,3.0,3.0,0.0,0,0.125,1
SEC_1047,2023-01-15,Long Term,,,7.0,,,,,,7.0,7.0,0.0,0,0.125,1
SEC_1047,2023-04-03,Long Term,,,4.0,,,,,,4.0,4.0,0.0,0,0.125,1
SEC_1047,2023-06-16,Long Term,,,,,,,,3.0,3.0,3.0,0.0,0,0.125,1
SEC_1047,2023-07-08,Long Term,,1.0,,,,,,,1.0,1.0,0.0,0,0.125,1
SEC_1047,2023-07-26,Short Term,,,,,,6.0,,,6.0,6.0,0.0,0,0.125,1
SEC_1047,2023-10-18,Long Term,,6.0,,,,,,,6.0,6.0,0.0,0,0.125,1
SEC_1047,2023-11-22,Long Term,,,,,,,,1.0,1.0,1.0,0.0,0,0.125,1
SEC_1047,2024-01-06,Issuer Rating,6.0,,,,,,,,6.0,6.0,0.0,0,0.125,1
SEC_1047,2024-02-03,Issuer Rating,,,,1.0,,,,,1.0,1.0,0.0,0,0.125,1
SEC_1047,2024-08-09,Long Term,,5.0,,,,,,,5.0,5.0,0.0,0,0.125,1
SEC_1047,2024-08-23,Issuer Rating,8.0,,,,,,,,8.0,8.0,0.0,0,0.125,1
SEC_1047,2025-03-07,Issuer Rating,,,,9.0,,,,,9.0,9.0,0.0,0,0.125,1
SEC_1047,2025-03-25,Short Term,,,,,,8.0,,,8.0,8.0,0.0,0,0.125,1
SEC_1047,2025-09-19,Short Term,,,,,,0.0,,,0.0,0.0,0.0,0,0.125,1
SEC_1047,2025-11-14,Long Term,,,4.0,,,,,,4.0,4.0,0.0,0,0.125,1
SEC_1047,2025-11-20,Long Term,,5.0,,,,,,,5.0,5.0,0.0,0,0.125,1
SEC_1048,2021-01-01,Issuer Rating,,,,3.0,,,1.0,,1.0,3.0,2.0,1,0.25,2
SEC_1048,2021-01-01,Long Term,5.0,3.0,,,,4.0,,5.0,3.0,5.0,2.0,1,0.5,4
SEC_1048,2021-01-01,Short Term,,,,,4.0,,,,4.0,4.0,0.0,0,0.125,1
SEC_1048,2021-02-19,Long Term,,9.0,,,,,,,9.0,9.0,0.0,0,0.125,1
SEC_1048,2021-03-14,Issuer Rating,,,,,,,5.0,,5.0,5.0,0.0,0,0.125,1
SEC_1048,2021-03-23,Issuer Rating,,,,5.0,,,,,5.0,5.0,0.0,0,0.125,1
SEC_1048,2021-03-25,Short Term,,,,,4.0,,,,4.0,4.0,0.0,0,0.125,1
SEC_1048,2021-03-30,Long Term,4.0,,,,,,,,4.0,4.0,0.0,0,0.125,1
SEC_1048,2021-04-13,Long Term,,,,,,2.0,,,2.0,2.0,0.0,0,0.125,1
SEC_1048,2021-04-15,Issuer Rating,,,,,,,7.0,,7.0,7.0,0.0,0,0.125,1
SEC_1048,2021-06-16,Short Term,,,,,6.0,,,,6.0,6.0,0.0,0,0.125,1
SEC_1048,2021-07-20,Long Term,,2.0,,,,,,,2.0,2.0,0.0,0,0.125,1
SEC_1048,2021-08-08,Long Term,,,,,,,,3.0,3.0,3.0,0.0,0,0.125,1
SEC_1048,2021-08-17,Long Term,5.0,,,,,,,,5.0,5.0,0.0,0,0.125,1
SEC_1048,2021-09-17,Short Term,,,,,6.0,,,,6.0,6.0,0.0,0,0.125,1
SEC_1048,2021-10-13,Issuer Rating,,,,,,,4.0,,4.0,4.0,0.0,0,0.125,1
SEC_1048,2021-10-20,Long Term,1.0,,,,,,,,1.0,1.0,0.0,0,0.125,1
SEC_1048,2021-11-27,Issuer Rating,,,,,,,9.0,,9.0,9.0,0.0,0,0.125,1
SEC_1048,2022-01-20,Short Term,,,,,5.0,,,,5.0,5.0,0.0,0,0.125,1
SEC_1048,2022-01-29,Long Term,,,,,,4.0,,,4.0,4.0,0.0,0,0.125,1
SEC_1048,2022-02-05,Issuer Rating,,,,2.0,,,,,2.0,2.0,0.0,0,0.125,1
SEC_1048,2022-03-09,Long Term,,,,,,9.0,,,9.0,9.0,0.0,0,0.125,1
SEC_1048,2022-03-27,Issuer Rating,,,,6.0,,,,,6.0,6.0,0.0,0,0.125,1
SEC_1048,2022-03-30,Issuer Rating,,,,,,,4.0,,4.0,4.0,0.0,0,0.125,1
SEC_1048,2022-05-02,Long Term,,,,,,,,3.0,3.0,3.0,0.0,0,0.125,1
SEC_1048,2022-05-12,Long Term,,,,,,,,1.0,1.0,1.0,0.0,0,0.125,1
SEC_1048,2022-05-20,Long Term,0.0,,,,,,,,0.0,0.0,0.0,0,0.125,1
SEC_1048,2022-05-28,Issuer Rating,,,,,,,7.0,,7.0,7.0,0.0,0,0.125,1
SEC_1048,2022-06-23,Long Term,,2.0,,,,,,,2.0,2.0,0.0,0,0.125,1
SEC_1048,2022-07-04,Issuer Rating,,,,2.0,,,,,2.0,2.0,0.0,0,0.125,1
SEC_1048,2022-07-15,Long Term,,,,,,,,1.0,1.0,1.0,0.0,0,0.125,1
SEC_1048,2022-08-02,Long Term,,,,,,9.0,,,9.0,9.0,0.0,0,0.125,1
SEC_1048,2022-08-08,Issuer Rating,,,,4.0,,,,,4.0,4.0,0.0,0,0.125,1
SEC_1048,2022-08-18,Long Term,5.0,,,,,,,,5.0,5.0,0.0,0,0.125,1
SEC_1048,2022-11-08,Issuer Rating,,,,4.0,,,,,4.0,4.0,0.0,0,0.125,1
SEC_1048,2023-02-02,Long Term,,4.0,,,,,,,4.0,4.0,0.0,0,0.125,1
SEC_1048,2023-03-02,Short Term,,,,,7.0,,,,7.0,7.0,0.0,0,0.125,1
SEC_1048,2023-03-10,Long Term,5.0,,,,,,,,5.0,5.0,0.0,0,0.125,1
SEC_1048,2023-03-12,Long Term,,,,,,4.0,,,4.0,4.0,0.0,0,0.125,1
SEC_1048,2023-06-08,Short Term,,,,,5.0,,,,5.0,5.0,0.0,0,0.125,1
SEC_1048,2023-06-11,Long Term,,5.0,,,,,,,5.0,5.0,0.0,0,0.125,1
SEC_1048,2023-09-04,Issuer Rating,,,,,,,4.0,,4.0,4.0,0.0,0,0.125,1
SEC_1048,2023-12-22,Long Term,,,,,,5.0,,,5.0,5.0,0.0,0,0.125,1
SEC_1048,2024-03-30,Long Term,,3.0,,,,,,,3.0,3.0,0.0,0,0.125,1
SEC_1048,2024-05-25,Long Term,,,,,,,,3.0,3.0,3.0,0.0,0,0.125,1
SEC_1048,2024-08-31,Short Term,,,,,2.0,,,,2.0,2.0,0.0,0,0.125,1
SEC_1048,2024-09-13,Issuer Rating,,,,,,,5.0,,5.0,5.0,0.0,0,0.125,1
SEC_1048,2024-12-21,Long Term,4.0,,,,,,,,4.0,4.0,0.0,0,0.125,1
SEC_1048,2025-03-01,Short Term,,,,,1.0,,,,1.0,1.0,0.0,0,0.125,1
SEC_1048,2025-05-23,Long Term,,,,,,3.0,,,3.0,3.0,0.0,0,0.125,1
SEC_1048,2025-07-15,Long Term,,,,,,,,0.0,0.0,0.0,0.0,0,0.125,1
SEC_1048,2025-12-19,Long Term,,7.0,,,,,,,7.0,7.0,0.0,0,0.125,1
SEC_1049,2021-01-01,Bond Rating,,,2.0,,,,,,2.0,2.0,0.0,0,0.125,1
SEC_1049,2021-01-01,Issuer Rating,,,,,,4.0,,,4.0,4.0,0.0,0,0.125,1
SEC_1049,2021-01-01,Long Term,2.0,,,,2.0,,,,2.0,2.0,0.0,0,0.25,2
SEC_1049,2021-01-01,Short Term,,4.0,,,,,,4.0,4.0,4.0,0.0,0,0.25,2
SEC_1049,2021-03-02,Short Term,,2.0,,,,,,,2.0,2.0,0.0,0,0.125,1
SEC_1049,2021-03-03,Short Term,,,,,,,,5.0,5.0,5.0,0.0,0,0.125,1
SEC_1049,2021-03-14,Long Term,,,,,7.0,,,,7.0,7.0,0.0,0,0.125,1
SEC_1049,2021-04-27,Long Term,,,,,3.0,,,,3.0,3.0,0.0,0,0.125,1
SEC_1049,2021-05-28,Issuer Rating,,,,,,2.0,,,2.0,2.0,0.0,0,0.125,1
SEC_1049,2021-07-04,Short Term,,,,,,,,2.0,2.0,2.0,0.0,0,0.125,1
SEC_1049,2021-07-30,Long Term,,,,,4.0,,,,4.0,4.0,0.0,0,0.125,1
SEC_1049,2021-08-04,Long Term,0.0,,,,,,,,0.0,0.0,0.0,0,0.125,1
SEC_1049,2021-08-17,Short Term,,,,,,,,1.0,1.0,1.0,0.0,0,0.125,1
SEC_1049,2021-08-21,Bond Rating,,,4.0,,,,,,4.0,4.0,0.0,0,0.125,1
SEC_1049,2021-09-05,Short Term,,1.0,,,,,,,1.0,1.0,0.0,0,0.125,1
SEC_1049,2021-09-06,Long Term,4.0,,,,,,,,4.0,4.0,0.0,0,0.125,1
SEC_1049,2021-10-10,Bond Rating,,,0.0,,,,,,0.0,0.0,0.0,0,0.125,1
SEC_1049,2021-10-19,Long Term,8.0,,,,,,,,8.0,8.0,0.0,0,0.125,1
SEC_1049,2021-10-25,Bond Rating,,,4.0,,,,,,4.0,4.0,0.0,0,0.125,1
SEC_1049,2021-12-07,Short Term,,,,,,,,3.0,3.0,3.0,0.0,0,0.125,1
SEC_1049,2021-12-17,Short Term,,,,,,,,6.0,6.0,6.0,0.0,0,0.125,1
SEC_1049,2022-02-18,Bond Rating,,,3.0,,,,,,3.0,3.0,0.0,0,0.125,1
SEC_1049,2022-07-05,Issuer Rating,,,,,,4.0,,,4.0,4.0,0.0,0,0.125,1
SEC_1049,2022-09-14,Short Term,,3.0,,,,,,,3.0,3.0,0.0,0,0.125,1
SEC_1049,2022-09-28,Long Term,1.0,,,,,,,,1.0,1.0,0.0,0,0.125,1
SEC_1049,2022-10-13,Bond Rating,,,8.0,,,,,,8.0,8.0,0.0,0,0.125,1
SEC_1049,2022-10-28,Short Term,,,,,,,,4.0,4.0,4.0,0.0,0,0.125,1
SEC_1049,2022-12-19,Long Term,,,,,7.0,,,,7.0,7.0,0.0,0,0.125,1
SEC_1049,2023-01-15,Bond Rating,,,2.0,,,,,,2.0,2.0,0.0,0,0.125,1
SEC_1049,2023-03-04,Long Term,,,,,3.0,,,,3.0,3.0,0.0,0,0.125,1
SEC_1049,2023-04-09,Issuer Rating,,,,,,0.0,,,0.0,0.0,0.0,0,0.125,1
SEC_1049,2023-04-16,Long Term,,,,,2.0,,,,2.0,2.0,0.0,0,0.125,1
SEC_1049,2023-05-23,Short Term,,1.0,,,,,,,1.0,1.0,0.0,0,0.125,1
SEC_1049,2023-06-20,Long Term,7.0,,,,,,,,7.0,7.0,0.0,0,0.125,1
SEC_1049,2023-07-06,Bond Rating,,,9.0,,,,,,9.0,9.0,0.0,0,0.125,1
SEC_1049,2023-08-25,Short Term,,,,,,,,4.0,4.0,4.0,0.0,0,0.125,1
SEC_1049,2023-11-23,Issuer Rating,,,,,,5.0,,,5.0,5.0,0.0,0,0.125,1
SEC_1049,2024-04-21,Issuer Rating,,,,,,8.0,,,8.0,8.0,0.0,0,0.125,1
SEC_1049,2024-12-06,Issuer Rating,,,,,,2.0,,,2.0,2.0,0.0,0,0.125,1
SEC_1049,2025-04-04,Long Term,,,,,0.0,,,,0.0,0.0,0.0,0,0.125,1
SEC_1049,2025-10-03,Long Term,,,,,1.0,,,,1.0,1.0,0.0,0,0.125,1
SEC_1050,2021-01-01,Issuer Rating,,,7.0,,,,,,7.0,7.0,0.0,0,0.125,1
SEC_1050,2021-01-01,Long Term,,,,5.0,,,9.0,,5.0,9.0,4.0,1,0.25,2
SEC_1050,2021-01-01,Short Term,,4.0,,,,9.0,,6.0,4.0,9.0,5.0,1,0.375,3
SEC_1050,2021-02-14,Long Term,,,,2.0,,,,,2.0,2.0,0.0,0,0.125,1
SEC_1050,2021-03-27,Short Term,,,,,,5.0,,,5.0,5.0,0.0,0,0.125,1
SEC_1050,2021-05-01,Long Term,,,,3.0,,,,,3.0,3.0,0.0,0,0.125,1
SEC_1050,2021-05-04,Short Term,,,,,,,,4.0,4.0,4.0,0.0,0,0.125,1
SEC_1050,2021-05-21,Short Term,,2.0,,,,,,,2.0,2.0,0.0,0,0.125,1
SEC_1050,2021-05-29,Long Term,,,,,,,7.0,,7.0,7.0,0.0,0,0.125,1
SEC_1050,2021-05-29,Short Term,,5.0,,,,,,,5.0,5.0,0.0,0,0.125,1
SEC_1050,2021-06-12,Issuer Rating,,,8.0,,,,,,8.0,8.0,0.0,0,0.125,1
SEC_1050,2021-06-12,Short Term,,,,,,,,8.0,8.0,8.0,0.0,0,0.125,1
SEC_1050,2021-08-01,Short Term,,9.0,,,,,,,9.0,9.0,0.0,0,0.125,1
SEC_1050,2021-08-06,Issuer Rating,,,5.0,,,,,,5.0,5.0,0.0,0,0.125,1
SEC_1050,2021-09-20,Long Term,,,,1.0,,,,,1.0,1.0,0.0,0,0.125,1
SEC_1050,2021-10-16,Short Term,,3.0,,,,,,,3.0,3.0,0.0,0,0.125,1
SEC_1050,2021-11-29,Short Term,,,,,,3.0,,,3.0,3.0,0.0,0,0.125,1
SEC_1050,2021-12-22,Long Term,,,,,,,3.0,,3.0,3.0,0.0,0,0.125,1
SEC_1050,2021-12-27,Issuer Rating,,,5.0,,,,,,5.0,5.0,0.0,0,0.125,1
SEC_1050,2022-01-16,Short Term,,,,,,,,3.0,3.0,3.0,0.0,0,0.125,1
SEC_1050,2022-01-24,Short Term,,,,,,5.0,,,5.0,5.0,0.0,0,0.125,1
SEC_1050,2022-02-05,Issuer Rating,,,2.0,,,,,,2.0,2.0,0.0,0,0.125,1
SEC_1050,2022-03-03,Long Term,,,,2.0,,,,,2.0,2.0,0.0,0,0.125,1
SEC_1050,2022-03-21,Short Term,,3.0,,,,,,,3.0,3.0,0.0,0,0.125,1
SEC_1050,2022-06-22,Long Term,,,,,,,2.0,,2.0,2.0,0.0,0,0.125,1
SEC_1050,2022-08-12,Long Term,,,,,,,4.0,,4.0,4.0,0.0,0,0.125,1
SEC_1050,2022-08-20,Short Term,,,,,,,,2.0,2.0,2.0,0.0,0,0.125,1
SEC_1050,2023-01-18,Short Term,,,,,,0.0,,,0.0,0.0,0.0,0,0.125,1
SEC_1050,2023-05-09,Short Term,,,,,,,,5.0,5.0,5.0,0.0,0,0.125,1
SEC_1050,2023-05-27,Issuer Rating,,,4.0,,,,,,4.0,4.0,0.0,0,0.125,1
SEC_1050,2023-09-04,Long Term,,,,,,,2.0,,2.0,2.0,0.0,0,0.125,1
SEC_1050,2023-10-18,Short Term,,,,,,,,4.0,4.0,4.0,0.0,0,0.125,1
SEC_1050,2023-11-07,Short Term,,1.0,,,,,,,1.0,1.0,0.0,0,0.125,1
SEC_1050,2023-12-01,Long Term,,,,,,,5.0,,5.0,5.0,0.0,0,0.125,1
SEC_1050,2024-03-31,Long Term,,,,5.0,,,,,5.0,5.0,0.0,0,0.125,1
SEC_1050,2024-10-06,Long Term,,,,7.0,,,,,7.0,7.0,0.0,0,0.125,1
SEC_1050,2024-10-22,Short Term,,,,,,1.0,,,1.0,1.0,0.0,0,0.125,1
SEC_1050,2025-08-08,Long Term,,,,,,,2.0,,2.0,2.0,0.0,0,0.125,1
SEC_1051,2021-01-01,Bond Rating,,4.0,,,,,,,4.0,4.0,0.0,0,0.125,1
SEC_1051,2021-01-01,Long Term,,,,,,2.0,,,2.0,2.0,0.0,0,0.125,1
SEC_1051,2021-01-01,Short Term,,,,,,,,5.0,5.0,5.0,0.0,0,0.125,1
SEC_1051,2021-04-28,Long Term,,,,,,9.0,,,9.0,9.0,0.0,0,0.125,1
SEC_1051,2021-08-17,Short Term,,,,,,,,3.0,3.0,3.0,0.0,0,0.125,1
SEC_1051,2021-09-03,Bond Rating,,3.0,,,,,,,3.0,3.0,0.0,0,0.125,1
SEC_1051,2021-09-23,Short Term,,,,,,,,3.0,3.0,3.0,0.0,0,0.125,1
SEC_1051,2021-10-10,Short Term,,,,,,,,2.0,2.0,2.0,0.0,0,0.125,1
SEC_1051,2021-10-13,Bond Rating,,7.0,,,,,,,7.0,7.0,0.0,0,0.125,1
SEC_1051,2021-11-13,Long Term,,,,,,6.0,,,6.0,6.0,0.0,0,0.125,1
SEC_1051,2022-01-30,Long Term,,,,,,9.0,,,9.0,9.0,0.0,0,0.125,1
SEC_1051,2022-02-01,Bond Rating,,1.0,,,,,,,1.0,1.0,0.0,0,0.125,1
SEC_1051,2022-02-25,Bond Rating,,0.0,,,,,,,0.0,0.0,0.0,0,0.125,1
SEC_1051,2022-03-21,Bond Rating,,9.0,,,,,,,9.0,9.0,0.0,0,0.125,1
SEC_1051,2022-04-11,Short Term,,,,,,,,4.0,4.0,4.0,0.0,0,0.125,1
SEC_1051,2022-08-21,Long Term,,,,,,2.0,,,2.0,2.0,0.0,0,0.125,1
SEC_1051,2022-12-22,Short Term,,,,,,,,9.0,9.0,9.0,0.0,0,0.125,1
SEC_1051,2022-12-31,Bond Rating,,9.0,,,,,,,9.0,9.0,0.0,0,0.125,1
SEC_1051,2023-03-27,Long Term,,,,,,3.0,,,3.0,3.0,0.0,0,0.125,1
SEC_1051,2023-06-09,Bond Rating,,1.0,,,,,,,1.0,1.0,0.0,0,0.125,1
SEC_1051,2024-01-28,Short Term,,,,,,,,4.0,4.0,4.0,0.0,0,0.125,1
SEC_1051,2024-10-27,Bond Rating,,6.0,,,,,,,6.0,6.0,0.0,0,0.125,1
SEC_1051,2025-04-26,Bond Rating,,6.0,,,,,,,6.0,6.0,0.0,0,0.125,1
SEC_1052,2021-01-01,Bond Rating,,,,,3.0,1.0,,3.0,1.0,3.0,2.0,1,0.375,3
SEC_1052,2021-01-01,Issuer Rating,2.0,,,,,,2.0,,2.0,2.0,0.0,0,0.25,2
SEC_1052,2021-01-01,Short Term,,3.0,7.0,,,,,,3.0,7.0,4.0,1,0.25,2
SEC_1052,2021-02-07,Bond Rating,,,,,,,,1.0,1.0,1.0,0.0,0,0.125,1
SEC_1052,2021-02-14,Short Term,,1.0,,,,,,,1.0,1.0,0.0,0,0.125,1
SEC_1052,2021-04-25,Issuer Rating,3.0,,,,,,,,3.0,3.0,0.0,0,0.125,1
SEC_1052,2021-04-25,Short Term,,4.0,,,,,,,4.0,4.0,0.0,0,0.125,1
SEC_1052,2021-05-07,Bond Rating,,,,,4.0,,,,4.0,4.0,0.0,0,0.125,1
SEC_1052,2021-06-09,Issuer Rating,,,,,,,2.0,,2.0,2.0,0.0,0,0.125,1
SEC_1052,2021-06-12,Issuer Rating,8.0,,,,,,,,8.0,8.0,0.0,0,0.125,1
SEC_1052,2021-08-04,Bond Rating,,,,,,1.0,,,1.0,1.0,0.0,0,0.125,1
SEC_1052,2021-08-11,Bond Rating,,,,,,4.0,,,4.0,4.0,0.0,0,0.125,1
SEC_1052,2021-08-23,Bond Rating,,,,,8.0,,,,8.0,8.0,0.0,0,0.125,1
SEC_1052,2021-09-22,Bond Rating,,,,,,4.0,,,4.0,4.0,0.0,0,0.125,1
SEC_1052,2021-09-23,Bond Rating,,,,,3.0,,,,3.0,3.0,0.0,0,0.125,1
SEC_1052,2021-09-24,Short Term,,,1.0,,,,,,1.0,1.0,0.0,0,0.125,1
SEC_1052,2021-10-03,Issuer Rating,7.0,,,,,,,,7.0,7.0,0.0,0,0.125,1
SEC_1052,2021-11-05,Bond Rating,,,,,4.0,,,,4.0,4.0,0.0,0,0.125,1
SEC_1052,2021-12-07,Bond Rating,,,,,3.0,,,,3.0,3.0,0.0,0,0.125,1
SEC_1052,2021-12-27,Issuer Rating,,,,,,,5.0,,5.0,5.0,0.0,0,0.125,1
SEC_1052,2022-03-15,Short Term,,,0.0,,,,,,0.0,0.0,0.0,0,0.125,1
SEC_1052,2022-03-17,Bond Rating,,,,,,,,5.0,5.0,5.0,0.0,0,0.125,1
SEC_1052,2022-03-17,Short Term,,3.0,,,,,,,3.0,3.0,0.0,0,0.125,1
SEC_1052,2022-03-25,Bond Rating,,,,,,5.0,,,5.0,5.0,0.0,0,0.125,1
SEC_1052,2022-05-05,Bond Rating,,,,,2.0,,,,2.0,2.0,0.0,0,0.125,1
SEC_1052,2022-06-16,Bond Rating,,,,,,9.0,,,9.0,9.0,0.0,0,0.125,1
SEC_1052,2022-07-01,Short Term,,,4.0,,,,,,4.0,4.0,0.0,0,0.125,1
SEC_1052,2022-08-08,Bond Rating,,,,,,,,4.0,4.0,4.0,0.0,0,0.125,1
SEC_1052,2022-09-13,Short Term,,,4.0,,,,,,4.0,4.0,0.0,0,0.125,1
SEC_1052,2022-09-17,Issuer Rating,5.0,,,,,,2.0,,2.0,5.0,3.0,1,0.25,2
SEC_1052,2022-10-03,Bond Rating,,,,,,,,2.0,2.0,2.0,0.0,0,0.125,1
SEC_1052,2022-10-15,Issuer Rating,4.0,,,,,,,,4.0,4.0,0.0,0,0.125,1
SEC_1052,2022-10-26,Bond Rating,,,,,,2.0,,,2.0,2.0,0.0,0,0.125,1
SEC_1052,2022-10-27,Short Term,,1.0,,,,,,,1.0,1.0,0.0,0,0.125,1
SEC_1052,2022-11-18,Short Term,,2.0,,,,,,,2.0,2.0,0.0,0,0.125,1
SEC_1052,2023-05-06,Bond Rating,,,,,,,,3.0,3.0,3.0,0.0,0,0.125,1
SEC_1052,2023-05-15,Short Term,,8.0,,,,,,,8.0,8.0,0.0,0,0.125,1
SEC_1052,2023-05-16,Bond Rating,,,,,,3.0,,,3.0,3.0,0.0,0,0.125,1
SEC_1052,2023-08-13,Issuer Rating,,,,,,,4.0,,4.0,4.0,0.0,0,0.125,1
SEC_1052,2023-08-31,Bond Rating,,,,,,9.0,,,9.0,9.0,0.0,0,0.125,1
SEC_1052,2023-10-06,Issuer Rating,,,,,,,8.0,,8.0,8.0,0.0,0,0.125,1
SEC_1052,2023-10-30,Bond Rating,,,,,,2.0,,,2.0,2.0,0.0,0,0.125,1
SEC_1052,2023-10-30,Short Term,,1.0,,,,,,,1.0,1.0,0.0,0,0.125,1
SEC_1052,2023-11-24,Issuer Rating,,,,,,,2.0,,2.0,2.0,0.0,0,0.125,1
SEC_1052,2024-03-04,Bond Rating,,,,,,,,4.0,4.0,4.0,0.0,0,0.125,1
SEC_1052,2024-04-05,Short Term,,6.0,,,,,,,6.0,6.0,0.0,0,0.125,1
SEC_1052,2024-05-05,Short Term,,4.0,,,,,,,4.0,4.0,0.0,0,0.125,1
SEC_1052,2024-06-14,Short Term,,1.0,,,,,,,1.0,1.0,0.0,0,0.125,1
SEC_1052,2024-06-29,Short Term,,,9.0,,,,,,9.0,9.0,0.0,0,0.125,1
SEC_1052,2024-08-18,Issuer Rating,,,,,,,7.0,,7.0,7.0,0.0,0,0.125,1
SEC_1052,2024-10-11,Issuer Rating,1.0,,,,,,,,1.0,1.0,0.0,0,0.125,1
SEC_1052,2024-10-22,Issuer Rating,2.0,,,,,,,,2.0,2.0,0.0,0,0.125,1
SEC_1052,2024-12-11,Short Term,,,6.0,,,,,,6.0,6.0,0.0,0,0.125,1
SEC_1052,2025-09-27,Bond Rating,,,,,,5.0,,,5.0,5.0,0.0,0,0.125,1
SEC_1053,2021-01-01,Bond Rating,,,,,,6.0,,,6.0,6.0,0.0,0,0.125,1
SEC_1053,2021-01-01,Issuer Rating,,,8.0,,,,,,8.0,8.0,0.0,0,0.125,1
SEC_1053,2021-01-01,Long Term,1.0,,,3.0,4.0,,,,1.0,4.0,3.0,1,0.375,3
SEC_1053,2021-03-05,Long Term,,,,1.0,,,,,1.0,1.0,0.0,0,0.125,1
SEC_1053,2021-03-12,Long Term,,,,8.0,,,,,8.0,8.0,0.0,0,0.125,1
SEC_1053,2021-03-21,Issuer Rating,,,5.0,,,,,,5.0,5.0,0.0,0,0.125,1
SEC_1053,2021-06-18,Issuer Rating,,,5.0,,,,,,5.0,5.0,0.0,0,0.125,1
SEC_1053,2021-07-27,Long Term,,,,,1.0,,,,1.0,1.0,0.0,0,0.125,1
SEC_1053,2021-07-30,Bond Rating,,,,,,6.0,,,6.0,6.0,0.0,0,0.125,1
SEC_1053,2021-08-05,Issuer Rating,,,2.0,,,,,,2.0,2.0,0.0,0,0.125,1
SEC_1053,2021-08-08,Long Term,5.0,,,,,,,,5.0,5.0,0.0,0,0.125,1
SEC_1053,2021-09-10,Long Term,5.0,,,,,,,,5.0,5.0,0.0,0,0.125,1
SEC_1053,2021-09-11,Bond Rating,,,,,,2.0,,,2.0,2.0,0.0,0,0.125,1
SEC_1053,2021-10-04,Bond Rating,,,,,,0.0,,,0.0,0.0,0.0,0,0.125,1
SEC_1053,2021-11-13,Issuer Rating,,,1.0,,,,,,1.0,1.0,0.0,0,0.125,1
SEC_1053,2021-11-27,Long Term,,,,9.0,,,,,9.0,9.0,0.0,0,0.125,1
SEC_1053,2021-12-11,Long Term,3.0,,,,,,,,3.0,3.0,0.0,0,0.125,1
SEC_1053,2022-01-21,Long Term,,,,,1.0,,,,1.0,1.0,0.0,0,0.125,1
SEC_1053,2022-01-24,Long Term,,,,,3.0,,,,3.0,3.0,0.0,0,0.125,1
SEC_1053,2022-03-13,Long Term,7.0,,,,,,,,7.0,7.0,0.0,0,0.125,1
SEC_1053,2022-05-16,Long Term,,,,2.0,,,,,2.0,2.0,0.0,0,0.125,1
SEC_1053,2022-07-13,Bond Rating,,,,,,3.0,,,3.0,3.0,0.0,0,0.125,1
SEC_1053,2022-09-13,Long Term,,,,7.0,,,,,7.0,7.0,0.0,0,0.125,1
SEC_1053,2022-10-11,Long Term,,,,,7.0,,,,7.0,7.0,0.0,0,0.125,1
SEC_1053,2022-12-30,Long Term,,,,2.0,,,,,2.0,2.0,0.0,0,0.125,1
SEC_1053,2023-01-03,Long Term,,,,2.0,,,,,2.0,2.0,0.0,0,0.125,1
SEC_1053,2023-02-02,Long Term,8.0,,,,,,,,8.0,8.0,0.0,0,0.125,1
SEC_1053,2023-03-10,Bond Rating,,,,,,2.0,,,2.0,2.0,0.0,0,0.125,1
SEC_1053,2023-06-14,Long Term,0.0,,,,,,,,0.0,0.0,0.0,0,0.125,1
SEC_1053,2023-06-20,Bond Rating,,,,,,1.0,,,1.0,1.0,0.0,0,0.125,1
SEC_1053,2023-10-13,Long Term,,,,4.0,5.0,,,,4.0,5.0,1.0,0,0.25,2
SEC_1053,2023-10-22,Long Term,,,,,6.0,,,,6.0,6.0,0.0,0,0.125,1
SEC_1053,2023-12-08,Long Term,,,,6.0,,,,,6.0,6.0,0.0,0,0.125,1
SEC_1053,2024-05-09,Long Term,,,,,1.0,,,,1.0,1.0,0.0,0,0.125,1
SEC_1053,2024-08-18,Long Term,5.0,,,,,,,,5.0,5.0,0.0,0,0.125,1
SEC_1053,2024-10-07,Bond Rating,,,,,,4.0,,,4.0,4.0,0.0,0,0.125,1
SEC_1053,2025-03-28,Long Term,2.0,,,,,,,,2.0,2.0,0.0,0,0.125,1
SEC_1053,2025-10-11,Long Term,,,,5.0,,,,,5.0,5.0,0.0,0,0.125,1
SEC_1054,2021-01-01,Bond Rating,,,,1.0,,,,,1.0,1.0,0.0,0,0.125,1
SEC_1054,2021-01-01,Issuer Rating,,,,,,,,7.0,7.0,7.0,0.0,0,0.125,1
SEC_1054,2021-01-01,Long Term,,1.0,1.0,,,,,,1.0,1.0,0.0,0,0.25,2
SEC_1054,2021-01-01,Short Term,,,,,1.0,5.0,2.0,,1.0,5.0,4.0,1,0.375,3
SEC_1054,2021-02-15,Short Term,,,,,,2.0,,,2.0,2.0,0.0,0,0.125,1
SEC_1054,2021-03-02,Bond Rating,,,,6.0,,,,,6.0,6.0,0.0,0,0.125,1
SEC_1054,2021-04-04,Short Term,,,,,,3.0,,,3.0,3.0,0.0,0,0.125,1
SEC_1054,2021-04-11,Long Term,,8.0,,,,,,,8.0,8.0,0.0,0,0.125,1
SEC_1054,2021-06-09,Issuer Rating,,,,,,,,1.0,1.0,1.0,0.0,0,0.125,1
SEC_1054,2021-06-18,Short Term,,,,,8.0,,,,8.0,8.0,0.0,0,0.125,1
SEC_1054,2021-07-06,Long Term,,,2.0,,,,,,2.0,2.0,0.0,0,0.125,1
SEC_1054,2021-07-28,Short Term,,,,,,,0.0,,0.0,0.0,0.0,0,0.125,1
SEC_1054,2021-08-06,Short Term,,,,,2.0,,,,2.0,2.0,0.0,0,0.125,1
SEC_1054,2021-08-09,Short Term,,,,,,,6.0,,6.0,6.0,0.0,0,0.125,1
SEC_1054,2021-08-17,Issuer Rating,,,,,,,,2.0,2.0,2.0,0.0,0,0.125,1
SEC_1054,2021-08-17,Long Term,,5.0,,,,,,,5.0,5.0,0.0,0,0.125,1
SEC_1054,2021-08-21,Short Term,,,,,8.0,,,,8.0,8.0,0.0,0,0.125,1
SEC_1054,2021-09-08,Short Term,,,,,,9.0,,,9.0,9.0,0.0,0,0.125,1
SEC_1054,2021-09-13,Short Term,,,,,7.0,,,,7.0,7.0,0.0,0,0.125,1
SEC_1054,2021-09-28,Long Term,,2.0,,,,,,,2.0,2.0,0.0,0,0.125,1
SEC_1054,2021-09-28,Short Term,,,,,,,3.0,,3.0,3.0,0.0,0,0.125,1
SEC_1054,2021-10-25,Long Term,,0.0,,,,,,,0.0,0.0,0.0,0,0.125,1
SEC_1054,2021-11-27,Issuer Rating,,,,,,,,2.0,2.0,2.0,0.0,0,0.125,1
SEC_1054,2021-12-07,Bond Rating,,,,9.0,,,,,9.0,9.0,0.0,0,0.125,1
SEC_1054,2022-01-14,Long Term,,,8.0,,,,,,8.0,8.0,0.0,0,0.125,1
SEC_1054,2022-01-24,Long Term,,5.0,,,,,,,5.0,5.0,0.0,0,0.125,1
SEC_1054,2022-01-28,Issuer Rating,,,,,,,,6.0,6.0,6.0,0.0,0,0.125,1
SEC_1054,2022-02-10,Long Term,,8.0,,,,,,,8.0,8.0,0.0,0,0.125,1
SEC_1054,2022-03-07,Bond Rating,,,,4.0,,,,,4.0,4.0,0.0,0,0.125,1
SEC_1054,2022-04-16,Short Term,,,,,,,1.0,,1.0,1.0,0.0,0,0.125,1
SEC_1054,2022-05-12,Short Term,,,,,,,6.0,,6.0,6.0,0.0,0,0.125,1
SEC_1054,2022-05-20,Long Term,,,0.0,,,,,,0.0,0.0,0.0,0,0.125,1
SEC_1054,2022-06-15,Long Term,,5.0,,,,,,,5.0,5.0,0.0,0,0.125,1
SEC_1054,2022-07-07,Bond Rating,,,,7.0,,,,,7.0,7.0,0.0,0,0.125,1
SEC_1054,2022-07-15,Long Term,,,5.0,,,,,,5.0,5.0,0.0,0,0.125,1
SEC_1054,2022-09-09,Short Term,,,,,,7.0,,,7.0,7.0,0.0,0,0.125,1
SEC_1054,2022-09-11,Short Term,,,,,,,4.0,,4.0,4.0,0.0,0,0.125,1
SEC_1054,2022-11-02,Issuer Rating,,,,,,,,2.0,2.0,2.0,0.0,0,0.125,1
SEC_1054,2022-12-10,Bond Rating,,,,5.0,,,,,5.0,5.0,0.0,0,0.125,1
SEC_1054,2023-04-26,Short Term,,,,,,2.0,,,2.0,2.0,0.0,0,0.125,1
SEC_1054,2023-04-27,Long Term,,7.0,,,,,,,7.0,7.0,0.0,0,0.125,1
SEC_1054,2023-05-03,Short Term,,,,,2.0,,,,2.0,2.0,0.0,0,0.125,1
SEC_1054,2023-05-09,Bond Rating,,,,0.0,,,,,0.0,0.0,0.0,0,0.125,1
SEC_1054,2023-08-31,Short Term,,,,,8.0,,,,8.0,8.0,0.0,0,0.125,1
SEC_1054,2023-11-22,Short Term,,,,,4.0,,,,4.0,4.0,0.0,0,0.125,1
SEC_1054,2023-12-29,Long Term,,4.0,,,,,,,4.0,4.0,0.0,0,0.125,1
SEC_1054,2024-05-10,Long Term,,,1.0,,,,,,1.0,1.0,0.0,0,0.125,1
SEC_1054,2024-05-17,Long Term,,1.0,,,,,,,1.0,1.0,0.0,0,0.125,1
SEC_1054,2024-10-12,Issuer Rating,,,,,,,,2.0,2.0,2.0,0.0,0,0.125,1
SEC_1054,2024-11-01,Long Term,,,0.0,,,,,,0.0,0.0,0.0,0,0.125,1
SEC_1054,2024-11-01,Short Term,,,,,2.0,,,,2.0,2.0,0.0,0,0.125,1
SEC_1054,2025-01-31,Long Term,,9.0,,,,,,,9.0,9.0,0.0,0,0.125,1
SEC_1054,2025-02-07,Issuer Rating,,,,,,,,1.0,1.0,1.0,0.0,0,0.125,1
SEC_1054,2025-02-21,Short Term,,,,,,,2.0,,2.0,2.0,0.0,0,0.125,1
SEC_1054,2025-08-08,Short Term,,,,,,,2.0,,2.0,2.0,0.0,0,0.125,1
SEC_1054,2025-10-01,Long Term,,,8.0,,,,,,8.0,8.0,0.0,0,0.125,1
SEC_1054,2025-10-11,Short Term,,,,,3.0,,,,3.0,3.0,0.0,0,0.125,1
SEC_1054,2025-12-22,Long Term,,2.0,,,,,,,2.0,2.0,0.0,0,0.125,1
SEC_1055,2021-01-01,Bond Rating,,,0.0,,,,,,0.0,0.0,0.0,0,0.125,1
SEC_1055,2021-01-01,Long Term,,,,,3.0,,,,3.0,3.0,0.0,0,0.125,1
SEC_1055,2021-01-01,Short Term,,,,,,,3.0,,3.0,3.0,0.0,0,0.125,1
SEC_1055,2021-02-22,Bond Rating,,,4.0,,,,,,4.0,4.0,0.0,0,0.125,1
SEC_1055,2021-03-06,Long Term,,,,,8.0,,,,8.0,8.0,0.0,0,0.125,1
SEC_1055,2021-04-11,Short Term,,,,,,,1.0,,1.0,1.0,0.0,0,0.125,1
SEC_1055,2021-05-27,Bond Rating,,,0.0,,,,,,0.0,0.0,0.0,0,0.125,1
SEC_1055,2021-07-15,Bond Rating,,,4.0,,,,,,4.0,4.0,0.0,0,0.125,1
SEC_1055,2021-07-18,Long Term,,,,,2.0,,,,2.0,2.0,0.0,0,0.125,1
SEC_1055,2021-08-05,Long Term,,,,,2.0,,,,2.0,2.0,0.0,0,0.125,1
SEC_1055,2021-12-03,Bond Rating,,,2.0,,,,,,2.0,2.0,0.0,0,0.125,1
SEC_1055,2022-01-10,Short Term,,,,,,,1.0,,1.0,1.0,0.0,0,0.125,1
SEC_1055,2022-03-27,Long Term,,,,,5.0,,,,5.0,5.0,0.0,0,0.125,1
SEC_1055,2022-04-11,Short Term,,,,,,,7.0,,7.0,7.0,0.0,0,0.125,1
SEC_1055,2022-05-20,Short Term,,,,,,,3.0,,3.0,3.0,0.0,0,0.125,1
SEC_1055,2022-06-21,Long Term,,,,,0.0,,,,0.0,0.0,0.0,0,0.125,1
SEC_1055,2022-07-15,Short Term,,,,,,,5.0,,5.0,5.0,0.0,0,0.125,1
SEC_1055,2022-11-28,Bond Rating,,,2.0,,,,,,2.0,2.0,0.0,0,0.125,1
SEC_1055,2022-12-22,Short Term,,,,,,,5.0,,5.0,5.0,0.0,0,0.125,1
SEC_1055,2023-03-07,Bond Rating,,,0.0,,,,,,0.0,0.0,0.0,0,0.125,1
SEC_1055,2023-03-31,Short Term,,,,,,,7.0,,7.0,7.0,0.0,0,0.125,1
SEC_1055,2023-08-31,Bond Rating,,,1.0,,,,,,1.0,1.0,0.0,0,0.125,1
SEC_1055,2023-11-03,Bond Rating,,,6.0,,,,,,6.0,6.0,0.0,0,0.125,1
SEC_1055,2024-04-09,Short Term,,,,,,,9.0,,9.0,9.0,0.0,0,0.125,1
SEC_1055,2025-01-04,Bond Rating,,,1.0,,,,,,1.0,1.0,0.0,0,0.125,1
SEC_1055,2025-06-20,Short Term,,,,,,,6.0,,6.0,6.0,0.0,0,0.125,1
SEC_1056,2021-01-01,Bond Rating,0.0,5.0,,,,,,,0.0,5.0,5.0,1,0.25,2
SEC_1056,2021-01-01,Issuer Rating,,,9.0,,,3.0,,,3.0,9.0,6.0,1,0.25,2
SEC_1056,2021-01-01,Long Term,,,,0.0,,,,,0.0,0.0,0.0,0,0.125,1
SEC_1056,2021-02-25,Issuer Rating,,,5.0,,,,,,5.0,5.0,0.0,0,0.125,1
SEC_1056,2021-03-13,Issuer Rating,,,,,,6.0,,,6.0,6.0,0.0,0,0.125,1
SEC_1056,2021-03-20,Bond Rating,3.0,,,,,,,,3.0,3.0,0.0,0,0.125,1
SEC_1056,2021-04-19,Long Term,,,,2.0,,,,,2.0,2.0,0.0,0,0.125,1
SEC_1056,2021-04-21,Bond Rating,,4.0,,,,,,,4.0,4.0,0.0,0,0.125,1
SEC_1056,2021-06-05,Bond Rating,,5.0,,,,,,,5.0,5.0,0.0,0,0.125,1
SEC_1056,2021-07-04,Issuer Rating,,,,,,3.0,,,3.0,3.0,0.0,0,0.125,1
SEC_1056,2021-08-04,Issuer Rating,,,,,,7.0,,,7.0,7.0,0.0,0,0.125,1
SEC_1056,2021-08-11,Issuer Rating,,,,,,8.0,,,8.0,8.0,0.0,0,0.125,1
SEC_1056,2021-08-17,Bond Rating,,0.0,,,,,,,0.0,0.0,0.0,0,0.125,1
SEC_1056,2021-08-21,Long Term,,,,3.0,,,,,3.0,3.0,0.0,0,0.125,1
SEC_1056,2021-08-31,Issuer Rating,,,7.0,,,,,,7.0,7.0,0.0,0,0.125,1
SEC_1056,2021-10-22,Bond Rating,6.0,,,,,,,,6.0,6.0,0.0,0,0.125,1
SEC_1056,2021-12-17,Long Term,,,,4.0,,,,,4.0,4.0,0.0,0,0.125,1
SEC_1056,2022-01-24,Bond Rating,,4.0,,,,,,,4.0,4.0,0.0,0,0.125,1
SEC_1056,2022-02-25,Issuer Rating,,,7.0,,,,,,7.0,7.0,0.0,0,0.125,1
SEC_1056,2022-04-14,Issuer Rating,,,1.0,,,,,,1.0,1.0,0.0,0,0.125,1
SEC_1056,2022-04-28,Issuer Rating,,,,,,2.0,,,2.0,2.0,0.0,0,0.125,1
SEC_1056,2022-06-04,Bond Rating,3.0,,,,,,,,3.0,3.0,0.0,0,0.125,1
SEC_1056,2022-06-17,Issuer Rating,,,,,,4.0,,,4.0,4.0,0.0,0,0.125,1
SEC_1056,2022-08-08,Long Term,,,,2.0,,,,,2.0,2.0,0.0,0,0.125,1
SEC_1056,2022-09-08,Long Term,,,,4.0,,,,,4.0,4.0,0.0,0,0.125,1
SEC_1056,2022-09-23,Issuer Rating,,,1.0,,,,,,1.0,1.0,0.0,0,0.125,1
SEC_1056,2022-12-02,Bond Rating,3.0,,,,,,,,3.0,3.0,0.0,0,0.125,1
SEC_1056,2022-12-25,Bond Rating,,1.0,,,,,,,1.0,1.0,0.0,0,0.125,1
SEC_1056,2023-01-15,Bond Rating,2.0,,,,,,,,2.0,2.0,0.0,0,0.125,1
SEC_1056,2023-03-27,Bond Rating,6.0,,,,,,,,6.0,6.0,0.0,0,0.125,1
SEC_1056,2023-04-03,Bond Rating,,7.0,,,,,,,7.0,7.0,0.0,0,0.125,1
SEC_1056,2023-06-14,Long Term,,,,0.0,,,,,0.0,0.0,0.0,0,0.125,1
SEC_1056,2023-11-29,Bond Rating,6.0,,,,,,,,6.0,6.0,0.0,0,0.125,1
SEC_1056,2023-12-02,Issuer Rating,,,1.0,,,,,,1.0,1.0,0.0,0,0.125,1
SEC_1056,2024-01-02,Issuer Rating,,,,,,3.0,,,3.0,3.0,0.0,0,0.125,1
SEC_1056,2024-01-22,Issuer Rating,,,,,,1.0,,,1.0,1.0,0.0,0,0.125,1
SEC_1056,2024-03-22,Issuer Rating,,,2.0,,,,,,2.0,2.0,0.0,0,0.125,1
SEC_1056,2024-03-29,Bond Rating,,4.0,,,,,,,4.0,4.0,0.0,0,0.125,1
SEC_1056,2024-05-03,Long Term,,,,2.0,,,,,2.0,2.0,0.0,0,0.125,1
SEC_1056,2024-05-15,Long Term,,,,3.0,,,,,3.0,3.0,0.0,0,0.125,1
SEC_1056,2024-06-26,Long Term,,,,3.0,,,,,3.0,3.0,0.0,0,0.125,1
SEC_1056,2024-08-07,Long Term,,,,8.0,,,,,8.0,8.0,0.0,0,0.125,1
SEC_1056,2025-05-23,Issuer Rating,,,1.0,,,,,,1.0,1.0,0.0,0,0.125,1
SEC_1057,2021-01-01,Issuer Rating,,,,,4.0,4.0,,,4.0,4.0,0.0,0,0.25,2
SEC_1057,2021-01-01,Long Term,2.0,,9.0,,,,,,2.0,9.0,7.0,1,0.25,2
SEC_1057,2021-02-03,Long Term,3.0,,,,,,,,3.0,3.0,0.0,0,0.125,1
SEC_1057,2021-04-07,Long Term,,,2.0,,,,,,2.0,2.0,0.0,0,0.125,1
SEC_1057,2021-04-11,Long Term,,,6.0,,,,,,6.0,6.0,0.0,0,0.125,1
SEC_1057,2021-05-10,Issuer Rating,,,,,3.0,,,,3.0,3.0,0.0,0,0.125,1
SEC_1057,2021-05-16,Issuer Rating,,,,,1.0,,,,1.0,1.0,0.0,0,0.125,1
SEC_1057,2021-07-20,Long Term,,,5.0,,,,,,5.0,5.0,0.0,0,0.125,1
SEC_1057,2021-09-28,Long Term,1.0,,,,,,,,1.0,1.0,0.0,0,0.125,1
SEC_1057,2021-10-01,Issuer Rating,,,,,7.0,,,,7.0,7.0,0.0,0,0.125,1
SEC_1057,2021-10-11,Issuer Rating,,,,,,6.0,,,6.0,6.0,0.0,0,0.125,1
SEC_1057,2021-10-24,Issuer Rating,,,,,5.0,,,,5.0,5.0,0.0,0,0.125,1
SEC_1057,2021-11-01,Long Term,,,5.0,,,,,,5.0,5.0,0.0,0,0.125,1
SEC_1057,2021-11-15,Issuer Rating,,,,,,5.0,,,5.0,5.0,0.0,0,0.125,1
SEC_1057,2021-12-06,Long Term,,,4.0,,,,,,4.0,4.0,0.0,0,0.125,1
SEC_1057,2022-01-12,Issuer Rating,,,,,,4.0,,,4.0,4.0,0.0,0,0.125,1
SEC_1057,2022-01-14,Issuer Rating,,,,,3.0,,,,3.0,3.0,0.0,0,0.125,1
SEC_1057,2022-06-01,Issuer Rating,,,,,,5.0,,,5.0,5.0,0.0,0,0.125,1
SEC_1057,2022-09-29,Issuer Rating,,,,,,4.0,,,4.0,4.0,0.0,0,0.125,1
SEC_1057,2022-09-29,Long Term,4.0,,,,,,,,4.0,4.0,0.0,0,0.125,1
SEC_1057,2022-10-19,Long Term,,,2.0,,,,,,2.0,2.0,0.0,0,0.125,1
SEC_1057,2022-11-08,Issuer Rating,,,,,2.0,,,,2.0,2.0,0.0,0,0.125,1
SEC_1057,2022-11-10,Long Term,9.0,,,,,,,,9.0,9.0,0.0,0,0.125,1
SEC_1057,2022-11-18,Long Term,,,2.0,,,,,,2.0,2.0,0.0,0,0.125,1
SEC_1057,2023-01-11,Issuer Rating,,,,,5.0,,,,5.0,5.0,0.0,0,0.125,1
SEC_1057,2023-08-14,Issuer Rating,,,,,,4.0,,,4.0,4.0,0.0,0,0.125,1
SEC_1057,2024-01-04,Long Term,,,2.0,,,,,,2.0,2.0,0.0,0,0.125,1
SEC_1057,2024-08-19,Long Term,,,1.0,,,,,,1.0,1.0,0.0,0,0.125,1
SEC_1057,2024-10-24,Issuer Rating,,,,,1.0,,,,1.0,1.0,0.0,0,0.125,1
SEC_1057,2025-03-28,Issuer Rating,,,,,,1.0,,,1.0,1.0,0.0,0,0.125,1
SEC_1057,2025-05-22,Issuer Rating,,,,,,2.0,,,2.0,2.0,0.0,0,0.125,1
SEC_1058,2021-01-01,Bond Rating,,4.0,,,,,,,4.0,4.0,0.0,0,0.125,1
SEC_1058,2021-01-01,Issuer Rating,,,,,3.0,3.0,,,3.0,3.0,0.0,0,0.25,2
SEC_1058,2021-04-28,Issuer Rating,,,,,6.0,,,,6.0,6.0,0.0,0,0.125,1
SEC_1058,2021-05-29,Issuer Rating,,,,,1.0,,,,1.0,1.0,0.0,0,0.125,1
SEC_1058,2021-06-24,Issuer Rating,,,,,,9.0,,,9.0,9.0,0.0,0,0.125,1
SEC_1058,2021-07-06,Bond Rating,,2.0,,,,,,,2.0,2.0,0.0,0,0.125,1
SEC_1058,2021-08-24,Bond Rating,,5.0,,,,,,,5.0,5.0,0.0,0,0.125,1
SEC_1058,2021-08-29,Issuer Rating,,,,,,3.0,,,3.0,3.0,0.0,0,0.125,1
SEC_1058,2021-09-13,Bond Rating,,3.0,,,,,,,3.0,3.0,0.0,0,0.125,1
SEC_1058,2021-10-07,Issuer Rating,,,,,4.0,,,,4.0,4.0,0.0,0,0.125,1
SEC_1058,2021-11-03,Issuer Rating,,,,,1.0,,,,1.0,1.0,0.0,0,0.125,1
SEC_1058,2021-11-26,Issuer Rating,,,,,,4.0,,,4.0,4.0,0.0,0,0.125,1
SEC_1058,2022-06-01,Issuer Rating,,,,,,2.0,,,2.0,2.0,0.0,0,0.125,1
SEC_1058,2022-06-27,Issuer Rating,,,,,,2.0,,,2.0,2.0,0.0,0,0.125,1
SEC_1058,2022-08-20,Issuer Rating,,,,,,3.0,,,3.0,3.0,0.0,0,0.125,1
SEC_1058,2023-02-23,Bond Rating,,0.0,,,,,,,0.0,0.0,0.0,0,0.125,1
SEC_1058,2023-03-03,Bond Rating,,1.0,,,,,,,1.0,1.0,0.0,0,0.125,1
SEC_1058,2023-04-05,Issuer Rating,,,,,,5.0,,,5.0,5.0,0.0,0,0.125,1
SEC_1058,2023-08-27,Bond Rating,,1.0,,,,,,,1.0,1.0,0.0,0,0.125,1
SEC_1058,2024-05-31,Issuer Rating,,,,,4.0,,,,4.0,4.0,0.0,0,0.125,1
SEC_1058,2024-10-17,Issuer Rating,,,,,,2.0,,,2.0,2.0,0.0,0,0.125,1
SEC_1058,2024-11-11,Issuer Rating,,,,,5.0,,,,5.0,5.0,0.0,0,0.125,1
SEC_1058,2024-11-23,Issuer Rating,,,,,2.0,,,,2.0,2.0,0.0,0,0.125,1
SEC_1058,2025-03-29,Bond Rating,,1.0,,,,,,,1.0,1.0,0.0,0,0.125,1
SEC_1058,2025-04-18,Issuer Rating,,,,,2.0,,,,2.0,2.0,0.0,0,0.125,1
SEC_1058,2025-06-03,Issuer Rating,,,,,8.0,,,,8.0,8.0,0.0,0,0.125,1
SEC_1059,2021-01-01,Bond Rating,,,,,2.0,,,2.0,2.0,2.0,0.0,0,0.25,2
SEC_1059,2021-01-01,Issuer Rating,,,,,,5.0,,,5.0,5.0,0.0,0,0.125,1
SEC_1059,2021-01-01,Short Term,,,1.0,,,,,,1.0,1.0,0.0,0,0.125,1
SEC_1059,2021-05-07,Short Term,,,3.0,,,,,,3.0,3.0,0.0,0,0.125,1
SEC_1059,2021-05-16,Bond Rating,,,,,,,,3.0,3.0,3.0,0.0,0,0.125,1
SEC_1059,2021-05-17,Bond Rating,,,,,4.0,,,,4.0,4.0,0.0,0,0.125,1
SEC_1059,2021-05-22,Bond Rating,,,,,6.0,,,,6.0,6.0,0.0,0,0.125,1
SEC_1059,2021-07-27,Issuer Rating,,,,,,5.0,,,5.0,5.0,0.0,0,0.125,1
SEC_1059,2021-08-04,Short Term,,,1.0,,,,,,1.0,1.0,0.0,0,0.125,1
SEC_1059,2021-08-23,Bond Rating,,,,,,,,4.0,4.0,4.0,0.0,0,0.125,1
SEC_1059,2021-10-08,Bond Rating,,,,,6.0,,,,6.0,6.0,0.0,0,0.125,1
SEC_1059,2021-10-08,Issuer Rating,,,,,,4.0,,,4.0,4.0,0.0,0,0.125,1
SEC_1059,2021-10-15,Bond Rating,,,,,,,,2.0,2.0,2.0,0.0,0,0.125,1
SEC_1059,2021-11-02,Bond Rating,,,,,,,,5.0,5.0,5.0,0.0,0,0.125,1
SEC_1059,2021-12-05,Bond Rating,,,,,1.0,,,,1.0,1.0,0.0,0,0.125,1
SEC_1059,2022-01-16,Short Term,,,5.0,,,,,,5.0,5.0,0.0,0,0.125,1
SEC_1059,2022-03-17,Issuer Rating,,,,,,2.0,,,2.0,2.0,0.0,0,0.125,1
SEC_1059,2022-04-18,Short Term,,,1.0,,,,,,1.0,1.0,0.0,0,0.125,1
SEC_1059,2022-07-09,Issuer Rating,,,,,,2.0,,,2.0,2.0,0.0,0,0.125,1
SEC_1059,2024-02-07,Bond Rating,,,,,,,,3.0,3.0,3.0,0.0,0,0.125,1
SEC_1059,2024-02-11,Issuer Rating,,,,,,5.0,,,5.0,5.0,0.0,0,0.125,1
SEC_1059,2024-07-14,Bond Rating,,,,,4.0,,,,4.0,4.0,0.0,0,0.125,1
SEC_1059,2024-09-07,Issuer Rating,,,,,,1.0,,,1.0,1.0,0.0,0,0.125,1
SEC_1059,2024-09-24,Issuer Rating,,,,,,0.0,,,0.0,0.0,0.0,0,0.125,1
SEC_1059,2024-12-11,Bond Rating,,,,,3.0,,,,3.0,3.0,0.0,0,0.125,1
