security_id,vendor,rating_type,standard_rating,effective_start_date,effective_end_date,is_active
SEC_1000,DBRS,Long Term,A,2021-01-01,2021-03-09,0
SEC_1000,DBRS,Long Term,B,2021-03-10,2021-06-09,0
SEC_1000,DBRS,Long Term,AAA,2021-06-10,2021-10-11,0
SEC_1000,DBRS,Long Term,BB,2021-10-12,2022-12-09,0
SEC_1000,DBRS,Long Term,B,2022-12-10,,1
SEC_1000,Fitch,Short Term,BBB,2021-01-01,2021-06-11,0
SEC_1000,Fitch,Short Term,BB,2021-06-12,2021-07-05,0
SEC_1000,Fitch,Short Term,AA,2021-07-06,2021-07-28,0
SEC_1000,Fitch,Short Term,CC,2021-07-29,2022-03-02,0
SEC_1000,Fitch,Short Term,A,2022-03-03,2022-07-22,0
SEC_1000,Fitch,Short Term,CC,2022-07-23,2025-10-09,0
SEC_1000,Fitch,Short Term,A,2025-10-10,,1
SEC_1000,Morningstar,Long Term,AA,2021-01-01,2021-07-29,0
SEC_1000,Morningstar,Long Term,A,2021-07-30,2021-08-20,0
SEC_1000,Morningstar,Long Term,AA,2021-08-21,2021-09-08,0
SEC_1000,Morningstar,Long Term,A,2021-09-09,2022-05-31,0
SEC_1000,Morningstar,Long Term,BB,2022-06-01,2023-03-16,0
SEC_1000,Morningstar,Long Term,AA,2023-03-17,2023-03-30,0
SEC_1000,Morningstar,Long Term,A,2023-03-31,2024-07-19,0
SEC_1000,Morningstar,Long Term,D,2024-07-20,2025-05-11,0
SEC_1000,Morningstar,Long Term,BB,2025-05-12,,1
SEC_1000,S&P,Short Term,A,2021-01-01,2021-08-07,0
SEC_1000,S&P,Short Term,AAA,2021-08-08,2021-10-27,0
SEC_1000,S&P,Short Term,BB,2021-10-28,2023-02-25,0
SEC_1000,S&P,Short Term,AA,2023-02-26,2023-04-10,0
SEC_1000,S&P,Short Term,A,2023-04-11,2023-06-27,0
SEC_1000,S&P,Short Term,BBB,2023-06-28,2025-03-04,0
SEC_1000,S&P,Short Term,D,2025-03-05,,1
SEC_1001,DBRS,Bond Rating,CC,2021-01-01,2021-09-11,0
SEC_1001,DBRS,Bond Rating,A,2021-09-12,2022-05-19,0
SEC_1001,DBRS,Bond Rating,BBB,2022-05-20,2023-02-04,0
SEC_1001,DBRS,Bond Rating,A,2023-02-05,2023-03-18,0
SEC_1001,DBRS,Bond Rating,CCC,2023-03-19,2024-05-16,0
SEC_1001,DBRS,Bond Rating,A,2024-05-17,2024-11-22,0
SEC_1001,DBRS,Bond Rating,BB,2024-11-23,2025-09-24,0
SEC_1001,DBRS,Bond Rating,AA,2025-09-25,2025-12-05,0
SEC_1001,DBRS,Bond Rating,BBB,2025-12-06,,1
SEC_1001,ICRA,Short Term,AA,2021-01-01,2021-12-30,0
SEC_1001,ICRA,Short Term,C,2021-12-31,2022-04-04,0
SEC_1001,ICRA,Short Term,B,2022-04-05,2022-10-31,0
SEC_1001,ICRA,Short Term,AA,2022-11-01,2023-08-06,0
SEC_1001,ICRA,Short Term,BBB,2023-08-07,2023-08-08,0
SEC_1001,ICRA,Short Term,AA,2023-08-09,2024-01-04,0
SEC_1001,ICRA,Short Term,AAA,2024-01-05,2025-06-28,0
SEC_1001,ICRA,Short Term,BB,2025-06-29,,1
SEC_1001,Kroll,Long Term,CCC,2021-01-01,2021-03-03,0
SEC_1001,Kroll,Long Term,AAA,2021-03-04,2021-05-21,0
SEC_1001,Kroll,Long Term,CC,2021-05-22,2021-09-21,0
SEC_1001,Kroll,Long Term,BBB,2021-09-22,2023-04-29,0
SEC_1001,Kroll,Long Term,BB,2023-04-30,2023-11-22,0
SEC_1001,Kroll,Long Term,CCC,2023-11-23,2024-07-28,0
SEC_1001,Kroll,Long Term,BB,2024-07-29,2024-08-02,0
SEC_1001,Kroll,Long Term,AA,2024-08-03,2024-11-20,0
SEC_1001,Kroll,Long Term,BBB,2024-11-21,2024-12-18,0
SEC_1001,Kroll,Long Term,AAA,2024-12-19,2025-07-17,0
SEC_1001,Kroll,Long Term,AA,2025-07-18,,1
SEC_1002,CARE,Bond Rating,BBB,2021-01-01,2021-07-17,0
SEC_1002,CARE,Bond Rating,CCC,2021-07-18,2021-09-15,0
SEC_1002,CARE,Bond Rating,AA,2021-09-16,2021-10-02,0
SEC_1002,CARE,Bond Rating,A,2021-10-03,2022-09-17,0
SEC_1002,CARE,Bond Rating,AAA,2022-09-18,2022-09-19,0
SEC_1002,CARE,Bond Rating,BBB,2022-09-20,2024-01-21,0
SEC_1002,CARE,Bond Rating,D,2024-01-22,,1
SEC_1002,DBRS,Short Term,CC,2021-01-01,2021-07-29,0
SEC_1002,DBRS,Short Term,AA,2021-07-30,2022-03-10,0
SEC_1002,DBRS,Short Term,AAA,2022-03-11,2023-02-24,0
SEC_1002,DBRS,Short Term,C,2023-02-25,2024-02-14,0
SEC_1002,DBRS,Short Term,AA,2024-02-15,2024-08-22,0
SEC_1002,DBRS,Short Term,AAA,2024-08-23,2024-11-04,0
SEC_1002,DBRS,Short Term,BBB,2024-11-05,2024-11-21,0
SEC_1002,DBRS,Short Term,C,2024-11-22,2024-12-10,0
SEC_1002,DBRS,Short Term,AA,2024-12-11,,1
SEC_1002,ICRA,Issuer Rating,AA,2021-01-01,2021-03-05,0
SEC_1002,ICRA,Issuer Rating,CC,2021-03-06,2021-04-02,0
SEC_1002,ICRA,Issuer Rating,BB,2021-04-03,2021-05-20,0
SEC_1002,ICRA,Issuer Rating,AA,2021-05-21,2023-01-17,0
SEC_1002,ICRA,Issuer Rating,B,2023-01-18,,1
SEC_1002,Kroll,Issuer Rating,A,2021-01-01,2021-05-26,0
SEC_1002,Kroll,Issuer Rating,BBB,2021-05-27,2021-11-12,0
SEC_1002,Kroll,Issuer Rating,AAA,2021-11-13,2022-05-15,0
SEC_1002,Kroll,Issuer Rating,CCC,2022-05-16,2022-08-13,0
SEC_1002,Kroll,Issuer Rating,BBB,2022-08-14,2023-03-15,0
SEC_1002,Kroll,Issuer Rating,AA,2023-03-16,2025-03-06,0
SEC_1002,Kroll,Issuer Rating,A,2025-03-07,2025-05-15,0
SEC_1002,Kroll,Issuer Rating,AAA,2025-05-16,2025-11-03,0
SEC_1002,Kroll,Issuer Rating,A,2025-11-04,,1
SEC_1002,Moody's,Short Term,AA,2021-01-01,2021-02-11,0
SEC_1002,Moody's,Short Term,A,2021-02-12,2021-05-10,0
SEC_1002,Moody's,Short Term,BB,2021-05-11,2021-05-27,0
SEC_1002,Moody's,Short Term,AAA,2021-05-28,2023-05-05,0
SEC_1002,Moody's,Short Term,BB,2023-05-06,2023-10-29,0
SEC_1002,Moody's,Short Term,AA,2023-10-30,2024-03-17,0
SEC_1002,Moody's,Short Term,B,2024-03-18,2024-12-26,0
SEC_1002,Moody's,Short Term,CC,2024-12-27,2025-09-04,0
SEC_1002,Moody's,Short Term,D,2025-09-05,,1
SEC_1002,Morningstar,Long Term,D,2021-01-01,2021-04-25,0
SEC_1002,Morningstar,Long Term,B,2021-04-26,2021-08-16,0
SEC_1002,Morningstar,Long Term,CC,2021-08-17,2022-04-21,0
SEC_1002,Morningstar,Long Term,AA,2022-04-22,2022-05-07,0
SEC_1002,Morningstar,Long Term,B,2022-05-08,2022-05-13,0
SEC_1002,Morningstar,Long Term,A,2022-05-14,2024-03-10,0
SEC_1002,Morningstar,Long Term,CCC,2024-03-11,,1
SEC_1002,S&P,Bond Rating,BB,2021-01-01,2021-05-10,0
SEC_1002,S&P,Bond Rating,AAA,2021-05-11,2022-02-15,0
SEC_1002,S&P,Bond Rating,A,2022-02-16,2022-04-01,0
SEC_1002,S&P,Bond Rating,AA,2022-04-02,2022-08-09,0
SEC_1002,S&P,Bond Rating,BB,2022-08-10,2024-05-08,0
SEC_1002,S&P,Bond Rating,BBB,2024-05-09,2024-12-25,0
SEC_1002,S&P,Bond Rating,BB,2024-12-26,2025-08-10,0
SEC_1002,S&P,Bond Rating,D,2025-08-11,,1
SEC_1003,CARE,Short Term,BB,2021-01-01,2021-07-07,0
SEC_1003,CARE,Short Term,AAA,2021-07-08,2021-10-15,0
SEC_1003,CARE,Short Term,BB,2021-10-16,2022-08-14,0
SEC_1003,CARE,Short Term,BBB,2022-08-15,,1
SEC_1003,ICRA,Issuer Rating,AA,2021-01-01,2021-04-01,0
SEC_1003,ICRA,Issuer Rating,CCC,2021-04-02,2022-05-07,0
SEC_1003,ICRA,Issuer Rating,BB,2022-05-08,2022-06-24,0
SEC_1003,ICRA,Issuer Rating,AA,2022-06-25,2022-09-22,0
SEC_1003,ICRA,Issuer Rating,BBB,2022-09-23,2022-10-10,0
SEC_1003,ICRA,Issuer Rating,D,2022-10-11,2023-04-04,0
SEC_1003,ICRA,Issuer Rating,AA,2023-04-05,2024-02-26,0
SEC_1003,ICRA,Issuer Rating,BB,2024-02-27,2024-08-02,0
SEC_1003,ICRA,Issuer Rating,D,2024-08-03,2024-10-15,0
SEC_1003,ICRA,Issuer Rating,A,2024-10-16,2025-07-03,0
SEC_1003,ICRA,Issuer Rating,D,2025-07-04,,1
SEC_1003,Morningstar,Issuer Rating,D,2021-01-01,2021-09-28,0
SEC_1003,Morningstar,Issuer Rating,AA,2021-09-29,2021-12-23,0
SEC_1003,Morningstar,Issuer Rating,BBB,2021-12-24,2022-05-03,0
SEC_1003,Morningstar,Issuer Rating,CC,2022-05-04,2022-05-03,0
SEC_1003,Morningstar,Issuer Rating,BBB,2022-05-04,2022-08-18,0
SEC_1003,Morningstar,Issuer Rating,AA,2022-08-19,,1
SEC_1003,S&P,Long Term,C,2021-01-01,2021-04-14,0
SEC_1003,S&P,Long Term,AA,2021-04-15,2021-11-21,0
SEC_1003,S&P,Long Term,C,2021-11-22,2022-05-07,0
SEC_1003,S&P,Long Term,AA,2022-05-08,2023-01-20,0
SEC_1003,S&P,Long Term,A,2023-01-21,2023-04-04,0
SEC_1003,S&P,Long Term,AA,2023-04-05,,1
SEC_1004,CARE,Short Term,BBB,2021-01-01,2021-05-31,0
SEC_1004,CARE,Short Term,AA,2021-06-01,2021-08-16,0
SEC_1004,CARE,Short Term,A,2021-08-17,2021-08-26,0
SEC_1004,CARE,Short Term,BBB,2021-08-27,2021-12-16,0
SEC_1004,CARE,Short Term,AA,2021-12-17,2022-10-07,0
SEC_1004,CARE,Short Term,C,2022-10-08,2024-08-18,0
SEC_1004,CARE,Short Term,CC,2024-08-19,2025-05-29,0
SEC_1004,CARE,Short Term,AAA,2025-05-30,,1
SEC_1004,DBRS,Short Term,BBB,2021-01-01,2021-01-30,0
SEC_1004,DBRS,Short Term,AA,2021-01-31,2021-12-14,0
SEC_1004,DBRS,Short Term,BB,2021-12-15,2022-03-14,0
SEC_1004,DBRS,Short Term,CC,2022-03-15,2022-03-14,0
SEC_1004,DBRS,Short Term,A,2022-03-15,2023-10-07,0
SEC_1004,DBRS,Short Term,BB,2023-10-08,2023-12-04,0
SEC_1004,DBRS,Short Term,CCC,2023-12-05,2025-08-21,0
SEC_1004,DBRS,Short Term,BB,2025-08-22,,1
SEC_1004,Fitch,Bond Rating,AA,2021-01-01,2021-08-04,0
SEC_1004,Fitch,Bond Rating,B,2021-08-05,2021-09-01,0
SEC_1004,Fitch,Bond Rating,BB,2021-09-02,2021-11-11,0
SEC_1004,Fitch,Bond Rating,BBB,2021-11-12,2021-12-06,0
SEC_1004,Fitch,Bond Rating,A,2021-12-07,2021-12-16,0
SEC_1004,Fitch,Bond Rating,B,2021-12-17,2022-02-16,0
SEC_1004,Fitch,Bond Rating,BB,2022-02-17,2024-04-04,0
SEC_1004,Fitch,Bond Rating,BBB,2024-04-05,2024-09-20,0
SEC_1004,Fitch,Bond Rating,AA,2024-09-21,2024-11-10,0
SEC_1004,Fitch,Bond Rating,A,2024-11-11,2025-05-11,0
SEC_1004,Fitch,Bond Rating,BBB,2025-05-12,2025-12-20,0
SEC_1004,Fitch,Bond Rating,CCC,2025-12-21,,1
SEC_1004,ICRA,Issuer Rating,A,2021-01-01,2021-04-21,0
SEC_1004,ICRA,Issuer Rating,D,2021-04-22,2021-04-27,0
SEC_1004,ICRA,Issuer Rating,C,2021-04-28,2021-06-19,0
SEC_1004,ICRA,Issuer Rating,AAA,2021-06-20,2022-07-18,0
SEC_1004,ICRA,Issuer Rating,C,2022-07-19,2022-07-24,0
SEC_1004,ICRA,Issuer Rating,A,2022-07-25,2024-01-25,0
SEC_1004,ICRA,Issuer Rating,BB,2024-01-26,,1
SEC_1004,Moody's,Short Term,CC,2021-01-01,2021-05-07,0
SEC_1004,Moody's,Short Term,BBB,2021-05-08,2021-09-13,0
SEC_1004,Moody's,Short Term,AAA,2021-09-14,2023-06-23,0
SEC_1004,Moody's,Short Term,A,2023-06-24,,1
SEC_1004,Morningstar,Long Term,BB,2021-01-01,2021-06-10,0
SEC_1004,Morningstar,Long Term,AA,2021-06-11,2021-07-17,0
SEC_1004,Morningstar,Long Term,D,2021-07-18,2021-08-28,0
SEC_1004,Morningstar,Long Term,A,2021-08-29,2022-04-25,0
SEC_1004,Morningstar,Long Term,BBB,2022-04-26,2022-09-25,0
SEC_1004,Morningstar,Long Term,A,2022-09-26,2023-07-19,0
SEC_1004,Morningstar,Long Term,AA,2023-07-20,2024-11-14,0
SEC_1004,Morningstar,Long Term,BB,2024-11-15,,1
SEC_1004,S&P,Issuer Rating,D,2021-01-01,2021-02-18,0
SEC_1004,S&P,Issuer Rating,C,2021-02-19,2021-04-30,0
SEC_1004,S&P,Issuer Rating,AA,2021-05-01,2021-05-09,0
SEC_1004,S&P,Issuer Rating,B,2021-05-10,2021-06-01,0
SEC_1004,S&P,Issuer Rating,BBB,2021-06-02,2023-05-15,0
SEC_1004,S&P,Issuer Rating,BB,2023-05-16,2025-11-06,0
SEC_1004,S&P,Issuer Rating,CCC,2025-11-07,,1
SEC_1005,CARE,Long Term,AA,2021-01-01,2021-05-16,0
SEC_1005,CARE,Long Term,C,2021-05-17,2021-07-29,0
SEC_1005,CARE,Long Term,A,2021-07-30,2021-08-01,0
SEC_1005,CARE,Long Term,AA,2021-08-02,2021-09-27,0
SEC_1005,CARE,Long Term,D,2021-09-28,2021-11-02,0
SEC_1005,CARE,Long Term,A,2021-11-03,2022-03-24,0
SEC_1005,CARE,Long Term,C,2022-03-25,2022-08-28,0
SEC_1005,CARE,Long Term,BBB,2022-08-29,,1
SEC_1005,DBRS,Long Term,B,2021-01-01,2021-01-30,0
SEC_1005,DBRS,Long Term,D,2021-01-31,2021-09-09,0
SEC_1005,DBRS,Long Term,BBB,2021-09-10,2022-02-08,0
SEC_1005,DBRS,Long Term,BB,2022-02-09,2023-05-17,0
SEC_1005,DBRS,Long Term,AAA,2023-05-18,,1
SEC_1005,Fitch,Long Term,AA,2021-01-01,2021-09-06,0
SEC_1005,Fitch,Long Term,BB,2021-09-07,2022-08-17,0
SEC_1005,Fitch,Long Term,AAA,2022-08-18,2022-10-27,0
SEC_1005,Fitch,Long Term,BB,2022-10-28,2022-12-06,0
SEC_1005,Fitch,Long Term,B,2022-12-07,2023-10-01,0
SEC_1005,Fitch,Long Term,CC,2023-10-02,2023-11-22,0
SEC_1005,Fitch,Long Term,A,2023-11-23,,1
SEC_1005,Moody's,Bond Rating,AA,2021-01-01,2021-08-04,0
SEC_1005,Moody's,Bond Rating,CCC,2021-08-05,2021-10-18,0
SEC_1005,Moody's,Bond Rating,AA,2021-10-19,2022-04-13,0
SEC_1005,Moody's,Bond Rating,BB,2022-04-14,2022-07-14,0
SEC_1005,Moody's,Bond Rating,CCC,2022-07-15,,1
SEC_1005,S&P,Short Term,C,2021-01-01,2021-04-28,0
SEC_1005,S&P,Short Term,BBB,2021-04-29,2021-08-28,0
SEC_1005,S&P,Short Term,CC,2021-08-29,2021-10-05,0
SEC_1005,S&P,Short Term,A,2021-10-06,2022-10-10,0
SEC_1005,S&P,Short Term,AA,2022-10-11,2023-04-15,0
SEC_1005,S&P,Short Term,CC,2023-04-16,,1
SEC_1006,DBRS,Short Term,D,2021-01-01,2021-02-13,0
SEC_1006,DBRS,Short Term,A,2021-02-14,2021-04-24,0
SEC_1006,DBRS,Short Term,BBB,2021-04-25,2021-07-23,0
SEC_1006,DBRS,Short Term,CC,2021-07-24,2023-11-06,0
SEC_1006,DBRS,Short Term,BB,2023-11-07,,1
SEC_1006,Fitch,Long Term,B,2021-01-01,2021-06-19,0
SEC_1006,Fitch,Long Term,BB,2021-06-20,2021-08-08,0
SEC_1006,Fitch,Long Term,AA,2021-08-09,2021-08-19,0
SEC_1006,Fitch,Long Term,CC,2021-08-20,2023-05-02,0
SEC_1006,Fitch,Long Term,AA,2023-05-03,2024-11-30,0
SEC_1006,Fitch,Long Term,BBB,2024-12-01,,1
SEC_1006,ICRA,Short Term,B,2021-01-01,2021-06-29,0
SEC_1006,ICRA,Short Term,AA,2021-06-30,2022-07-03,0
SEC_1006,ICRA,Short Term,B,2022-07-04,2023-05-14,0
SEC_1006,ICRA,Short Term,D,2023-05-15,,1
SEC_1006,Kroll,Issuer Rating,AA,2021-01-01,2021-04-06,0
SEC_1006,Kroll,Issuer Rating,BBB,2021-04-07,2021-10-03,0
SEC_1006,Kroll,Issuer Rating,C,2021-10-04,2022-02-24,0
SEC_1006,Kroll,Issuer Rating,AA,2022-02-25,2022-05-12,0
SEC_1006,Kroll,Issuer Rating,BBB,2022-05-13,2022-07-14,0
SEC_1006,Kroll,Issuer Rating,AA,2022-07-15,2022-12-01,0
SEC_1006,Kroll,Issuer Rating,BBB,2022-12-02,2025-05-09,0
SEC_1006,Kroll,Issuer Rating,D,2025-05-10,,1
SEC_1006,Moody's,Issuer Rating,AA,2021-01-01,2021-05-12,0
SEC_1006,Moody's,Issuer Rating,BB,2021-05-13,2021-09-15,0
SEC_1006,Moody's,Issuer Rating,AAA,2021-09-16,2021-10-24,0
SEC_1006,Moody's,Issuer Rating,CCC,2021-10-25,2021-12-24,0
SEC_1006,Moody's,Issuer Rating,A,2021-12-25,2022-09-12,0
SEC_1006,Moody's,Issuer Rating,BBB,2022-09-13,2025-07-14,0
SEC_1006,Moody's,Issuer Rating,AA,2025-07-15,,1
SEC_1006,Morningstar,Long Term,AA,2021-01-01,2021-04-09,0
SEC_1006,Morningstar,Long Term,B,2021-04-10,2021-09-09,0
SEC_1006,Morningstar,Long Term,A,2021-09-10,2022-03-16,0
SEC_1006,Morningstar,Long Term,D,2022-03-17,2022-05-13,0
SEC_1006,Morningstar,Long Term,BB,2022-05-14,2022-06-30,0
SEC_1006,Morningstar,Long Term,AA,2022-07-01,2022-09-07,0
SEC_1006,Morningstar,Long Term,A,2022-09-08,2022-10-14,0
SEC_1006,Morningstar,Long Term,CC,2022-10-15,2025-06-05,0
SEC_1006,Morningstar,Long Term,AA,2025-06-06,2025-06-08,0
SEC_1006,Morningstar,Long Term,A,2025-06-09,2025-06-12,0
SEC_1006,Morningstar,Long Term,BBB,2025-06-13,2025-12-23,0
SEC_1006,Morningstar,Long Term,BB,2025-12-24,,1
SEC_1007,CARE,Issuer Rating,AAA,2021-01-01,2021-05-13,0
SEC_1007,CARE,Issuer Rating,BBB,2021-05-14,2021-05-16,0
SEC_1007,CARE,Issuer Rating,D,2021-05-17,2022-01-19,0
SEC_1007,CARE,Issuer Rating,A,2022-01-20,2022-03-02,0
SEC_1007,CARE,Issuer Rating,B,2022-03-03,2022-11-12,0
SEC_1007,CARE,Issuer Rating,A,2022-11-13,2023-09-07,0
SEC_1007,CARE,Issuer Rating,AAA,2023-09-08,2023-11-06,0
SEC_1007,CARE,Issuer Rating,BBB,2023-11-07,,1
SEC_1007,Fitch,Issuer Rating,AA,2021-01-01,2021-03-09,0
SEC_1007,Fitch,Issuer Rating,D,2021-03-10,2021-08-30,0
SEC_1007,Fitch,Issuer Rating,A,2021-08-31,2021-11-17,0
SEC_1007,Fitch,Issuer Rating,AA,2021-11-18,2021-12-21,0
SEC_1007,Fitch,Issuer Rating,C,2021-12-22,2022-02-20,0
SEC_1007,Fitch,Issuer Rating,B,2022-02-21,2022-04-17,0
SEC_1007,Fitch,Issuer Rating,BB,2022-04-18,2023-03-09,0
SEC_1007,Fitch,Issuer Rating,B,2023-03-10,2024-12-26,0
SEC_1007,Fitch,Issuer Rating,A,2024-12-27,,1
SEC_1007,ICRA,Long Term,AA,2021-01-01,2021-05-03,0
SEC_1007,ICRA,Long Term,CC,2021-05-04,2021-07-15,0
SEC_1007,ICRA,Long Term,BB,2021-07-16,2021-11-16,0
SEC_1007,ICRA,Long Term,AAA,2021-11-17,2022-02-24,0
SEC_1007,ICRA,Long Term,AA,2022-02-25,2022-06-18,0
SEC_1007,ICRA,Long Term,BBB,2022-06-19,,1
SEC_1007,Kroll,Long Term,A,2021-01-01,2021-12-11,0
SEC_1007,Kroll,Long Term,AA,2021-12-12,2023-01-30,0
SEC_1007,Kroll,Long Term,BBB,2023-01-31,2023-06-01,0
SEC_1007,Kroll,Long Term,A,2023-06-02,2024-08-08,0
SEC_1007,Kroll,Long Term,B,2024-08-09,,1
SEC_1007,S&P,Bond Rating,AA,2021-01-01,2021-07-29,0
SEC_1007,S&P,Bond Rating,BBB,2021-07-30,2021-10-15,0
SEC_1007,S&P,Bond Rating,AAA,2021-10-16,2022-02-18,0
SEC_1007,S&P,Bond Rating,BBB,2022-02-19,2023-03-15,0
SEC_1007,S&P,Bond Rating,AA,2023-03-16,2023-05-20,0
SEC_1007,S&P,Bond Rating,BBB,2023-05-21,2023-08-12,0
SEC_1007,S&P,Bond Rating,AAA,2023-08-13,,1
SEC_1008,CARE,Bond Rating,C,2021-01-01,2021-03-19,0
SEC_1008,CARE,Bond Rating,A,2021-03-20,2021-08-14,0
SEC_1008,CARE,Bond Rating,BBB,2021-08-15,2021-11-08,0
SEC_1008,CARE,Bond Rating,A,2021-11-09,2022-03-08,0
SEC_1008,CARE,Bond Rating,C,2022-03-09,2022-09-10,0
SEC_1008,CARE,Bond Rating,BBB,2022-09-11,2024-11-30,0
SEC_1008,CARE,Bond Rating,BB,2024-12-01,2025-01-03,0
SEC_1008,CARE,Bond Rating,D,2025-01-04,2025-08-07,0
SEC_1008,CARE,Bond Rating,CC,2025-08-08,,1
SEC_1008,Fitch,Long Term,B,2021-01-01,2021-09-09,0
SEC_1008,Fitch,Long Term,D,2021-09-10,2022-02-26,0
SEC_1008,Fitch,Long Term,AAA,2022-02-27,2022-10-06,0
SEC_1008,Fitch,Long Term,BB,2022-10-07,2022-12-13,0
SEC_1008,Fitch,Long Term,B,2022-12-14,2023-04-10,0
SEC_1008,Fitch,Long Term,BBB,2023-04-11,,1
SEC_1008,Kroll,Short Term,D,2021-01-01,2021-07-15,0
SEC_1008,Kroll,Short Term,BB,2021-07-16,2021-09-25,0
SEC_1008,Kroll,Short Term,A,2021-09-26,2021-09-29,0
SEC_1008,Kroll,Short Term,AA,2021-09-30,2023-04-29,0
SEC_1008,Kroll,Short Term,BBB,2023-04-30,2024-02-19,0
SEC_1008,Kroll,Short Term,B,2024-02-20,,1
SEC_1008,Moody's,Long Term,BB,2021-01-01,2021-10-07,0
SEC_1008,Moody's,Long Term,D,2021-10-08,2022-02-26,0
SEC_1008,Moody's,Long Term,A,2022-02-27,2022-04-05,0
SEC_1008,Moody's,Long Term,BB,2022-04-06,2022-09-19,0
SEC_1008,Moody's,Long Term,A,2022-09-20,2023-01-30,0
SEC_1008,Moody's,Long Term,CC,2023-01-31,,1
SEC_1008,Morningstar,Bond Rating,C,2021-01-01,2021-08-11,0
SEC_1008,Morningstar,Bond Rating,CC,2021-08-12,2021-10-13,0
SEC_1008,Morningstar,Bond Rating,A,2021-10-14,2022-04-28,0
SEC_1008,Morningstar,Bond Rating,AAA,2022-04-29,2023-03-11,0
SEC_1008,Morningstar,Bond Rating,BBB,2023-03-12,2024-02-20,0
SEC_1008,Morningstar,Bond Rating,AAA,2024-02-21,2024-03-17,0
SEC_1008,Morningstar,Bond Rating,A,2024-03-18,,1
SEC_1008,S&P,Bond Rating,BBB,2021-01-01,2021-08-27,0
SEC_1008,S&P,Bond Rating,AAA,2021-08-28,2021-10-07,0
SEC_1008,S&P,Bond Rating,BBB,2021-10-08,2022-07-14,0
SEC_1008,S&P,Bond Rating,B,2022-07-15,2022-08-23,0
SEC_1008,S&P,Bond Rating,BB,2022-08-24,2022-10-10,0
SEC_1008,S&P,Bond Rating,A,2022-10-11,2022-12-27,0
SEC_1008,S&P,Bond Rating,BBB,2022-12-28,,1
SEC_1009,CARE,Bond Rating,AA,2021-01-01,2021-04-09,0
SEC_1009,CARE,Bond Rating,BB,2021-04-10,2021-09-23,0
SEC_1009,CARE,Bond Rating,A,2021-09-24,2022-04-05,0
SEC_1009,CARE,Bond Rating,BB,2022-04-06,2022-05-05,0
SEC_1009,CARE,Bond Rating,A,2022-05-06,2022-05-19,0
SEC_1009,CARE,Bond Rating,CC,2022-05-20,2022-05-23,0
SEC_1009,CARE,Bond Rating,A,2022-05-24,2023-11-16,0
SEC_1009,CARE,Bond Rating,BBB,2023-11-17,2025-10-12,0
SEC_1009,CARE,Bond Rating,A,2025-10-13,,1
SEC_1009,DBRS,Long Term,BBB,2021-01-01,2021-06-04,0
SEC_1009,DBRS,Long Term,AAA,2021-06-05,2021-09-17,0
SEC_1009,DBRS,Long Term,C,2021-09-18,2021-10-19,0
SEC_1009,DBRS,Long Term,AAA,2021-10-20,2021-12-26,0
SEC_1009,DBRS,Long Term,D,2021-12-27,,1
SEC_1009,Fitch,Long Term,BBB,2021-01-01,2021-04-08,0
SEC_1009,Fitch,Long Term,A,2021-04-09,2021-08-12,0
SEC_1009,Fitch,Long Term,BB,2021-08-13,2022-07-04,0
SEC_1009,Fitch,Long Term,BBB,2022-07-05,2023-10-17,0
SEC_1009,Fitch,Long Term,BB,2023-10-18,2024-01-27,0
SEC_1009,Fitch,Long Term,B,2024-01-28,2024-02-26,0
SEC_1009,Fitch,Long Term,CC,2024-02-27,,1
SEC_1009,ICRA,Long Term,BB,2021-01-01,2021-02-09,0
SEC_1009,ICRA,Long Term,AA,2021-02-10,2021-10-11,0
SEC_1009,ICRA,Long Term,A,2021-10-12,2022-05-23,0
SEC_1009,ICRA,Long Term,B,2022-05-24,2023-02-22,0
SEC_1009,ICRA,Long Term,AA,2023-02-23,2023-06-24,0
SEC_1009,ICRA,Long Term,A,2023-06-25,2025-08-01,0
SEC_1009,ICRA,Long Term,AA,2025-08-02,,1
SEC_1009,Kroll,Short Term,BBB,2021-01-01,2021-03-24,0
SEC_1009,Kroll,Short Term,B,2021-03-25,2021-08-28,0
SEC_1009,Kroll,Short Term,AAA,2021-08-29,2022-04-29,0
SEC_1009,Kroll,Short Term,B,2022-04-30,2022-05-31,0
SEC_1009,Kroll,Short Term,AA,2022-06-01,2023-01-20,0
SEC_1009,Kroll,Short Term,B,2023-01-21,2025-01-04,0
SEC_1009,Kroll,Short Term,AA,2025-01-05,2025-04-01,0
SEC_1009,Kroll,Short Term,B,2025-04-02,,1
SEC_1009,Moody's,Short Term,BB,2021-01-01,2021-07-21,0
SEC_1009,Moody's,Short Term,CC,2021-07-22,2021-10-06,0
SEC_1009,Moody's,Short Term,AA,2021-10-07,2022-03-14,0
SEC_1009,Moody's,Short Term,B,2022-03-15,2023-06-07,0
SEC_1009,Moody's,Short Term,D,2023-06-08,2023-11-16,0
SEC_1009,Moody's,Short Term,AA,2023-11-17,,1
SEC_1010,CARE,Long Term,BB,2021-01-01,2021-05-03,0
SEC_1010,CARE,Long Term,D,2021-05-04,2021-08-18,0
SEC_1010,CARE,Long Term,BBB,2021-08-19,2021-09-19,0
SEC_1010,CARE,Long Term,AA,2021-09-20,2022-05-31,0
SEC_1010,CARE,Long Term,CC,2022-06-01,2022-06-04,0
SEC_1010,CARE,Long Term,BB,2022-06-05,,1
SEC_1010,DBRS,Issuer Rating,CCC,2021-01-01,2021-05-08,0
SEC_1010,DBRS,Issuer Rating,BB,2021-05-09,2021-09-22,0
SEC_1010,DBRS,Issuer Rating,B,2021-09-23,2021-10-09,0
SEC_1010,DBRS,Issuer Rating,CC,2021-10-10,2022-08-13,0
SEC_1010,DBRS,Issuer Rating,A,2022-08-14,2023-05-05,0
SEC_1010,DBRS,Issuer Rating,C,2023-05-06,2023-11-16,0
SEC_1010,DBRS,Issuer Rating,A,2023-11-17,2024-06-27,0
SEC_1010,DBRS,Issuer Rating,CCC,2024-06-28,2025-11-11,0
SEC_1010,DBRS,Issuer Rating,B,2025-11-12,,1
SEC_1010,ICRA,Issuer Rating,AA,2021-01-01,2021-04-02,0
SEC_1010,ICRA,Issuer Rating,AAA,2021-04-03,2021-04-12,0
SEC_1010,ICRA,Issuer Rating,BBB,2021-04-13,2021-09-27,0
SEC_1010,ICRA,Issuer Rating,A,2021-09-28,2022-06-16,0
SEC_1010,ICRA,Issuer Rating,BBB,2022-06-17,2023-01-08,0
SEC_1010,ICRA,Issuer Rating,BB,2023-01-09,,1
SEC_1010,Kroll,Issuer Rating,BB,2021-01-01,2021-03-09,0
SEC_1010,Kroll,Issuer Rating,B,2021-03-10,2021-06-29,0
SEC_1010,Kroll,Issuer Rating,BB,2021-06-30,2022-09-30,0
SEC_1010,Kroll,Issuer Rating,CC,2022-10-01,2022-11-11,0
SEC_1010,Kroll,Issuer Rating,B,2022-11-12,2022-11-16,0
SEC_1010,Kroll,Issuer Rating,AA,2022-11-17,2022-12-18,0
SEC_1010,Kroll,Issuer Rating,AAA,2022-12-19,2024-01-30,0
SEC_1010,Kroll,Issuer Rating,AA,2024-01-31,2024-09-21,0
SEC_1010,Kroll,Issuer Rating,C,2024-09-22,2025-03-16,0
SEC_1010,Kroll,Issuer Rating,BBB,2025-03-17,,1
SEC_1010,Moody's,Short Term,A,2021-01-01,2021-10-26,0
SEC_1010,Moody's,Short Term,B,2021-10-27,2021-12-10,0
SEC_1010,Moody's,Short Term,AA,2021-12-11,2022-05-13,0
SEC_1010,Moody's,Short Term,D,2022-05-14,2023-03-31,0
SEC_1010,Moody's,Short Term,BBB,2023-04-01,2023-07-13,0
SEC_1010,Moody's,Short Term,CC,2023-07-14,2024-05-04,0
SEC_1010,Moody's,Short Term,C,2024-05-05,2024-05-17,0
SEC_1010,Moody's,Short Term,BB,2024-05-18,2024-06-23,0
SEC_1010,Moody's,Short Term,AA,2024-06-24,2025-02-20,0
SEC_1010,Moody's,Short Term,A,2025-02-21,,1
SEC_1010,S&P,Long Term,CC,2021-01-01,2021-06-11,0
SEC_1010,S&P,Long Term,C,2021-06-12,2021-09-01,0
SEC_1010,S&P,Long Term,A,2021-09-02,2021-11-26,0
SEC_1010,S&P,Long Term,B,2021-11-27,2022-03-30,0
SEC_1010,S&P,Long Term,BBB,2022-03-31,2022-04-17,0
SEC_1010,S&P,Long Term,BB,2022-04-18,2023-05-10,0
SEC_1010,S&P,Long Term,BBB,2023-05-11,,1
SEC_1011,CARE,Issuer Rating,A,2021-01-01,2021-02-09,0
SEC_1011,CARE,Issuer Rating,BB,2021-02-10,2021-08-31,0
SEC_1011,CARE,Issuer Rating,AA,2021-09-01,2021-12-18,0
SEC_1011,CARE,Issuer Rating,BBB,2021-12-19,2022-05-25,0
SEC_1011,CARE,Issuer Rating,A,2022-05-26,2023-03-27,0
SEC_1011,CARE,Issuer Rating,AA,2023-03-28,2023-06-04,0
SEC_1011,CARE,Issuer Rating,D,2023-06-05,2025-09-25,0
SEC_1011,CARE,Issuer Rating,BBB,2025-09-26,,1
SEC_1011,Fitch,Bond Rating,AA,2021-01-01,2021-12-20,0
SEC_1011,Fitch,Bond Rating,BBB,2021-12-21,2022-01-23,0
SEC_1011,Fitch,Bond Rating,B,2022-01-24,,1
SEC_1011,S&P,Bond Rating,A,2021-01-01,2021-04-24,0
SEC_1011,S&P,Bond Rating,AA,2021-04-25,2021-07-15,0
SEC_1011,S&P,Bond Rating,CC,2021-07-16,2021-10-17,0
SEC_1011,S&P,Bond Rating,B,2021-10-18,2022-03-26,0
SEC_1011,S&P,Bond Rating,BBB,2022-03-27,2022-05-03,0
SEC_1011,S&P,Bond Rating,CC,2022-05-04,2024-05-26,0
SEC_1011,S&P,Bond Rating,C,2024-05-27,,1
SEC_1012,CARE,Issuer Rating,BBB,2021-01-01,2021-08-08,0
SEC_1012,CARE,Issuer Rating,A,2021-08-09,2021-10-23,0
SEC_1012,CARE,Issuer Rating,D,2021-10-24,2021-10-27,0
SEC_1012,CARE,Issuer Rating,BBB,2021-10-28,2022-03-10,0
SEC_1012,CARE,Issuer Rating,A,2022-03-11,2022-05-01,0
SEC_1012,CARE,Issuer Rating,BB,2022-05-02,2023-06-07,0
SEC_1012,CARE,Issuer Rating,AA,2023-06-08,2024-02-08,0
SEC_1012,CARE,Issuer Rating,BB,2024-02-09,2024-08-01,0
SEC_1012,CARE,Issuer Rating,A,2024-08-02,,1
SEC_1012,DBRS,Bond Rating,AA,2021-01-01,2021-03-26,0
SEC_1012,DBRS,Bond Rating,BBB,2021-03-27,2021-05-18,0
SEC_1012,DBRS,Bond Rating,BB,2021-05-19,2022-06-12,0
SEC_1012,DBRS,Bond Rating,CCC,2022-06-13,2023-03-09,0
SEC_1012,DBRS,Bond Rating,AAA,2023-03-10,2024-03-09,0
SEC_1012,DBRS,Bond Rating,D,2024-03-10,,1
SEC_1012,Fitch,Short Term,B,2021-01-01,2021-04-22,0
SEC_1012,Fitch,Short Term,AA,2021-04-23,2021-04-23,0
SEC_1012,Fitch,Short Term,BB,2021-04-24,2022-03-28,0
SEC_1012,Fitch,Short Term,A,2022-03-29,2023-03-06,0
SEC_1012,Fitch,Short Term,B,2023-03-07,2023-05-30,0
SEC_1012,Fitch,Short Term,A,2023-05-31,,1
SEC_1012,ICRA,Bond Rating,BB,2021-01-01,2021-03-16,0
SEC_1012,ICRA,Bond Rating,CC,2021-03-17,2022-09-10,0
SEC_1012,ICRA,Bond Rating,BBB,2022-09-11,2022-12-13,0
SEC_1012,ICRA,Bond Rating,B,2022-12-14,2023-01-26,0
SEC_1012,ICRA,Bond Rating,AA,2023-01-27,2023-05-18,0
SEC_1012,ICRA,Bond Rating,BB,2023-05-19,2023-08-18,0
SEC_1012,ICRA,Bond Rating,CCC,2023-08-19,2025-11-06,0
SEC_1012,ICRA,Bond Rating,AA,2025-11-07,,1
SEC_1012,Kroll,Issuer Rating,AA,2021-01-01,2021-05-03,0
SEC_1012,Kroll,Issuer Rating,CC,2021-05-04,2021-09-28,0
SEC_1012,Kroll,Issuer Rating,AA,2021-09-29,2022-05-11,0
SEC_1012,Kroll,Issuer Rating,CC,2022-05-12,2023-06-07,0
SEC_1012,Kroll,Issuer Rating,C,2023-06-08,2024-10-29,0
SEC_1012,Kroll,Issuer Rating,AA,2024-10-30,2025-02-03,0
SEC_1012,Kroll,Issuer Rating,B,2025-02-04,,1
SEC_1012,Moody's,Long Term,BB,2021-01-01,2021-03-03,0
SEC_1012,Moody's,Long Term,A,2021-03-04,2021-08-04,0
SEC_1012,Moody's,Long Term,D,2021-08-05,2021-09-18,0
SEC_1012,Moody's,Long Term,AA,2021-09-19,2022-02-12,0
SEC_1012,Moody's,Long Term,B,2022-02-13,2022-10-02,0
SEC_1012,Moody's,Long Term,BB,2022-10-03,2023-10-17,0
SEC_1012,Moody's,Long Term,AA,2023-10-18,2024-07-25,0
SEC_1012,Moody's,Long Term,BB,2024-07-26,,1
SEC_1012,Morningstar,Long Term,BB,2021-01-01,2021-05-18,0
SEC_1012,Morningstar,Long Term,A,2021-05-19,2021-07-18,0
SEC_1012,Morningstar,Long Term,BBB,2021-07-19,2022-04-07,0
SEC_1012,Morningstar,Long Term,CCC,2022-04-08,2022-09-13,0
SEC_1012,Morningstar,Long Term,BB,2022-09-14,2023-02-04,0
SEC_1012,Morningstar,Long Term,B,2023-02-05,2023-05-30,0
SEC_1012,Morningstar,Long Term,C,2023-05-31,2024-10-31,0
SEC_1012,Morningstar,Long Term,A,2024-11-01,,1
SEC_1013,CARE,Issuer Rating,A,2021-01-01,2021-08-26,0
SEC_1013,CARE,Issuer Rating,B,2021-08-27,2022-03-29,0
SEC_1013,CARE,Issuer Rating,C,2022-03-30,2022-11-19,0
SEC_1013,CARE,Issuer Rating,AA,2022-11-20,,1
SEC_1013,DBRS,Bond Rating,A,2021-01-01,2022-02-12,0
SEC_1013,DBRS,Bond Rating,AA,2022-02-13,2023-01-26,0
SEC_1013,DBRS,Bond Rating,BBB,2023-01-27,2023-03-02,0
SEC_1013,DBRS,Bond Rating,CCC,2023-03-03,2023-07-21,0
SEC_1013,DBRS,Bond Rating,BBB,2023-07-22,2023-11-01,0
SEC_1013,DBRS,Bond Rating,B,2023-11-02,2024-11-04,0
SEC_1013,DBRS,Bond Rating,BBB,2024-11-05,2025-08-07,0
SEC_1013,DBRS,Bond Rating,A,2025-08-08,,1
SEC_1013,ICRA,Short Term,B,2021-01-01,2021-03-17,0
SEC_1013,ICRA,Short Term,A,2021-03-18,2021-09-22,0
SEC_1013,ICRA,Short Term,AA,2021-09-23,2022-02-08,0
SEC_1013,ICRA,Short Term,BB,2022-02-09,2022-12-30,0
SEC_1013,ICRA,Short Term,AA,2022-12-31,2023-05-18,0
SEC_1013,ICRA,Short Term,A,2023-05-19,2024-11-28,0
SEC_1013,ICRA,Short Term,BBB,2024-11-29,,1
SEC_1013,Kroll,Issuer Rating,C,2021-01-01,2021-06-27,0
SEC_1013,Kroll,Issuer Rating,B,2021-06-28,2021-08-25,0
SEC_1013,Kroll,Issuer Rating,BBB,2021-08-26,2022-01-30,0
SEC_1013,Kroll,Issuer Rating,A,2022-01-31,2022-03-08,0
SEC_1013,Kroll,Issuer Rating,B,2022-03-09,2022-06-06,0
SEC_1013,Kroll,Issuer Rating,BBB,2022-06-07,2024-06-13,0
SEC_1013,Kroll,Issuer Rating,AA,2024-06-14,,1
SEC_1013,Morningstar,Issuer Rating,D,2021-01-01,2021-04-27,0
SEC_1013,Morningstar,Issuer Rating,BBB,2021-04-28,2021-07-29,0
SEC_1013,Morningstar,Issuer Rating,B,2021-07-30,2021-08-05,0
SEC_1013,Morningstar,Issuer Rating,AAA,2021-08-06,2022-07-21,0
SEC_1013,Morningstar,Issuer Rating,B,2022-07-22,2024-02-29,0
SEC_1013,Morningstar,Issuer Rating,BBB,2024-03-01,2025-06-14,0
SEC_1013,Morningstar,Issuer Rating,AAA,2025-06-15,,1
SEC_1014,ICRA,Short Term,AA,2021-01-01,2021-04-09,0
SEC_1014,ICRA,Short Term,BB,2021-04-10,2021-05-02,0
SEC_1014,ICRA,Short Term,B,2021-05-03,2021-07-15,0
SEC_1014,ICRA,Short Term,C,2021-07-16,2022-04-29,0
SEC_1014,ICRA,Short Term,A,2022-04-30,2023-01-20,0
SEC_1014,ICRA,Short Term,BBB,2023-01-21,2023-10-27,0
SEC_1014,ICRA,Short Term,D,2023-10-28,,1
SEC_1014,Kroll,Issuer Rating,AA,2021-01-01,2021-03-27,0
SEC_1014,Kroll,Issuer Rating,B,2021-03-28,2021-04-03,0
SEC_1014,Kroll,Issuer Rating,A,2021-04-04,2021-09-26,0
SEC_1014,Kroll,Issuer Rating,BBB,2021-09-27,2021-10-07,0
SEC_1014,Kroll,Issuer Rating,B,2021-10-08,,1
SEC_1014,Moody's,Issuer Rating,AA,2021-01-01,2021-08-23,0
SEC_1014,Moody's,Issuer Rating,BBB,2021-08-24,2021-10-18,0
SEC_1014,Moody's,Issuer Rating,A,2021-10-19,2022-06-28,0
SEC_1014,Moody's,Issuer Rating,D,2022-06-29,2022-10-02,0
SEC_1014,Moody's,Issuer Rating,BB,2022-10-03,,1
SEC_1014,Morningstar,Issuer Rating,D,2021-01-01,2021-03-25,0
SEC_1014,Morningstar,Issuer Rating,B,2021-03-26,2022-02-08,0
SEC_1014,Morningstar,Issuer Rating,BBB,2022-02-09,2022-03-20,0
SEC_1014,Morningstar,Issuer Rating,A,2022-03-21,2022-06-12,0
SEC_1014,Morningstar,Issuer Rating,AA,2022-06-13,2023-01-20,0
SEC_1014,Morningstar,Issuer Rating,D,2023-01-21,2024-04-14,0
SEC_1014,Morningstar,Issuer Rating,A,2024-04-15,,1
SEC_1015,ICRA,Issuer Rating,A,2021-01-01,2021-05-03,0
SEC_1015,ICRA,Issuer Rating,BBB,2021-05-04,2021-07-09,0
SEC_1015,ICRA,Issuer Rating,CC,2021-07-10,2022-02-20,0
SEC_1015,ICRA,Issuer Rating,B,2022-02-21,2023-04-20,0
SEC_1015,ICRA,Issuer Rating,C,2023-04-21,2023-07-19,0
SEC_1015,ICRA,Issuer Rating,AA,2023-07-20,2024-05-09,0
SEC_1015,ICRA,Issuer Rating,BB,2024-05-10,2025-09-08,0
SEC_1015,ICRA,Issuer Rating,A,2025-09-09,2025-09-18,0
SEC_1015,ICRA,Issuer Rating,C,2025-09-19,,1
SEC_1015,Kroll,Short Term,A,2021-01-01,2021-04-27,0
SEC_1015,Kroll,Short Term,AA,2021-04-28,2021-10-17,0
SEC_1015,Kroll,Short Term,AAA,2021-10-18,2022-01-21,0
SEC_1015,Kroll,Short Term,BB,2022-01-22,2022-06-29,0
SEC_1015,Kroll,Short Term,BBB,2022-06-30,2022-08-11,0
SEC_1015,Kroll,Short Term,B,2022-08-12,,1
SEC_1015,Morningstar,Issuer Rating,A,2021-01-01,2021-03-01,0
SEC_1015,Morningstar,Issuer Rating,BB,2021-03-02,2022-05-05,0
SEC_1015,Morningstar,Issuer Rating,AAA,2022-05-06,2022-09-04,0
SEC_1015,Morningstar,Issuer Rating,A,2022-09-05,2023-01-15,0
SEC_1015,Morningstar,Issuer Rating,BB,2023-01-16,2023-07-21,0
SEC_1015,Morningstar,Issuer Rating,A,2023-07-22,2024-01-01,0
SEC_1015,Morningstar,Issuer Rating,C,2024-01-02,2024-01-15,0
SEC_1015,Morningstar,Issuer Rating,B,2024-01-16,2024-12-01,0
SEC_1015,Morningstar,Issuer Rating,BBB,2024-12-02,2025-06-16,0
SEC_1015,Morningstar,Issuer Rating,AA,2025-06-17,2025-07-10,0
SEC_1015,Morningstar,Issuer Rating,A,2025-07-11,,1
SEC_1016,CARE,Issuer Rating,BB,2021-01-01,2021-05-19,0
SEC_1016,CARE,Issuer Rating,B,2021-05-20,2021-12-08,0
SEC_1016,CARE,Issuer Rating,BBB,2021-12-09,2022-08-07,0
SEC_1016,CARE,Issuer Rating,BB,2022-08-08,2022-08-11,0
SEC_1016,CARE,Issuer Rating,AA,2022-08-12,2025-03-22,0
SEC_1016,CARE,Issuer Rating,B,2025-03-23,,1
SEC_1016,Fitch,Long Term,A,2021-01-01,2021-11-29,0
SEC_1016,Fitch,Long Term,BB,2021-11-30,2022-08-13,0
SEC_1016,Fitch,Long Term,B,2022-08-14,2022-09-24,0
SEC_1016,Fitch,Long Term,A,2022-09-25,2023-09-03,0
SEC_1016,Fitch,Long Term,AAA,2023-09-04,2025-05-15,0
SEC_1016,Fitch,Long Term,B,2025-05-16,,1
SEC_1016,ICRA,Short Term,BBB,2021-01-01,2021-04-12,0
SEC_1016,ICRA,Short Term,B,2021-04-13,2021-06-07,0
SEC_1016,ICRA,Short Term,BBB,2021-06-08,2022-01-07,0
SEC_1016,ICRA,Short Term,A,2022-01-08,2022-04-05,0
SEC_1016,ICRA,Short Term,B,2022-04-06,2024-01-15,0
SEC_1016,ICRA,Short Term,BB,2024-01-16,,1
SEC_1016,Moody's,Bond Rating,BBB,2021-01-01,2021-03-31,0
SEC_1016,Moody's,Bond Rating,D,2021-04-01,2021-07-29,0
SEC_1016,Moody's,Bond Rating,BBB,2021-07-30,2021-09-18,0
SEC_1016,Moody's,Bond Rating,CC,2021-09-19,2022-05-05,0
SEC_1016,Moody's,Bond Rating,BBB,2022-05-06,2022-11-15,0
SEC_1016,Moody's,Bond Rating,CCC,2022-11-16,,1
SEC_1016,Morningstar,Bond Rating,A,2021-01-01,2021-04-02,0
SEC_1016,Morningstar,Bond Rating,BBB,2021-04-03,2021-12-20,0
SEC_1016,Morningstar,Bond Rating,CCC,2021-12-21,2022-01-15,0
SEC_1016,Morningstar,Bond Rating,BBB,2022-01-16,2024-10-01,0
SEC_1016,Morningstar,Bond Rating,BB,2024-10-02,,1
SEC_1017,DBRS,Long Term,A,2021-01-01,2021-08-19,0
SEC_1017,DBRS,Long Term,C,2021-08-20,2022-01-21,0
SEC_1017,DBRS,Long Term,BBB,2022-01-22,2022-11-16,0
SEC_1017,DBRS,Long Term,AA,2022-11-17,2023-03-24,0
SEC_1017,DBRS,Long Term,A,2023-03-25,2023-03-27,0
SEC_1017,DBRS,Long Term,CC,2023-03-28,2024-06-06,0
SEC_1017,DBRS,Long Term,CCC,2024-06-07,,1
SEC_1017,Fitch,Long Term,BBB,2021-01-01,2021-03-06,0
SEC_1017,Fitch,Long Term,AA,2021-03-07,2021-09-30,0
SEC_1017,Fitch,Long Term,BBB,2021-10-01,2021-10-31,0
SEC_1017,Fitch,Long Term,BB,2021-11-01,2021-11-26,0
SEC_1017,Fitch,Long Term,BBB,2021-11-27,2022-08-07,0
SEC_1017,Fitch,Long Term,AAA,2022-08-08,2022-08-26,0
SEC_1017,Fitch,Long Term,BB,2022-08-27,2022-12-03,0
SEC_1017,Fitch,Long Term,A,2022-12-04,2023-01-05,0
SEC_1017,Fitch,Long Term,BBB,2023-01-06,2023-03-19,0
SEC_1017,Fitch,Long Term,CCC,2023-03-20,2023-08-28,0
SEC_1017,Fitch,Long Term,C,2023-08-29,,1
SEC_1017,ICRA,Issuer Rating,CCC,2021-01-01,2021-05-26,0
SEC_1017,ICRA,Issuer Rating,B,2021-05-27,2022-04-09,0
SEC_1017,ICRA,Issuer Rating,D,2022-04-10,2023-12-16,0
SEC_1017,ICRA,Issuer Rating,AA,2023-12-17,2024-02-29,0
SEC_1017,ICRA,Issuer Rating,CCC,2024-03-01,,1
SEC_1017,Moody's,Bond Rating,CC,2021-01-01,2021-04-16,0
SEC_1017,Moody's,Bond Rating,AA,2021-04-17,2021-08-26,0
SEC_1017,Moody's,Bond Rating,BB,2021-08-27,2022-02-16,0
SEC_1017,Moody's,Bond Rating,A,2022-02-17,2023-05-26,0
SEC_1017,Moody's,Bond Rating,BB,2023-05-27,2023-07-29,0
SEC_1017,Moody's,Bond Rating,A,2023-07-30,,1
SEC_1017,S&P,Issuer Rating,BB,2021-01-01,2021-06-16,0
SEC_1017,S&P,Issuer Rating,BBB,2021-06-17,2021-08-02,0
SEC_1017,S&P,Issuer Rating,BB,2021-08-03,2021-12-21,0
SEC_1017,S&P,Issuer Rating,A,2021-12-22,2023-04-29,0
SEC_1017,S&P,Issuer Rating,AA,2023-04-30,2024-03-13,0
SEC_1017,S&P,Issuer Rating,C,2024-03-14,2025-06-08,0
SEC_1017,S&P,Issuer Rating,BB,2025-06-09,,1
SEC_1018,DBRS,Issuer Rating,BBB,2021-01-01,2021-04-18,0
SEC_1018,DBRS,Issuer Rating,B,2021-04-19,2021-11-22,0
SEC_1018,DBRS,Issuer Rating,AA,2021-11-23,2022-02-12,0
SEC_1018,DBRS,Issuer Rating,B,2022-02-13,2023-08-12,0
SEC_1018,DBRS,Issuer Rating,AA,2023-08-13,,1
SEC_1018,ICRA,Short Term,AA,2021-01-01,2021-12-26,0
SEC_1018,ICRA,Short Term,C,2021-12-27,2023-03-09,0
SEC_1018,ICRA,Short Term,AA,2023-03-10,2024-02-22,0
SEC_1018,ICRA,Short Term,BBB,2024-02-23,,1
SEC_1018,Kroll,Bond Rating,AA,2021-01-01,2021-11-14,0
SEC_1018,Kroll,Bond Rating,BB,2021-11-15,2022-03-31,0
SEC_1018,Kroll,Bond Rating,A,2022-04-01,2022-12-26,0
SEC_1018,Kroll,Bond Rating,BBB,2022-12-27,2023-05-11,0
SEC_1018,Kroll,Bond Rating,A,2023-05-12,2023-08-10,0
SEC_1018,Kroll,Bond Rating,AA,2023-08-11,2023-12-10,0
SEC_1018,Kroll,Bond Rating,BB,2023-12-11,,1
SEC_1018,Moody's,Long Term,A,2021-01-01,2021-07-12,0
SEC_1018,Moody's,Long Term,AA,2021-07-13,2021-07-23,0
SEC_1018,Moody's,Long Term,BBB,2021-07-24,2021-07-23,0
SEC_1018,Moody's,Long Term,BB,2021-07-24,2021-10-24,0
SEC_1018,Moody's,Long Term,BBB,2021-10-25,2022-01-25,0
SEC_1018,Moody's,Long Term,AA,2022-01-26,2022-01-27,0
SEC_1018,Moody's,Long Term,BBB,2022-01-28,2023-06-19,0
SEC_1018,Moody's,Long Term,BB,2023-06-20,,1
SEC_1018,Morningstar,Bond Rating,CCC,2021-01-01,2021-02-10,0
SEC_1018,Morningstar,Bond Rating,CC,2021-02-11,2021-11-26,0
SEC_1018,Morningstar,Bond Rating,AA,2021-11-27,2022-06-03,0
SEC_1018,Morningstar,Bond Rating,BB,2022-06-04,2022-07-30,0
SEC_1018,Morningstar,Bond Rating,BBB,2022-07-31,2023-01-05,0
SEC_1018,Morningstar,Bond Rating,A,2023-01-06,2025-07-20,0
SEC_1018,Morningstar,Bond Rating,BB,2025-07-21,,1
SEC_1018,S&P,Issuer Rating,AA,2021-01-01,2021-06-13,0
SEC_1018,S&P,Issuer Rating,B,2021-06-14,2021-10-18,0
SEC_1018,S&P,Issuer Rating,AA,2021-10-19,2021-12-10,0
SEC_1018,S&P,Issuer Rating,A,2021-12-11,2022-01-25,0
SEC_1018,S&P,Issuer Rating,BBB,2022-01-26,2024-03-15,0
SEC_1018,S&P,Issuer Rating,C,2024-03-16,,1
SEC_1019,Fitch,Issuer Rating,B,2021-01-01,2021-05-19,0
SEC_1019,Fitch,Issuer Rating,CCC,2021-05-20,2021-06-11,0
SEC_1019,Fitch,Issuer Rating,BB,2021-06-12,2021-09-27,0
SEC_1019,Fitch,Issuer Rating,B,2021-09-28,2021-10-14,0
SEC_1019,Fitch,Issuer Rating,BB,2021-10-15,2022-03-17,0
SEC_1019,Fitch,Issuer Rating,C,2022-03-18,2022-04-25,0
SEC_1019,Fitch,Issuer Rating,B,2022-04-26,2022-06-18,0
SEC_1019,Fitch,Issuer Rating,AA,2022-06-19,2022-08-05,0
SEC_1019,Fitch,Issuer Rating,BB,2022-08-06,2022-08-07,0
SEC_1019,Fitch,Issuer Rating,AA,2022-08-08,,1
SEC_1019,ICRA,Long Term,CCC,2021-01-01,2021-10-08,0
SEC_1019,ICRA,Long Term,AAA,2021-10-09,2021-12-26,0
SEC_1019,ICRA,Long Term,B,2021-12-27,2022-01-31,0
SEC_1019,ICRA,Long Term,BBB,2022-02-01,2022-06-04,0
SEC_1019,ICRA,Long Term,A,2022-06-05,2022-08-01,0
SEC_1019,ICRA,Long Term,AA,2022-08-02,2023-01-06,0
SEC_1019,ICRA,Long Term,A,2023-01-07,2024-06-03,0
SEC_1019,ICRA,Long Term,AA,2024-06-04,2025-12-25,0
SEC_1019,ICRA,Long Term,C,2025-12-26,,1
SEC_1019,Kroll,Issuer Rating,BB,2021-01-01,2021-04-12,0
SEC_1019,Kroll,Issuer Rating,D,2021-04-13,2021-10-10,0
SEC_1019,Kroll,Issuer Rating,AA,2021-10-11,2023-02-23,0
SEC_1019,Kroll,Issuer Rating,BBB,2023-02-24,2024-03-25,0
SEC_1019,Kroll,Issuer Rating,AA,2024-03-26,2025-01-19,0
SEC_1019,Kroll,Issuer Rating,C,2025-01-20,2025-07-23,0
SEC_1019,Kroll,Issuer Rating,B,2025-07-24,,1
SEC_1019,Moody's,Long Term,A,2021-01-01,2021-07-31,0
SEC_1019,Moody's,Long Term,AA,2021-08-01,2021-11-20,0
SEC_1019,Moody's,Long Term,BBB,2021-11-21,2022-01-11,0
SEC_1019,Moody's,Long Term,BB,2022-01-12,2024-04-24,0
SEC_1019,Moody's,Long Term,C,2024-04-25,2024-11-14,0
SEC_1019,Moody's,Long Term,AA,2024-11-15,2024-12-22,0
SEC_1019,Moody's,Long Term,C,2024-12-23,2025-10-02,0
SEC_1019,Moody's,Long Term,BB,2025-10-03,,1
SEC_1020,CARE,Bond Rating,B,2021-01-01,2021-04-24,0
SEC_1020,CARE,Bond Rating,D,2021-04-25,2021-05-28,0
SEC_1020,CARE,Bond Rating,BBB,2021-05-29,2021-08-28,0
SEC_1020,CARE,Bond Rating,A,2021-08-29,2021-12-01,0
SEC_1020,CARE,Bond Rating,B,2021-12-02,2023-05-20,0
SEC_1020,CARE,Bond Rating,A,2023-05-21,2025-02-02,0
SEC_1020,CARE,Bond Rating,CC,2025-02-03,2025-10-30,0
SEC_1020,CARE,Bond Rating,BBB,2025-10-31,,1
SEC_1020,Fitch,Issuer Rating,CCC,2021-01-01,2021-02-27,0
SEC_1020,Fitch,Issuer Rating,AAA,2021-02-28,2021-03-19,0
SEC_1020,Fitch,Issuer Rating,C,2021-03-20,2023-02-22,0
SEC_1020,Fitch,Issuer Rating,BB,2023-02-23,2024-01-09,0
SEC_1020,Fitch,Issuer Rating,AA,2024-01-10,,1
SEC_1020,ICRA,Issuer Rating,C,2021-01-01,2021-08-23,0
SEC_1020,ICRA,Issuer Rating,BB,2021-08-24,2022-02-10,0
SEC_1020,ICRA,Issuer Rating,CC,2022-02-11,2022-03-29,0
SEC_1020,ICRA,Issuer Rating,A,2022-03-30,2023-12-04,0
SEC_1020,ICRA,Issuer Rating,BBB,2023-12-05,,1
SEC_1020,Kroll,Long Term,BB,2021-01-01,2021-11-12,0
SEC_1020,Kroll,Long Term,B,2021-11-13,2022-08-08,0
SEC_1020,Kroll,Long Term,BB,2022-08-09,2023-05-11,0
SEC_1020,Kroll,Long Term,B,2023-05-12,2024-04-14,0
SEC_1020,Kroll,Long Term,A,2024-04-15,2025-03-06,0
SEC_1020,Kroll,Long Term,AAA,2025-03-07,2025-08-31,0
SEC_1020,Kroll,Long Term,AA,2025-09-01,,1
SEC_1020,Moody's,Short Term,AA,2021-01-01,2021-05-22,0
SEC_1020,Moody's,Short Term,BBB,2021-05-23,2021-09-19,0
SEC_1020,Moody's,Short Term,A,2021-09-20,2022-03-02,0
SEC_1020,Moody's,Short Term,BBB,2022-03-03,2023-06-03,0
SEC_1020,Moody's,Short Term,CC,2023-06-04,,1
SEC_1020,Morningstar,Short Term,CC,2021-01-01,2021-07-04,0
SEC_1020,Morningstar,Short Term,BB,2021-07-05,2022-02-08,0
SEC_1020,Morningstar,Short Term,D,2022-02-09,2022-04-09,0
SEC_1020,Morningstar,Short Term,A,2022-04-10,2023-08-24,0
SEC_1020,Morningstar,Short Term,D,2023-08-25,2024-10-05,0
SEC_1020,Morningstar,Short Term,BB,2024-10-06,2024-12-18,0
SEC_1020,Morningstar,Short Term,CC,2024-12-19,2024-12-28,0
SEC_1020,Morningstar,Short Term,BBB,2024-12-29,,1
SEC_1020,S&P,Short Term,AA,2021-01-01,2021-04-17,0
SEC_1020,S&P,Short Term,BBB,2021-04-18,2021-11-08,0
SEC_1020,S&P,Short Term,B,2021-11-09,2022-01-31,0
SEC_1020,S&P,Short Term,C,2022-02-01,2022-11-07,0
SEC_1020,S&P,Short Term,BBB,2022-11-08,2023-06-04,0
SEC_1020,S&P,Short Term,AA,2023-06-05,2024-06-13,0
SEC_1020,S&P,Short Term,CCC,2024-06-14,2024-12-05,0
SEC_1020,S&P,Short Term,BB,2024-12-06,,1
SEC_1021,DBRS,Short Term,CC,2021-01-01,2021-07-31,0
SEC_1021,DBRS,Short Term,AAA,2021-08-01,2021-12-16,0
SEC_1021,DBRS,Short Term,CC,2021-12-17,2022-08-11,0
SEC_1021,DBRS,Short Term,BB,2022-08-12,2023-04-20,0
SEC_1021,DBRS,Short Term,B,2023-04-21,2023-08-08,0
SEC_1021,DBRS,Short Term,CC,2023-08-09,2024-05-23,0
SEC_1021,DBRS,Short Term,CCC,2024-05-24,2024-09-23,0
SEC_1021,DBRS,Short Term,AA,2024-09-24,,1
SEC_1021,Fitch,Short Term,C,2021-01-01,2021-07-07,0
SEC_1021,Fitch,Short Term,D,2021-07-08,2021-11-11,0
SEC_1021,Fitch,Short Term,A,2021-11-12,2022-04-25,0
SEC_1021,Fitch,Short Term,BB,2022-04-26,2022-08-07,0
SEC_1021,Fitch,Short Term,AA,2022-08-08,2024-01-10,0
SEC_1021,Fitch,Short Term,D,2024-01-11,,1
SEC_1021,Moody's,Issuer Rating,A,2021-01-01,2021-04-08,0
SEC_1021,Moody's,Issuer Rating,CC,2021-04-09,2021-05-12,0
SEC_1021,Moody's,Issuer Rating,B,2021-05-13,2021-06-09,0
SEC_1021,Moody's,Issuer Rating,A,2021-06-10,2021-10-16,0
SEC_1021,Moody's,Issuer Rating,BB,2021-10-17,2022-03-20,0
SEC_1021,Moody's,Issuer Rating,A,2022-03-21,2024-07-13,0
SEC_1021,Moody's,Issuer Rating,AA,2024-07-14,,1
SEC_1021,Morningstar,Issuer Rating,CCC,2021-01-01,2021-04-11,0
SEC_1021,Morningstar,Issuer Rating,AAA,2021-04-12,2021-07-14,0
SEC_1021,Morningstar,Issuer Rating,B,2021-07-15,2022-02-03,0
SEC_1021,Morningstar,Issuer Rating,AA,2022-02-04,2023-07-09,0
SEC_1021,Morningstar,Issuer Rating,BBB,2023-07-10,2023-09-14,0
SEC_1021,Morningstar,Issuer Rating,BB,2023-09-15,2023-10-09,0
SEC_1021,Morningstar,Issuer Rating,BBB,2023-10-10,2023-12-07,0
SEC_1021,Morningstar,Issuer Rating,BB,2023-12-08,2025-04-09,0
SEC_1021,Morningstar,Issuer Rating,AA,2025-04-10,,1
SEC_1021,S&P,Bond Rating,BB,2021-01-01,2021-09-02,0
SEC_1021,S&P,Bond Rating,BBB,2021-09-03,2021-09-29,0
SEC_1021,S&P,Bond Rating,A,2021-09-30,2021-11-14,0
SEC_1021,S&P,Bond Rating,AA,2021-11-15,2022-04-25,0
SEC_1021,S&P,Bond Rating,A,2022-04-26,2022-07-14,0
SEC_1021,S&P,Bond Rating,AA,2022-07-15,2024-07-04,0
SEC_1021,S&P,Bond Rating,A,2024-07-05,,1
SEC_1022,DBRS,Issuer Rating,CC,2021-01-01,2021-02-15,0
SEC_1022,DBRS,Issuer Rating,AA,2021-02-16,2021-09-12,0
SEC_1022,DBRS,Issuer Rating,CCC,2021-09-13,2021-10-09,0
SEC_1022,DBRS,Issuer Rating,BBB,2021-10-10,2022-03-30,0
SEC_1022,DBRS,Issuer Rating,AA,2022-03-31,2023-05-30,0
SEC_1022,DBRS,Issuer Rating,BBB,2023-05-31,2023-06-08,0
SEC_1022,DBRS,Issuer Rating,CCC,2023-06-09,2023-11-01,0
SEC_1022,DBRS,Issuer Rating,BB,2023-11-02,2024-05-16,0
SEC_1022,DBRS,Issuer Rating,A,2024-05-17,,1
SEC_1022,Fitch,Short Term,CCC,2021-01-01,2021-07-19,0
SEC_1022,Fitch,Short Term,C,2021-07-20,2021-08-16,0
SEC_1022,Fitch,Short Term,BBB,2021-08-17,2022-01-01,0
SEC_1022,Fitch,Short Term,BB,2022-01-02,2022-05-05,0
SEC_1022,Fitch,Short Term,AA,2022-05-06,2022-05-28,0
SEC_1022,Fitch,Short Term,A,2022-05-29,2022-09-19,0
SEC_1022,Fitch,Short Term,BB,2022-09-20,2022-11-27,0
SEC_1022,Fitch,Short Term,A,2022-11-28,2023-11-01,0
SEC_1022,Fitch,Short Term,AAA,2023-11-02,2024-01-05,0
SEC_1022,Fitch,Short Term,AA,2024-01-06,2024-08-22,0
SEC_1022,Fitch,Short Term,C,2024-08-23,,1
SEC_1022,ICRA,Short Term,BB,2021-01-01,2021-09-07,0
SEC_1022,ICRA,Short Term,AA,2021-09-08,2021-09-09,0
SEC_1022,ICRA,Short Term,A,2021-09-10,2021-12-05,0
SEC_1022,ICRA,Short Term,C,2021-12-06,2022-05-29,0
SEC_1022,ICRA,Short Term,BB,2022-05-30,2024-05-26,0
SEC_1022,ICRA,Short Term,AAA,2024-05-27,2024-06-01,0
SEC_1022,ICRA,Short Term,B,2024-06-02,2025-08-28,0
SEC_1022,ICRA,Short Term,BB,2025-08-29,,1
SEC_1022,Moody's,Short Term,AA,2021-01-01,2021-06-04,0
SEC_1022,Moody's,Short Term,A,2021-06-05,2021-11-12,0
SEC_1022,Moody's,Short Term,AA,2021-11-13,2022-09-25,0
SEC_1022,Moody's,Short Term,B,2022-09-26,2023-03-21,0
SEC_1022,Moody's,Short Term,A,2023-03-22,2023-05-18,0
SEC_1022,Moody's,Short Term,AA,2023-05-19,2024-04-06,0
SEC_1022,Moody's,Short Term,BBB,2024-04-07,2024-04-24,0
SEC_1022,Moody's,Short Term,BB,2024-04-25,2024-09-05,0
SEC_1022,Moody's,Short Term,B,2024-09-06,,1
SEC_1022,S&P,Bond Rating,BBB,2021-01-01,2021-03-20,0
SEC_1022,S&P,Bond Rating,AA,2021-03-21,2021-09-29,0
SEC_1022,S&P,Bond Rating,CC,2021-09-30,2022-01-19,0
SEC_1022,S&P,Bond Rating,B,2022-01-20,2022-02-04,0
SEC_1022,S&P,Bond Rating,D,2022-02-05,2022-09-16,0
SEC_1022,S&P,Bond Rating,BBB,2022-09-17,2022-11-17,0
SEC_1022,S&P,Bond Rating,A,2022-11-18,2023-04-29,0
SEC_1022,S&P,Bond Rating,BB,2023-04-30,2023-06-27,0
SEC_1022,S&P,Bond Rating,CC,2023-06-28,,1
SEC_1023,CARE,Long Term,C,2021-01-01,2021-08-14,0
SEC_1023,CARE,Long Term,D,2021-08-15,2021-11-05,0
SEC_1023,CARE,Long Term,BBB,2021-11-06,2022-06-16,0
SEC_1023,CARE,Long Term,B,2022-06-17,2022-07-24,0
SEC_1023,CARE,Long Term,BBB,2022-07-25,2022-08-15,0
SEC_1023,CARE,Long Term,BB,2022-08-16,2023-02-11,0
SEC_1023,CARE,Long Term,A,2023-02-12,,1
SEC_1023,DBRS,Long Term,BB,2021-01-01,2021-02-14,0
SEC_1023,DBRS,Long Term,AAA,2021-02-15,2021-05-30,0
SEC_1023,DBRS,Long Term,BB,2021-05-31,2021-11-20,0
SEC_1023,DBRS,Long Term,AA,2021-11-21,2022-10-17,0
SEC_1023,DBRS,Long Term,A,2022-10-18,2023-02-03,0
SEC_1023,DBRS,Long Term,AA,2023-02-04,2025-01-03,0
SEC_1023,DBRS,Long Term,A,2025-01-04,2025-04-24,0
SEC_1023,DBRS,Long Term,AA,2025-04-25,,1
SEC_1023,ICRA,Issuer Rating,D,2021-01-01,2021-03-30,0
SEC_1023,ICRA,Issuer Rating,BB,2021-03-31,2022-02-24,0
SEC_1023,ICRA,Issuer Rating,D,2022-02-25,2022-04-25,0
SEC_1023,ICRA,Issuer Rating,BB,2022-04-26,2022-04-29,0
SEC_1023,ICRA,Issuer Rating,AA,2022-04-30,2022-12-29,0
SEC_1023,ICRA,Issuer Rating,CCC,2022-12-30,2023-01-10,0
SEC_1023,ICRA,Issuer Rating,AAA,2023-01-11,2023-08-18,0
SEC_1023,ICRA,Issuer Rating,AA,2023-08-19,2024-05-17,0
SEC_1023,ICRA,Issuer Rating,BB,2024-05-18,2024-12-02,0
SEC_1023,ICRA,Issuer Rating,CC,2024-12-03,,1
SEC_1023,Kroll,Short Term,B,2021-01-01,2021-12-31,0
SEC_1023,Kroll,Short Term,AAA,2022-01-01,2022-01-15,0
SEC_1023,Kroll,Short Term,AA,2022-01-16,2022-05-01,0
SEC_1023,Kroll,Short Term,B,2022-05-02,2022-08-14,0
SEC_1023,Kroll,Short Term,CC,2022-08-15,,1
SEC_1023,S&P,Short Term,BBB,2021-01-01,2021-08-10,0
SEC_1023,S&P,Short Term,A,2021-08-11,2021-10-24,0
SEC_1023,S&P,Short Term,AA,2021-10-25,2022-08-07,0
SEC_1023,S&P,Short Term,CCC,2022-08-08,2023-05-14,0
SEC_1023,S&P,Short Term,C,2023-05-15,2023-11-06,0
SEC_1023,S&P,Short Term,AA,2023-11-07,2024-05-29,0
SEC_1023,S&P,Short Term,AAA,2024-05-30,2024-12-05,0
SEC_1023,S&P,Short Term,BB,2024-12-06,,1
SEC_1024,CARE,Bond Rating,AAA,2021-01-01,2021-03-07,0
SEC_1024,CARE,Bond Rating,B,2021-03-08,2021-10-03,0
SEC_1024,CARE,Bond Rating,AA,2021-10-04,2022-02-12,0
SEC_1024,CARE,Bond Rating,BBB,2022-02-13,2022-05-31,0
SEC_1024,CARE,Bond Rating,AA,2022-06-01,2022-08-07,0
SEC_1024,CARE,Bond Rating,B,2022-08-08,2023-05-05,0
SEC_1024,CARE,Bond Rating,AA,2023-05-06,,1
SEC_1024,DBRS,Issuer Rating,B,2021-01-01,2021-08-20,0
SEC_1024,DBRS,Issuer Rating,AA,2021-08-21,2022-05-17,0
SEC_1024,DBRS,Issuer Rating,BBB,2022-05-18,2022-10-02,0
SEC_1024,DBRS,Issuer Rating,BB,2022-10-03,2022-11-06,0
SEC_1024,DBRS,Issuer Rating,AA,2022-11-07,2022-11-21,0
SEC_1024,DBRS,Issuer Rating,BBB,2022-11-22,2022-12-29,0
SEC_1024,DBRS,Issuer Rating,CC,2022-12-30,2023-02-09,0
SEC_1024,DBRS,Issuer Rating,B,2023-02-10,2023-08-06,0
SEC_1024,DBRS,Issuer Rating,A,2023-08-07,2023-10-20,0
SEC_1024,DBRS,Issuer Rating,B,2023-10-21,2023-11-09,0
SEC_1024,DBRS,Issuer Rating,CCC,2023-11-10,2024-03-17,0
SEC_1024,DBRS,Issuer Rating,AA,2024-03-18,2025-08-10,0
SEC_1024,DBRS,Issuer Rating,BB,2025-08-11,,1
SEC_1024,Fitch,Short Term,AAA,2021-01-01,2021-05-08,0
SEC_1024,Fitch,Short Term,CC,2021-05-09,2021-05-28,0
SEC_1024,Fitch,Short Term,BB,2021-05-29,2021-08-18,0
SEC_1024,Fitch,Short Term,BBB,2021-08-19,2022-04-01,0
SEC_1024,Fitch,Short Term,B,2022-04-02,2023-01-05,0
SEC_1024,Fitch,Short Term,AAA,2023-01-06,2024-05-16,0
SEC_1024,Fitch,Short Term,BBB,2024-05-17,,1
SEC_1024,ICRA,Long Term,A,2021-01-01,2021-08-12,0
SEC_1024,ICRA,Long Term,B,2021-08-13,2021-09-01,0
SEC_1024,ICRA,Long Term,CCC,2021-09-02,2022-11-21,0
SEC_1024,ICRA,Long Term,BB,2022-11-22,2023-06-13,0
SEC_1024,ICRA,Long Term,A,2023-06-14,2023-07-29,0
SEC_1024,ICRA,Long Term,BBB,2023-07-30,2024-10-31,0
SEC_1024,ICRA,Long Term,D,2024-11-01,,1
SEC_1024,Kroll,Issuer Rating,D,2021-01-01,2021-04-24,0
SEC_1024,Kroll,Issuer Rating,AA,2021-04-25,2021-06-10,0
SEC_1024,Kroll,Issuer Rating,A,2021-06-11,2021-11-11,0
SEC_1024,Kroll,Issuer Rating,BB,2021-11-12,2024-01-20,0
SEC_1024,Kroll,Issuer Rating,AA,2024-01-21,2025-09-12,0
SEC_1024,Kroll,Issuer Rating,BBB,2025-09-13,,1
SEC_1024,Moody's,Issuer Rating,AAA,2021-01-01,2021-05-30,0
SEC_1024,Moody's,Issuer Rating,A,2021-05-31,2021-06-12,0
SEC_1024,Moody's,Issuer Rating,AA,2021-06-13,2023-05-30,0
SEC_1024,Moody's,Issuer Rating,B,2023-05-31,,1
SEC_1024,S&P,Long Term,C,2021-01-01,2021-03-31,0
SEC_1024,S&P,Long Term,BB,2021-04-01,2022-08-05,0
SEC_1024,S&P,Long Term,BBB,2022-08-06,2022-09-16,0
SEC_1024,S&P,Long Term,B,2022-09-17,2023-05-05,0
SEC_1024,S&P,Long Term,AA,2023-05-06,2024-04-04,0
SEC_1024,S&P,Long Term,A,2024-04-05,2025-05-15,0
SEC_1024,S&P,Long Term,CC,2025-05-16,,1
SEC_1025,CARE,Long Term,B,2021-01-01,2021-06-24,0
SEC_1025,CARE,Long Term,AA,2021-06-25,2021-11-29,0
SEC_1025,CARE,Long Term,A,2021-11-30,2022-01-15,0
SEC_1025,CARE,Long Term,AA,2022-01-16,2022-07-19,0
SEC_1025,CARE,Long Term,CC,2022-07-20,2022-12-05,0
SEC_1025,CARE,Long Term,B,2022-12-06,2025-03-04,0
SEC_1025,CARE,Long Term,BB,2025-03-05,,1
SEC_1025,Fitch,Long Term,BBB,2021-01-01,2021-08-19,0
SEC_1025,Fitch,Long Term,AA,2021-08-20,2022-08-11,0
SEC_1025,Fitch,Long Term,BBB,2022-08-12,2022-08-13,0
SEC_1025,Fitch,Long Term,B,2022-08-14,2022-11-09,0
SEC_1025,Fitch,Long Term,A,2022-11-10,2022-12-18,0
SEC_1025,Fitch,Long Term,D,2022-12-19,2023-09-03,0
SEC_1025,Fitch,Long Term,A,2023-09-04,2024-07-11,0
SEC_1025,Fitch,Long Term,AA,2024-07-12,,1
SEC_1025,ICRA,Issuer Rating,BBB,2021-01-01,2021-03-07,0
SEC_1025,ICRA,Issuer Rating,CC,2021-03-08,2021-09-21,0
SEC_1025,ICRA,Issuer Rating,A,2021-09-22,2021-12-06,0
SEC_1025,ICRA,Issuer Rating,BB,2021-12-07,2022-10-28,0
SEC_1025,ICRA,Issuer Rating,AAA,2022-10-29,2023-04-28,0
SEC_1025,ICRA,Issuer Rating,BBB,2023-04-29,2024-05-16,0
SEC_1025,ICRA,Issuer Rating,BB,2024-05-17,2024-06-01,0
SEC_1025,ICRA,Issuer Rating,B,2024-06-02,2024-08-18,0
SEC_1025,ICRA,Issuer Rating,BB,2024-08-19,,1
SEC_1025,Kroll,Short Term,BBB,2021-01-01,2021-05-18,0
SEC_1025,Kroll,Short Term,BB,2021-05-19,2021-07-04,0
SEC_1025,Kroll,Short Term,B,2021-07-05,2021-12-23,0
SEC_1025,Kroll,Short Term,A,2021-12-24,2022-06-22,0
SEC_1025,Kroll,Short Term,AAA,2022-06-23,2024-01-21,0
SEC_1025,Kroll,Short Term,A,2024-01-22,2024-01-27,0
SEC_1025,Kroll,Short Term,BB,2024-01-28,,1
SEC_1025,S&P,Issuer Rating,AA,2021-01-01,2021-09-21,0
SEC_1025,S&P,Issuer Rating,AAA,2021-09-22,2022-04-13,0
SEC_1025,S&P,Issuer Rating,A,2022-04-14,2022-04-29,0
SEC_1025,S&P,Issuer Rating,CC,2022-04-30,2022-06-28,0
SEC_1025,S&P,Issuer Rating,C,2022-06-29,2022-09-04,0
SEC_1025,S&P,Issuer Rating,A,2022-09-05,2022-09-22,0
SEC_1025,S&P,Issuer Rating,BBB,2022-09-23,2022-10-02,0
SEC_1025,S&P,Issuer Rating,BB,2022-10-03,2023-11-06,0
SEC_1025,S&P,Issuer Rating,CCC,2023-11-07,2023-11-23,0
SEC_1025,S&P,Issuer Rating,BB,2023-11-24,,1
SEC_1026,ICRA,Short Term,B,2021-01-01,2021-06-04,0
SEC_1026,ICRA,Short Term,CC,2021-06-05,2021-10-03,0
SEC_1026,ICRA,Short Term,CCC,2021-10-04,2021-10-18,0
SEC_1026,ICRA,Short Term,A,2021-10-19,2022-03-02,0
SEC_1026,ICRA,Short Term,AA,2022-03-03,2023-02-15,0
SEC_1026,ICRA,Short Term,BBB,2023-02-16,2023-08-13,0
SEC_1026,ICRA,Short Term,BB,2023-08-14,2023-08-24,0
SEC_1026,ICRA,Short Term,D,2023-08-25,,1
SEC_1026,Kroll,Issuer Rating,B,2021-01-01,2021-09-20,0
SEC_1026,Kroll,Issuer Rating,D,2021-09-21,2022-01-19,0
SEC_1026,Kroll,Issuer Rating,A,2022-01-20,2022-08-05,0
SEC_1026,Kroll,Issuer Rating,B,2022-08-06,2022-08-27,0
SEC_1026,Kroll,Issuer Rating,A,2022-08-28,2023-04-02,0
SEC_1026,Kroll,Issuer Rating,BBB,2023-04-03,2023-09-22,0
SEC_1026,Kroll,Issuer Rating,A,2023-09-23,2025-04-24,0
SEC_1026,Kroll,Issuer Rating,C,2025-04-25,,1
SEC_1026,Morningstar,Long Term,A,2021-01-01,2021-02-05,0
SEC_1026,Morningstar,Long Term,AA,2021-02-06,2021-06-19,0
SEC_1026,Morningstar,Long Term,AAA,2021-06-20,2022-10-28,0
SEC_1026,Morningstar,Long Term,B,2022-10-29,2022-12-09,0
SEC_1026,Morningstar,Long Term,D,2022-12-10,2023-07-19,0
SEC_1026,Morningstar,Long Term,BBB,2023-07-20,,1
SEC_1026,S&P,Short Term,BB,2021-01-01,2021-04-03,0
SEC_1026,S&P,Short Term,A,2021-04-04,2021-06-29,0
SEC_1026,S&P,Short Term,AA,2021-06-30,2022-02-14,0
SEC_1026,S&P,Short Term,BB,2022-02-15,,1
SEC_1027,Fitch,Long Term,CCC,2021-01-01,2021-05-17,0
SEC_1027,Fitch,Long Term,BB,2021-05-18,2021-07-17,0
SEC_1027,Fitch,Long Term,AA,2021-07-18,2022-01-28,0
SEC_1027,Fitch,Long Term,BB,2022-01-29,2023-09-07,0
SEC_1027,Fitch,Long Term,B,2023-09-08,2024-03-05,0
SEC_1027,Fitch,Long Term,D,2024-03-06,2025-06-14,0
SEC_1027,Fitch,Long Term,CC,2025-06-15,,1
SEC_1027,Moody's,Issuer Rating,D,2021-01-01,2021-04-03,0
SEC_1027,Moody's,Issuer Rating,AA,2021-04-04,2021-06-19,0
SEC_1027,Moody's,Issuer Rating,CC,2021-06-20,2021-08-16,0
SEC_1027,Moody's,Issuer Rating,BB,2021-08-17,2023-03-03,0
SEC_1027,Moody's,Issuer Rating,CC,2023-03-04,2024-01-05,0
SEC_1027,Moody's,Issuer Rating,BB,2024-01-06,2024-07-01,0
SEC_1027,Moody's,Issuer Rating,BBB,2024-07-02,,1
SEC_1027,S&P,Short Term,AA,2021-01-01,2021-08-10,0
SEC_1027,S&P,Short Term,A,2021-08-11,2021-12-02,0
SEC_1027,S&P,Short Term,AA,2021-12-03,2022-01-19,0
SEC_1027,S&P,Short Term,C,2022-01-20,2022-06-16,0
SEC_1027,S&P,Short Term,D,2022-06-17,2023-08-28,0
SEC_1027,S&P,Short Term,A,2023-08-29,,1
SEC_1028,DBRS,Issuer Rating,D,2021-01-01,2021-03-31,0
SEC_1028,DBRS,Issuer Rating,AA,2021-04-01,2021-06-01,0
SEC_1028,DBRS,Issuer Rating,A,2021-06-02,2022-06-06,0
SEC_1028,DBRS,Issuer Rating,AA,2022-06-07,2023-11-18,0
SEC_1028,DBRS,Issuer Rating,CCC,2023-11-19,2023-12-21,0
SEC_1028,DBRS,Issuer Rating,AA,2023-12-22,,1
SEC_1028,Kroll,Issuer Rating,A,2021-01-01,2021-08-05,0
SEC_1028,Kroll,Issuer Rating,BBB,2021-08-06,2021-11-08,0
SEC_1028,Kroll,Issuer Rating,AAA,2021-11-09,2022-08-02,0
SEC_1028,Kroll,Issuer Rating,AA,2022-08-03,2023-06-11,0
SEC_1028,Kroll,Issuer Rating,BBB,2023-06-12,2025-09-30,0
SEC_1028,Kroll,Issuer Rating,A,2025-10-01,,1
SEC_1028,Moody's,Bond Rating,AA,2021-01-01,2021-08-28,0
SEC_1028,Moody's,Bond Rating,B,2021-08-29,2021-10-22,0
SEC_1028,Moody's,Bond Rating,A,2021-10-23,2022-03-02,0
SEC_1028,Moody's,Bond Rating,B,2022-03-03,2022-07-30,0
SEC_1028,Moody's,Bond Rating,D,2022-07-31,2022-07-30,0
SEC_1028,Moody's,Bond Rating,AAA,2022-07-31,2024-03-17,0
SEC_1028,Moody's,Bond Rating,CC,2024-03-18,,1
SEC_1028,Morningstar,Long Term,CCC,2021-01-01,2021-05-25,0
SEC_1028,Morningstar,Long Term,BB,2021-05-26,2021-06-17,0
SEC_1028,Morningstar,Long Term,B,2021-06-18,2022-05-23,0
SEC_1028,Morningstar,Long Term,BBB,2022-05-24,2022-06-12,0
SEC_1028,Morningstar,Long Term,A,2022-06-13,2022-08-04,0
SEC_1028,Morningstar,Long Term,BBB,2022-08-05,2023-05-08,0
SEC_1028,Morningstar,Long Term,BB,2023-05-09,2023-12-26,0
SEC_1028,Morningstar,Long Term,CCC,2023-12-27,,1
SEC_1028,S&P,Bond Rating,B,2021-01-01,2021-09-03,0
SEC_1028,S&P,Bond Rating,A,2021-09-04,2021-09-07,0
SEC_1028,S&P,Bond Rating,D,2021-09-08,2021-10-25,0
SEC_1028,S&P,Bond Rating,A,2021-10-26,2021-12-17,0
SEC_1028,S&P,Bond Rating,AA,2021-12-18,2022-04-18,0
SEC_1028,S&P,Bond Rating,C,2022-04-19,2022-05-07,0
SEC_1028,S&P,Bond Rating,D,2022-05-08,2022-10-25,0
SEC_1028,S&P,Bond Rating,AA,2022-10-26,2023-04-10,0
SEC_1028,S&P,Bond Rating,C,2023-04-11,2023-09-11,0
SEC_1028,S&P,Bond Rating,B,2023-09-12,2023-11-14,0
SEC_1028,S&P,Bond Rating,BB,2023-11-15,2025-08-23,0
SEC_1028,S&P,Bond Rating,BBB,2025-08-24,2025-08-28,0
SEC_1028,S&P,Bond Rating,CC,2025-08-29,,1
SEC_1029,CARE,Issuer Rating,C,2021-01-01,2021-10-20,0
SEC_1029,CARE,Issuer Rating,BBB,2021-10-21,2022-01-07,0
SEC_1029,CARE,Issuer Rating,BB,2022-01-08,2022-03-26,0
SEC_1029,CARE,Issuer Rating,AAA,2022-03-27,2022-06-28,0
SEC_1029,CARE,Issuer Rating,D,2022-06-29,2023-02-13,0
SEC_1029,CARE,Issuer Rating,C,2023-02-14,2023-04-10,0
SEC_1029,CARE,Issuer Rating,AA,2023-04-11,2024-04-04,0
SEC_1029,CARE,Issuer Rating,D,2024-04-05,2024-06-22,0
SEC_1029,CARE,Issuer Rating,BB,2024-06-23,2025-07-06,0
SEC_1029,CARE,Issuer Rating,A,2025-07-07,,1
SEC_1029,DBRS,Long Term,B,2021-01-01,2021-03-25,0
SEC_1029,DBRS,Long Term,C,2021-03-26,2021-08-13,0
SEC_1029,DBRS,Long Term,BBB,2021-08-14,2021-09-13,0
SEC_1029,DBRS,Long Term,BB,2021-09-14,2022-05-31,0
SEC_1029,DBRS,Long Term,AA,2022-06-01,2023-02-13,0
SEC_1029,DBRS,Long Term,BB,2023-02-14,,1
SEC_1029,ICRA,Issuer Rating,AAA,2021-01-01,2021-05-06,0
SEC_1029,ICRA,Issuer Rating,A,2021-05-07,2021-07-31,0
SEC_1029,ICRA,Issuer Rating,BB,2021-08-01,2021-09-03,0
SEC_1029,ICRA,Issuer Rating,BBB,2021-09-04,2022-02-12,0
SEC_1029,ICRA,Issuer Rating,BB,2022-02-13,,1
SEC_1029,Kroll,Issuer Rating,BBB,2021-01-01,2021-03-23,0
SEC_1029,Kroll,Issuer Rating,BB,2021-03-24,2021-06-13,0
SEC_1029,Kroll,Issuer Rating,BBB,2021-06-14,2021-08-13,0
SEC_1029,Kroll,Issuer Rating,BB,2021-08-14,2023-02-15,0
SEC_1029,Kroll,Issuer Rating,A,2023-02-16,2023-09-29,0
SEC_1029,Kroll,Issuer Rating,AA,2023-09-30,2024-12-05,0
SEC_1029,Kroll,Issuer Rating,CC,2024-12-06,,1
SEC_1029,Moody's,Bond Rating,AA,2021-01-01,2021-06-05,0
SEC_1029,Moody's,Bond Rating,BB,2021-06-06,2021-11-20,0
SEC_1029,Moody's,Bond Rating,CC,2021-11-21,2022-09-17,0
SEC_1029,Moody's,Bond Rating,A,2022-09-18,2023-01-02,0
SEC_1029,Moody's,Bond Rating,C,2023-01-03,,1
SEC_1029,Morningstar,Long Term,BBB,2021-01-01,2021-02-19,0
SEC_1029,Morningstar,Long Term,D,2021-02-20,2021-08-16,0
SEC_1029,Morningstar,Long Term,BBB,2021-08-17,2022-01-25,0
SEC_1029,Morningstar,Long Term,CCC,2022-01-26,2022-04-25,0
SEC_1029,Morningstar,Long Term,BB,2022-04-26,,1
SEC_1029,S&P,Issuer Rating,BB,2021-01-01,2021-06-09,0
SEC_1029,S&P,Issuer Rating,A,2021-06-10,2021-07-21,0
SEC_1029,S&P,Issuer Rating,BB,2021-07-22,2022-01-17,0
SEC_1029,S&P,Issuer Rating,BBB,2022-01-18,2022-02-04,0
SEC_1029,S&P,Issuer Rating,BB,2022-02-05,2022-10-20,0
SEC_1029,S&P,Issuer Rating,AA,2022-10-21,2023-01-05,0
SEC_1029,S&P,Issuer Rating,BBB,2023-01-06,2024-03-13,0
SEC_1029,S&P,Issuer Rating,AA,2024-03-14,,1
SEC_1030,CARE,Issuer Rating,A,2021-01-01,2021-03-31,0
SEC_1030,CARE,Issuer Rating,CCC,2021-04-01,2021-08-04,0
SEC_1030,CARE,Issuer Rating,AA,2021-08-05,2021-09-30,0
SEC_1030,CARE,Issuer Rating,BB,2021-10-01,2022-10-18,0
SEC_1030,CARE,Issuer Rating,AA,2022-10-19,2022-12-01,0
SEC_1030,CARE,Issuer Rating,D,2022-12-02,2024-02-08,0
SEC_1030,CARE,Issuer Rating,BB,2024-02-09,,1
SEC_1030,DBRS,Issuer Rating,BBB,2021-01-01,2022-01-23,0
SEC_1030,DBRS,Issuer Rating,B,2022-01-24,2022-05-01,0
SEC_1030,DBRS,Issuer Rating,A,2022-05-02,2022-08-15,0
SEC_1030,DBRS,Issuer Rating,BB,2022-08-16,2022-09-22,0
SEC_1030,DBRS,Issuer Rating,BBB,2022-09-23,2025-09-11,0
SEC_1030,DBRS,Issuer Rating,B,2025-09-12,,1
SEC_1030,Fitch,Short Term,CCC,2021-01-01,2021-03-20,0
SEC_1030,Fitch,Short Term,BB,2021-03-21,2021-10-24,0
SEC_1030,Fitch,Short Term,BBB,2021-10-25,2022-01-05,0
SEC_1030,Fitch,Short Term,BB,2022-01-06,2022-01-23,0
SEC_1030,Fitch,Short Term,AA,2022-01-24,,1
SEC_1030,Kroll,Bond Rating,CCC,2021-01-01,2021-07-23,0
SEC_1030,Kroll,Bond Rating,CC,2021-07-24,2021-09-23,0
SEC_1030,Kroll,Bond Rating,BB,2021-09-24,2022-09-22,0
SEC_1030,Kroll,Bond Rating,BBB,2022-09-23,2023-05-14,0
SEC_1030,Kroll,Bond Rating,B,2023-05-15,2024-02-15,0
SEC_1030,Kroll,Bond Rating,A,2024-02-16,2024-06-08,0
SEC_1030,Kroll,Bond Rating,BBB,2024-06-09,,1
SEC_1030,Moody's,Bond Rating,C,2021-01-01,2021-02-03,0
SEC_1030,Moody's,Bond Rating,BBB,2021-02-04,2022-03-31,0
SEC_1030,Moody's,Bond Rating,C,2022-04-01,2022-07-08,0
SEC_1030,Moody's,Bond Rating,AAA,2022-07-09,2022-10-04,0
SEC_1030,Moody's,Bond Rating,BBB,2022-10-05,2023-02-04,0
SEC_1030,Moody's,Bond Rating,B,2023-02-05,2025-10-30,0
SEC_1030,Moody's,Bond Rating,AA,2025-10-31,,1
SEC_1030,S&P,Issuer Rating,BBB,2021-01-01,2021-03-15,0
SEC_1030,S&P,Issuer Rating,AA,2021-03-16,2022-06-24,0
SEC_1030,S&P,Issuer Rating,BB,2022-06-25,2022-07-12,0
SEC_1030,S&P,Issuer Rating,AA,2022-07-13,2023-04-13,0
SEC_1030,S&P,Issuer Rating,BBB,2023-04-14,2023-10-17,0
SEC_1030,S&P,Issuer Rating,BB,2023-10-18,2024-01-30,0
SEC_1030,S&P,Issuer Rating,C,2024-01-31,2024-03-29,0
SEC_1030,S&P,Issuer Rating,A,2024-03-30,2025-01-21,0
SEC_1030,S&P,Issuer Rating,AA,2025-01-22,2025-09-16,0
SEC_1030,S&P,Issuer Rating,BBB,2025-09-17,,1
SEC_1031,CARE,Issuer Rating,A,2021-01-01,2021-09-21,0
SEC_1031,CARE,Issuer Rating,AA,2021-09-22,2022-06-28,0
SEC_1031,CARE,Issuer Rating,BB,2022-06-29,2024-10-01,0
SEC_1031,CARE,Issuer Rating,CCC,2024-10-02,,1
SEC_1031,DBRS,Bond Rating,AA,2021-01-01,2021-06-07,0
SEC_1031,DBRS,Bond Rating,A,2021-06-08,2021-10-03,0
SEC_1031,DBRS,Bond Rating,C,2021-10-04,2022-03-14,0
SEC_1031,DBRS,Bond Rating,AA,2022-03-15,2022-05-27,0
SEC_1031,DBRS,Bond Rating,CC,2022-05-28,2022-06-24,0
SEC_1031,DBRS,Bond Rating,AA,2022-06-25,2022-08-23,0
SEC_1031,DBRS,Bond Rating,B,2022-08-24,2024-11-14,0
SEC_1031,DBRS,Bond Rating,C,2024-11-15,,1
SEC_1031,ICRA,Bond Rating,BBB,2021-01-01,2021-03-15,0
SEC_1031,ICRA,Bond Rating,AA,2021-03-16,2021-06-19,0
SEC_1031,ICRA,Bond Rating,BBB,2021-06-20,2021-09-29,0
SEC_1031,ICRA,Bond Rating,CC,2021-09-30,2022-01-04,0
SEC_1031,ICRA,Bond Rating,AAA,2022-01-05,2023-12-16,0
SEC_1031,ICRA,Bond Rating,C,2023-12-17,,1
SEC_1031,Kroll,Bond Rating,BBB,2021-01-01,2021-04-13,0
SEC_1031,Kroll,Bond Rating,AA,2021-04-14,2021-09-17,0
SEC_1031,Kroll,Bond Rating,BBB,2021-09-18,2023-04-20,0
SEC_1031,Kroll,Bond Rating,A,2023-04-21,2023-05-02,0
SEC_1031,Kroll,Bond Rating,BB,2023-05-03,2023-09-07,0
SEC_1031,Kroll,Bond Rating,BBB,2023-09-08,2025-01-11,0
SEC_1031,Kroll,Bond Rating,AA,2025-01-12,2025-03-10,0
SEC_1031,Kroll,Bond Rating,BB,2025-03-11,,1
SEC_1031,Moody's,Short Term,AAA,2021-01-01,2021-03-28,0
SEC_1031,Moody's,Short Term,BB,2021-03-29,2021-10-17,0
SEC_1031,Moody's,Short Term,BBB,2021-10-18,2022-06-20,0
SEC_1031,Moody's,Short Term,A,2022-06-21,2022-11-27,0
SEC_1031,Moody's,Short Term,BBB,2022-11-28,,1
SEC_1031,S&P,Bond Rating,BBB,2021-01-01,2021-09-07,0
SEC_1031,S&P,Bond Rating,AA,2021-09-08,2022-02-24,0
SEC_1031,S&P,Bond Rating,D,2022-02-25,2022-03-28,0
SEC_1031,S&P,Bond Rating,BB,2022-03-29,2022-06-18,0
SEC_1031,S&P,Bond Rating,AA,2022-06-19,,1
SEC_1032,CARE,Issuer Rating,A,2021-01-01,2021-02-23,0
SEC_1032,CARE,Issuer Rating,CCC,2021-02-24,2021-08-16,0
SEC_1032,CARE,Issuer Rating,AA,2021-08-17,2021-09-12,0
SEC_1032,CARE,Issuer Rating,BBB,2021-09-13,2021-09-29,0
SEC_1032,CARE,Issuer Rating,CCC,2021-09-30,2022-09-08,0
SEC_1032,CARE,Issuer Rating,BBB,2022-09-09,2025-06-08,0
SEC_1032,CARE,Issuer Rating,CCC,2025-06-09,,1
SEC_1032,Fitch,Short Term,BBB,2021-01-01,2021-10-05,0
SEC_1032,Fitch,Short Term,A,2021-10-06,2021-11-30,0
SEC_1032,Fitch,Short Term,BBB,2021-12-01,2022-01-31,0
SEC_1032,Fitch,Short Term,A,2022-02-01,2022-02-06,0
SEC_1032,Fitch,Short Term,D,2022-02-07,2022-04-01,0
SEC_1032,Fitch,Short Term,AA,2022-04-02,2023-11-06,0
SEC_1032,Fitch,Short Term,B,2023-11-07,,1
SEC_1032,Kroll,Long Term,B,2021-01-01,2021-07-29,0
SEC_1032,Kroll,Long Term,CCC,2021-07-30,2021-09-28,0
SEC_1032,Kroll,Long Term,BB,2021-09-29,2021-10-24,0
SEC_1032,Kroll,Long Term,AA,2021-10-25,2022-02-28,0
SEC_1032,Kroll,Long Term,BBB,2022-03-01,2022-04-28,0
SEC_1032,Kroll,Long Term,AA,2022-04-29,2022-05-15,0
SEC_1032,Kroll,Long Term,BBB,2022-05-16,2022-10-22,0
SEC_1032,Kroll,Long Term,B,2022-10-23,2022-12-05,0
SEC_1032,Kroll,Long Term,CCC,2022-12-06,2024-09-05,0
SEC_1032,Kroll,Long Term,B,2024-09-06,,1
SEC_1032,Moody's,Short Term,BBB,2021-01-01,2021-08-19,0
SEC_1032,Moody's,Short Term,B,2021-08-20,2022-05-01,0
SEC_1032,Moody's,Short Term,CC,2022-05-02,2022-12-29,0
SEC_1032,Moody's,Short Term,A,2022-12-30,,1
SEC_1032,Morningstar,Issuer Rating,AA,2021-01-01,2021-04-20,0
SEC_1032,Morningstar,Issuer Rating,BBB,2021-04-21,2021-08-22,0
SEC_1032,Morningstar,Issuer Rating,AA,2021-08-23,2022-02-03,0
SEC_1032,Morningstar,Issuer Rating,B,2022-02-04,2022-05-15,0
SEC_1032,Morningstar,Issuer Rating,A,2022-05-16,2024-02-09,0
SEC_1032,Morningstar,Issuer Rating,AAA,2024-02-10,2024-03-21,0
SEC_1032,Morningstar,Issuer Rating,CC,2024-03-22,,1
SEC_1033,Fitch,Short Term,AA,2021-01-01,2021-07-29,0
SEC_1033,Fitch,Short Term,CCC,2021-07-30,2021-08-06,0
SEC_1033,Fitch,Short Term,AA,2021-08-07,2022-01-31,0
SEC_1033,Fitch,Short Term,B,2022-02-01,2022-05-05,0
SEC_1033,Fitch,Short Term,D,2022-05-06,2023-02-02,0
SEC_1033,Fitch,Short Term,BB,2023-02-03,2023-06-07,0
SEC_1033,Fitch,Short Term,A,2023-06-08,2023-08-02,0
SEC_1033,Fitch,Short Term,AA,2023-08-03,2023-11-22,0
SEC_1033,Fitch,Short Term,BB,2023-11-23,2024-12-26,0
SEC_1033,Fitch,Short Term,D,2024-12-27,2025-06-08,0
SEC_1033,Fitch,Short Term,AA,2025-06-09,2025-09-12,0
SEC_1033,Fitch,Short Term,CCC,2025-09-13,,1
SEC_1033,Kroll,Bond Rating,AAA,2021-01-01,2021-05-22,0
SEC_1033,Kroll,Bond Rating,BB,2021-05-23,2022-03-06,0
SEC_1033,Kroll,Bond Rating,B,2022-03-07,2022-05-19,0
SEC_1033,Kroll,Bond Rating,A,2022-05-20,2022-05-22,0
SEC_1033,Kroll,Bond Rating,CC,2022-05-23,2022-07-07,0
SEC_1033,Kroll,Bond Rating,CCC,2022-07-08,2022-08-11,0
SEC_1033,Kroll,Bond Rating,AAA,2022-08-12,,1
SEC_1033,S&P,Issuer Rating,CCC,2021-01-01,2021-07-23,0
SEC_1033,S&P,Issuer Rating,BB,2021-07-24,2021-10-15,0
SEC_1033,S&P,Issuer Rating,AA,2021-10-16,2022-02-28,0
SEC_1033,S&P,Issuer Rating,AAA,2022-03-01,,1
SEC_1034,DBRS,Issuer Rating,BBB,2021-01-01,2021-06-26,0
SEC_1034,DBRS,Issuer Rating,BB,2021-06-27,2021-08-14,0
SEC_1034,DBRS,Issuer Rating,AA,2021-08-15,2022-01-20,0
SEC_1034,DBRS,Issuer Rating,A,2022-01-21,2022-05-04,0
SEC_1034,DBRS,Issuer Rating,B,2022-05-05,2022-09-08,0
SEC_1034,DBRS,Issuer Rating,AA,2022-09-09,2023-01-22,0
SEC_1034,DBRS,Issuer Rating,D,2023-01-23,2024-03-25,0
SEC_1034,DBRS,Issuer Rating,BBB,2024-03-26,2025-04-21,0
SEC_1034,DBRS,Issuer Rating,AA,2025-04-22,2025-07-05,0
SEC_1034,DBRS,Issuer Rating,BBB,2025-07-06,,1
SEC_1034,Kroll,Long Term,A,2021-01-01,2021-04-18,0
SEC_1034,Kroll,Long Term,B,2021-04-19,2021-11-18,0
SEC_1034,Kroll,Long Term,AA,2021-11-19,2022-03-06,0
SEC_1034,Kroll,Long Term,BBB,2022-03-07,2022-04-16,0
SEC_1034,Kroll,Long Term,C,2022-04-17,2022-05-03,0
SEC_1034,Kroll,Long Term,D,2022-05-04,2023-07-13,0
SEC_1034,Kroll,Long Term,BBB,2023-07-14,,1
SEC_1034,Moody's,Bond Rating,A,2021-01-01,2021-04-21,0
SEC_1034,Moody's,Bond Rating,BBB,2021-04-22,2022-05-11,0
SEC_1034,Moody's,Bond Rating,CC,2022-05-12,2022-11-30,0
SEC_1034,Moody's,Bond Rating,A,2022-12-01,2023-07-07,0
SEC_1034,Moody's,Bond Rating,BBB,2023-07-08,2024-03-25,0
SEC_1034,Moody's,Bond Rating,AA,2024-03-26,2024-09-26,0
SEC_1034,Moody's,Bond Rating,BB,2024-09-27,,1
SEC_1035,CARE,Issuer Rating,AA,2021-01-01,2021-03-05,0
SEC_1035,CARE,Issuer Rating,B,2021-03-06,2021-08-24,0
SEC_1035,CARE,Issuer Rating,AAA,2021-08-25,2022-06-08,0
SEC_1035,CARE,Issuer Rating,A,2022-06-09,2023-03-21,0
SEC_1035,CARE,Issuer Rating,CC,2023-03-22,2023-03-24,0
SEC_1035,CARE,Issuer Rating,AAA,2023-03-25,2023-06-23,0
SEC_1035,CARE,Issuer Rating,D,2023-06-24,2023-08-24,0
SEC_1035,CARE,Issuer Rating,B,2023-08-25,2024-10-17,0
SEC_1035,CARE,Issuer Rating,C,2024-10-18,,1
SEC_1035,DBRS,Short Term,AA,2021-01-01,2021-04-30,0
SEC_1035,DBRS,Short Term,B,2021-05-01,2022-06-28,0
SEC_1035,DBRS,Short Term,A,2022-06-29,2022-08-09,0
SEC_1035,DBRS,Short Term,D,2022-08-10,2022-08-18,0
SEC_1035,DBRS,Short Term,AA,2022-08-19,2022-11-27,0
SEC_1035,DBRS,Short Term,BB,2022-11-28,2022-12-15,0
SEC_1035,DBRS,Short Term,BBB,2022-12-16,2023-09-23,0
SEC_1035,DBRS,Short Term,C,2023-09-24,2023-11-21,0
SEC_1035,DBRS,Short Term,A,2023-11-22,,1
SEC_1035,Fitch,Short Term,BB,2021-01-01,2021-03-02,0
SEC_1035,Fitch,Short Term,A,2021-03-03,2021-05-10,0
SEC_1035,Fitch,Short Term,B,2021-05-11,2021-07-29,0
SEC_1035,Fitch,Short Term,D,2021-07-30,2022-05-19,0
SEC_1035,Fitch,Short Term,CC,2022-05-20,2022-06-28,0
SEC_1035,Fitch,Short Term,BBB,2022-06-29,2023-08-24,0
SEC_1035,Fitch,Short Term,AA,2023-08-25,2024-02-29,0
SEC_1035,Fitch,Short Term,CCC,2024-03-01,2024-03-05,0
SEC_1035,Fitch,Short Term,CC,2024-03-06,2024-04-24,0
SEC_1035,Fitch,Short Term,BBB,2024-04-25,2024-08-15,0
SEC_1035,Fitch,Short Term,A,2024-08-16,,1
SEC_1035,ICRA,Short Term,BBB,2021-01-01,2021-03-24,0
SEC_1035,ICRA,Short Term,C,2021-03-25,2021-12-26,0
SEC_1035,ICRA,Short Term,BBB,2021-12-27,2022-06-30,0
SEC_1035,ICRA,Short Term,B,2022-07-01,2024-01-13,0
SEC_1035,ICRA,Short Term,CC,2024-01-14,2024-04-08,0
SEC_1035,ICRA,Short Term,C,2024-04-09,2025-04-25,0
SEC_1035,ICRA,Short Term,A,2025-04-26,2025-08-14,0
SEC_1035,ICRA,Short Term,BB,2025-08-15,,1
SEC_1035,Moody's,Long Term,AAA,2021-01-01,2021-04-08,0
SEC_1035,Moody's,Long Term,BB,2021-04-09,2021-06-29,0
SEC_1035,Moody's,Long Term,C,2021-06-30,2022-04-14,0
SEC_1035,Moody's,Long Term,D,2022-04-15,2022-07-24,0
SEC_1035,Moody's,Long Term,BB,2022-07-25,2022-09-07,0
SEC_1035,Moody's,Long Term,CCC,2022-09-08,2023-09-29,0
SEC_1035,Moody's,Long Term,C,2023-09-30,,1
SEC_1035,Morningstar,Short Term,BB,2021-01-01,2021-03-07,0
SEC_1035,Morningstar,Short Term,B,2021-03-08,2021-08-30,0
SEC_1035,Morningstar,Short Term,C,2021-08-31,2021-10-03,0
SEC_1035,Morningstar,Short Term,BB,2021-10-04,2024-12-15,0
SEC_1035,Morningstar,Short Term,A,2024-12-16,,1
SEC_1035,S&P,Short Term,BB,2021-01-01,2021-04-07,0
SEC_1035,S&P,Short Term,A,2021-04-08,2021-11-28,0
SEC_1035,S&P,Short Term,AA,2021-11-29,2021-12-02,0
SEC_1035,S&P,Short Term,AAA,2021-12-03,2022-03-26,0
SEC_1035,S&P,Short Term,BBB,2022-03-27,2022-05-25,0
SEC_1035,S&P,Short Term,BB,2022-05-26,2022-10-30,0
SEC_1035,S&P,Short Term,AA,2022-10-31,,1
SEC_1036,DBRS,Bond Rating,BB,2021-01-01,2021-08-23,0
SEC_1036,DBRS,Bond Rating,A,2021-08-24,2021-12-02,0
SEC_1036,DBRS,Bond Rating,AA,2021-12-03,2022-07-06,0
SEC_1036,DBRS,Bond Rating,B,2022-07-07,2023-04-05,0
SEC_1036,DBRS,Bond Rating,D,2023-04-06,2023-06-24,0
SEC_1036,DBRS,Bond Rating,BBB,2023-06-25,2023-09-23,0
SEC_1036,DBRS,Bond Rating,B,2023-09-24,2024-05-04,0
SEC_1036,DBRS,Bond Rating,CCC,2024-05-05,2025-03-10,0
SEC_1036,DBRS,Bond Rating,AAA,2025-03-11,2025-06-20,0
SEC_1036,DBRS,Bond Rating,BBB,2025-06-21,,1
SEC_1036,Fitch,Issuer Rating,A,2021-01-01,2021-04-18,0
SEC_1036,Fitch,Issuer Rating,CC,2021-04-19,2021-07-19,0
SEC_1036,Fitch,Issuer Rating,BB,2021-07-20,2022-06-12,0
SEC_1036,Fitch,Issuer Rating,AAA,2022-06-13,,1
SEC_1036,ICRA,Issuer Rating,AA,2021-01-01,2021-08-24,0
SEC_1036,ICRA,Issuer Rating,BB,2021-08-25,2021-12-12,0
SEC_1036,ICRA,Issuer Rating,BBB,2021-12-13,2022-03-23,0
SEC_1036,ICRA,Issuer Rating,AAA,2022-03-24,2022-05-03,0
SEC_1036,ICRA,Issuer Rating,CCC,2022-05-04,,1
SEC_1036,Kroll,Issuer Rating,BBB,2021-01-01,2021-08-16,0
SEC_1036,Kroll,Issuer Rating,B,2021-08-17,2021-08-24,0
SEC_1036,Kroll,Issuer Rating,BBB,2021-08-25,2021-12-18,0
SEC_1036,Kroll,Issuer Rating,AA,2021-12-19,2022-05-19,0
SEC_1036,Kroll,Issuer Rating,B,2022-05-20,2023-05-25,0
SEC_1036,Kroll,Issuer Rating,D,2023-05-26,,1
SEC_1036,S&P,Long Term,BB,2021-01-01,2021-07-07,0
SEC_1036,S&P,Long Term,AAA,2021-07-08,2021-08-16,0
SEC_1036,S&P,Long Term,AA,2021-08-17,2021-10-03,0
SEC_1036,S&P,Long Term,BBB,2021-10-04,2022-05-04,0
SEC_1036,S&P,Long Term,BB,2022-05-05,2023-06-25,0
SEC_1036,S&P,Long Term,BBB,2023-06-26,2023-10-05,0
SEC_1036,S&P,Long Term,AA,2023-10-06,2024-04-04,0
SEC_1036,S&P,Long Term,BB,2024-04-05,,1
SEC_1037,CARE,Short Term,CC,2021-01-01,2021-04-01,0
SEC_1037,CARE,Short Term,A,2021-04-02,2022-06-20,0
SEC_1037,CARE,Short Term,AA,2022-06-21,2023-10-01,0
SEC_1037,CARE,Short Term,AAA,2023-10-02,2023-10-07,0
SEC_1037,CARE,Short Term,B,2023-10-08,2025-11-23,0
SEC_1037,CARE,Short Term,AA,2025-11-24,,1
SEC_1037,DBRS,Long Term,A,2021-01-01,2021-06-20,0
SEC_1037,DBRS,Long Term,BBB,2021-06-21,2021-08-24,0
SEC_1037,DBRS,Long Term,AA,2021-08-25,2022-04-05,0
SEC_1037,DBRS,Long Term,A,2022-04-06,2022-04-11,0
SEC_1037,DBRS,Long Term,AAA,2022-04-12,2023-01-20,0
SEC_1037,DBRS,Long Term,AA,2023-01-21,2023-01-26,0
SEC_1037,DBRS,Long Term,A,2023-01-27,2024-04-06,0
SEC_1037,DBRS,Long Term,B,2024-04-07,,1
SEC_1037,Fitch,Bond Rating,CC,2021-01-01,2021-07-07,0
SEC_1037,Fitch,Bond Rating,AA,2021-07-08,2022-04-17,0
SEC_1037,Fitch,Bond Rating,CCC,2022-04-18,2022-05-10,0
SEC_1037,Fitch,Bond Rating,BBB,2022-05-11,2024-01-21,0
SEC_1037,Fitch,Bond Rating,A,2024-01-22,2024-04-04,0
SEC_1037,Fitch,Bond Rating,AA,2024-04-05,,1
SEC_1037,ICRA,Short Term,BB,2021-01-01,2021-03-15,0
SEC_1037,ICRA,Short Term,BBB,2021-03-16,2021-03-24,0
SEC_1037,ICRA,Short Term,CCC,2021-03-25,2021-09-21,0
SEC_1037,ICRA,Short Term,BBB,2021-09-22,2022-09-07,0
SEC_1037,ICRA,Short Term,BB,2022-09-08,2023-05-30,0
SEC_1037,ICRA,Short Term,AA,2023-05-31,2023-09-29,0
SEC_1037,ICRA,Short Term,BB,2023-09-30,2023-11-30,0
SEC_1037,ICRA,Short Term,AA,2023-12-01,2025-07-10,0
SEC_1037,ICRA,Short Term,CCC,2025-07-11,,1
SEC_1037,Morningstar,Issuer Rating,BB,2021-01-01,2021-02-27,0
SEC_1037,Morningstar,Issuer Rating,A,2021-02-28,2021-08-30,0
SEC_1037,Morningstar,Issuer Rating,BBB,2021-08-31,2022-04-10,0
SEC_1037,Morningstar,Issuer Rating,AA,2022-04-11,2023-01-17,0
SEC_1037,Morningstar,Issuer Rating,A,2023-01-18,2023-09-03,0
SEC_1037,Morningstar,Issuer Rating,AA,2023-09-04,2025-07-02,0
SEC_1037,Morningstar,Issuer Rating,BBB,2025-07-03,,1
SEC_1037,S&P,Issuer Rating,B,2021-01-01,2021-02-18,0
SEC_1037,S&P,Issuer Rating,BBB,2021-02-19,2021-04-06,0
SEC_1037,S&P,Issuer Rating,B,2021-04-07,2021-10-03,0
SEC_1037,S&P,Issuer Rating,AA,2021-10-04,2022-03-21,0
SEC_1037,S&P,Issuer Rating,BB,2022-03-22,2022-05-15,0
SEC_1037,S&P,Issuer Rating,AA,2022-05-16,,1
SEC_1038,DBRS,Bond Rating,BB,2021-01-01,2021-07-30,0
SEC_1038,DBRS,Bond Rating,A,2021-07-31,2021-12-26,0
SEC_1038,DBRS,Bond Rating,BBB,2021-12-27,2022-02-14,0
SEC_1038,DBRS,Bond Rating,BB,2022-02-15,2023-02-07,0
SEC_1038,DBRS,Bond Rating,B,2023-02-08,2024-11-10,0
SEC_1038,DBRS,Bond Rating,BB,2024-11-11,,1
SEC_1038,Moody's,Long Term,D,2021-01-01,2021-07-19,0
SEC_1038,Moody's,Long Term,AA,2021-07-20,2021-07-25,0
SEC_1038,Moody's,Long Term,BB,2021-07-26,2022-06-30,0
SEC_1038,Moody's,Long Term,CCC,2022-07-01,2022-10-02,0
SEC_1038,Moody's,Long Term,BB,2022-10-03,2022-11-26,0
SEC_1038,Moody's,Long Term,AA,2022-11-27,2023-08-18,0
SEC_1038,Moody's,Long Term,BB,2023-08-19,2024-06-25,0
SEC_1038,Moody's,Long Term,A,2024-06-26,,1
SEC_1038,S&P,Issuer Rating,D,2021-01-01,2021-04-25,0
SEC_1038,S&P,Issuer Rating,A,2021-04-26,2021-06-09,0
SEC_1038,S&P,Issuer Rating,CCC,2021-06-10,2021-10-13,0
SEC_1038,S&P,Issuer Rating,CC,2021-10-14,2022-09-28,0
SEC_1038,S&P,Issuer Rating,B,2022-09-29,2024-02-14,0
SEC_1038,S&P,Issuer Rating,BB,2024-02-15,2024-09-17,0
SEC_1038,S&P,Issuer Rating,BBB,2024-09-18,,1
SEC_1039,Fitch,Long Term,A,2021-01-01,2021-06-09,0
SEC_1039,Fitch,Long Term,BB,2021-06-10,2021-10-17,0
SEC_1039,Fitch,Long Term,BBB,2021-10-18,2022-06-02,0
SEC_1039,Fitch,Long Term,AA,2022-06-03,2022-12-17,0
SEC_1039,Fitch,Long Term,BBB,2022-12-18,2024-11-28,0
SEC_1039,Fitch,Long Term,CCC,2024-11-29,,1
SEC_1039,ICRA,Long Term,C,2021-01-01,2021-04-14,0
SEC_1039,ICRA,Long Term,BB,2021-04-15,2021-09-21,0
SEC_1039,ICRA,Long Term,BBB,2021-09-22,2022-04-10,0
SEC_1039,ICRA,Long Term,A,2022-04-11,2023-04-24,0
SEC_1039,ICRA,Long Term,BBB,2023-04-25,,1
SEC_1039,Kroll,Short Term,BBB,2021-01-01,2021-08-31,0
SEC_1039,Kroll,Short Term,C,2021-09-01,2022-04-21,0
SEC_1039,Kroll,Short Term,B,2022-04-22,2022-05-28,0
SEC_1039,Kroll,Short Term,C,2022-05-29,2022-07-18,0
SEC_1039,Kroll,Short Term,AAA,2022-07-19,,1
SEC_1040,CARE,Bond Rating,B,2021-01-01,2021-05-21,0
SEC_1040,CARE,Bond Rating,CC,2021-05-22,2021-07-07,0
SEC_1040,CARE,Bond Rating,BBB,2021-07-08,2021-10-09,0
SEC_1040,CARE,Bond Rating,D,2021-10-10,2022-02-09,0
SEC_1040,CARE,Bond Rating,AA,2022-02-10,2022-07-03,0
SEC_1040,CARE,Bond Rating,BBB,2022-07-04,2022-08-13,0
SEC_1040,CARE,Bond Rating,CCC,2022-08-14,2022-11-21,0
SEC_1040,CARE,Bond Rating,C,2022-11-22,2023-08-03,0
SEC_1040,CARE,Bond Rating,B,2023-08-04,2024-03-21,0
SEC_1040,CARE,Bond Rating,BB,2024-03-22,,1
SEC_1040,DBRS,Short Term,BBB,2021-01-01,2021-05-16,0
SEC_1040,DBRS,Short Term,CC,2021-05-17,2021-09-17,0
SEC_1040,DBRS,Short Term,A,2021-09-18,2022-04-07,0
SEC_1040,DBRS,Short Term,BB,2022-04-08,2022-07-29,0
SEC_1040,DBRS,Short Term,AA,2022-07-30,2024-01-30,0
SEC_1040,DBRS,Short Term,A,2024-01-31,2024-09-26,0
SEC_1040,DBRS,Short Term,AA,2024-09-27,2025-02-20,0
SEC_1040,DBRS,Short Term,C,2025-02-21,,1
SEC_1040,ICRA,Issuer Rating,A,2021-01-01,2021-06-03,0
SEC_1040,ICRA,Issuer Rating,C,2021-06-04,2021-10-05,0
SEC_1040,ICRA,Issuer Rating,AA,2021-10-06,2022-04-21,0
SEC_1040,ICRA,Issuer Rating,BBB,2022-04-22,2022-06-14,0
SEC_1040,ICRA,Issuer Rating,B,2022-06-15,2022-11-06,0
SEC_1040,ICRA,Issuer Rating,BBB,2022-11-07,2023-01-14,0
SEC_1040,ICRA,Issuer Rating,AA,2023-01-15,2023-10-29,0
SEC_1040,ICRA,Issuer Rating,A,2023-10-30,,1
SEC_1040,Kroll,Long Term,A,2021-01-01,2021-05-06,0
SEC_1040,Kroll,Long Term,BB,2021-05-07,2021-08-07,0
SEC_1040,Kroll,Long Term,BBB,2021-08-08,2022-07-20,0
SEC_1040,Kroll,Long Term,A,2022-07-21,2022-09-16,0
SEC_1040,Kroll,Long Term,BBB,2022-09-17,,1
SEC_1040,Moody's,Bond Rating,AA,2021-01-01,2021-08-31,0
SEC_1040,Moody's,Bond Rating,B,2021-09-01,2021-10-07,0
SEC_1040,Moody's,Bond Rating,C,2021-10-08,2022-03-28,0
SEC_1040,Moody's,Bond Rating,AA,2022-03-29,2022-05-05,0
SEC_1040,Moody's,Bond Rating,BBB,2022-05-06,,1
SEC_1040,Morningstar,Bond Rating,AA,2021-01-01,2021-06-09,0
SEC_1040,Morningstar,Bond Rating,BB,2021-06-10,2022-07-04,0
SEC_1040,Morningstar,Bond Rating,AA,2022-07-05,2022-12-12,0
SEC_1040,Morningstar,Bond Rating,A,2022-12-13,2023-07-05,0
SEC_1040,Morningstar,Bond Rating,BBB,2023-07-06,2023-12-06,0
SEC_1040,Morningstar,Bond Rating,A,2023-12-07,2024-11-10,0
SEC_1040,Morningstar,Bond Rating,AA,2024-11-11,,1
SEC_1040,S&P,Long Term,A,2021-01-01,2021-08-28,0
SEC_1040,S&P,Long Term,AA,2021-08-29,2021-09-20,0
SEC_1040,S&P,Long Term,CC,2021-09-21,2022-04-10,0
SEC_1040,S&P,Long Term,BBB,2022-04-11,2022-12-09,0
SEC_1040,S&P,Long Term,B,2022-12-10,2023-11-06,0
SEC_1040,S&P,Long Term,BB,2023-11-07,,1
SEC_1041,CARE,Issuer Rating,BBB,2021-01-01,2021-09-05,0
SEC_1041,CARE,Issuer Rating,BB,2021-09-06,2022-02-10,0
SEC_1041,CARE,Issuer Rating,BBB,2022-02-11,2023-05-14,0
SEC_1041,CARE,Issuer Rating,BB,2023-05-15,2023-05-29,0
SEC_1041,CARE,Issuer Rating,B,2023-05-30,,1
SEC_1041,Fitch,Long Term,CCC,2021-01-01,2021-01-31,0
SEC_1041,Fitch,Long Term,C,2021-02-01,2022-08-11,0
SEC_1041,Fitch,Long Term,CC,2022-08-12,2023-01-08,0
SEC_1041,Fitch,Long Term,CCC,2023-01-09,2023-01-20,0
SEC_1041,Fitch,Long Term,B,2023-01-21,2025-01-29,0
SEC_1041,Fitch,Long Term,BB,2025-01-30,,1
SEC_1041,Morningstar,Issuer Rating,BB,2021-01-01,2021-05-16,0
SEC_1041,Morningstar,Issuer Rating,BBB,2021-05-17,2021-05-22,0
SEC_1041,Morningstar,Issuer Rating,D,2021-05-23,2022-05-19,0
SEC_1041,Morningstar,Issuer Rating,A,2022-05-20,2023-03-11,0
SEC_1041,Morningstar,Issuer Rating,CC,2023-03-12,2023-07-06,0
SEC_1041,Morningstar,Issuer Rating,A,2023-07-07,2024-06-03,0
SEC_1041,Morningstar,Issuer Rating,BBB,2024-06-04,2025-11-03,0
SEC_1041,Morningstar,Issuer Rating,D,2025-11-04,,1
SEC_1041,S&P,Issuer Rating,BB,2021-01-01,2021-03-23,0
SEC_1041,S&P,Issuer Rating,AAA,2021-03-24,2021-03-31,0
SEC_1041,S&P,Issuer Rating,BB,2021-04-01,2021-11-28,0
SEC_1041,S&P,Issuer Rating,B,2021-11-29,2022-09-27,0
SEC_1041,S&P,Issuer Rating,CCC,2022-09-28,2023-10-21,0
SEC_1041,S&P,Issuer Rating,BB,2023-10-22,2024-03-28,0
SEC_1041,S&P,Issuer Rating,AAA,2024-03-29,2025-10-30,0
SEC_1041,S&P,Issuer Rating,B,2025-10-31,,1
SEC_1042,ICRA,Long Term,CC,2021-01-01,2021-07-12,0
SEC_1042,ICRA,Long Term,BB,2021-07-13,2022-02-06,0
SEC_1042,ICRA,Long Term,AA,2022-02-07,2024-01-09,0
SEC_1042,ICRA,Long Term,B,2024-01-10,2025-01-30,0
SEC_1042,ICRA,Long Term,AAA,2025-01-31,2025-05-21,0
SEC_1042,ICRA,Long Term,BBB,2025-05-22,,1
SEC_1042,Morningstar,Bond Rating,BB,2021-01-01,2021-08-25,0
SEC_1042,Morningstar,Bond Rating,C,2021-08-26,2021-09-27,0
SEC_1042,Morningstar,Bond Rating,AA,2021-09-28,2021-11-28,0
SEC_1042,Morningstar,Bond Rating,B,2021-11-29,2022-10-01,0
SEC_1042,Morningstar,Bond Rating,BB,2022-10-02,,1
SEC_1042,S&P,Long Term,BBB,2021-01-01,2021-03-11,0
SEC_1042,S&P,Long Term,D,2021-03-12,2021-07-04,0
SEC_1042,S&P,Long Term,CC,2021-07-05,2021-08-16,0
SEC_1042,S&P,Long Term,AA,2021-08-17,2021-12-01,0
SEC_1042,S&P,Long Term,A,2021-12-02,,1
SEC_1043,DBRS,Short Term,D,2021-01-01,2021-06-30,0
SEC_1043,DBRS,Short Term,A,2021-07-01,2022-03-02,0
SEC_1043,DBRS,Short Term,B,2022-03-03,2022-03-24,0
SEC_1043,DBRS,Short Term,CCC,2022-03-25,2022-11-01,0
SEC_1043,DBRS,Short Term,BB,2022-11-02,2023-07-17,0
SEC_1043,DBRS,Short Term,CCC,2023-07-18,2024-03-28,0
SEC_1043,DBRS,Short Term,AA,2024-03-29,,1
SEC_1043,Fitch,Short Term,AA,2021-01-01,2021-12-22,0
SEC_1043,Fitch,Short Term,CC,2021-12-23,2022-03-11,0
SEC_1043,Fitch,Short Term,AAA,2022-03-12,2024-02-02,0
SEC_1043,Fitch,Short Term,B,2024-02-03,,1
SEC_1043,ICRA,Bond Rating,A,2021-01-01,2021-04-09,0
SEC_1043,ICRA,Bond Rating,CC,2021-04-10,2021-10-09,0
SEC_1043,ICRA,Bond Rating,BB,2021-10-10,2021-12-26,0
SEC_1043,ICRA,Bond Rating,C,2021-12-27,2022-12-13,0
SEC_1043,ICRA,Bond Rating,AA,2022-12-14,2024-04-29,0
SEC_1043,ICRA,Bond Rating,BBB,2024-04-30,2024-08-28,0
SEC_1043,ICRA,Bond Rating,CC,2024-08-29,,1
SEC_1043,Moody's,Long Term,A,2021-01-01,2021-03-26,0
SEC_1043,Moody's,Long Term,BB,2021-03-27,2021-05-04,0
SEC_1043,Moody's,Long Term,AAA,2021-05-05,2021-09-21,0
SEC_1043,Moody's,Long Term,CCC,2021-09-22,2021-12-20,0
SEC_1043,Moody's,Long Term,BB,2021-12-21,2022-03-28,0
SEC_1043,Moody's,Long Term,BBB,2022-03-29,2023-08-10,0
SEC_1043,Moody's,Long Term,BB,2023-08-11,2023-12-21,0
SEC_1043,Moody's,Long Term,D,2023-12-22,,1
SEC_1043,Morningstar,Long Term,BBB,2021-01-01,2021-05-12,0
SEC_1043,Morningstar,Long Term,B,2021-05-13,2021-07-26,0
SEC_1043,Morningstar,Long Term,A,2021-07-27,2022-01-17,0
SEC_1043,Morningstar,Long Term,BB,2022-01-18,2022-07-14,0
SEC_1043,Morningstar,Long Term,AAA,2022-07-15,2023-10-21,0
SEC_1043,Morningstar,Long Term,BB,2023-10-22,2024-06-19,0
SEC_1043,Morningstar,Long Term,BBB,2024-06-20,2025-07-24,0
SEC_1043,Morningstar,Long Term,A,2025-07-25,,1
SEC_1044,DBRS,Bond Rating,AA,2021-01-01,2021-03-25,0
SEC_1044,DBRS,Bond Rating,A,2021-03-26,2021-07-11,0
SEC_1044,DBRS,Bond Rating,BB,2021-07-12,2021-08-07,0
SEC_1044,DBRS,Bond Rating,B,2021-08-08,2024-09-01,0
SEC_1044,DBRS,Bond Rating,BB,2024-09-02,,1
SEC_1044,Fitch,Short Term,B,2021-01-01,2021-11-02,0
SEC_1044,Fitch,Short Term,A,2021-11-03,2022-03-16,0
SEC_1044,Fitch,Short Term,B,2022-03-17,2022-03-21,0
SEC_1044,Fitch,Short Term,A,2022-03-22,2023-06-13,0
SEC_1044,Fitch,Short Term,CC,2023-06-14,2024-01-01,0
SEC_1044,Fitch,Short Term,AA,2024-01-02,2024-09-17,0
SEC_1044,Fitch,Short Term,CC,2024-09-18,2025-09-18,0
SEC_1044,Fitch,Short Term,AA,2025-09-19,,1
SEC_1044,Kroll,Long Term,AA,2021-01-01,2021-05-26,0
SEC_1044,Kroll,Long Term,BBB,2021-05-27,2021-05-31,0
SEC_1044,Kroll,Long Term,CCC,2021-06-01,2021-11-12,0
SEC_1044,Kroll,Long Term,AAA,2021-11-13,2022-06-06,0
SEC_1044,Kroll,Long Term,A,2022-06-07,,1
SEC_1045,CARE,Issuer Rating,A,2021-01-01,2021-05-21,0
SEC_1045,CARE,Issuer Rating,AA,2021-05-22,2021-09-12,0
SEC_1045,CARE,Issuer Rating,AAA,2021-09-13,2021-09-27,0
SEC_1045,CARE,Issuer Rating,BB,2021-09-28,2022-01-10,0
SEC_1045,CARE,Issuer Rating,AA,2022-01-11,2023-08-30,0
SEC_1045,CARE,Issuer Rating,A,2023-08-31,2023-12-10,0
SEC_1045,CARE,Issuer Rating,CCC,2023-12-11,,1
SEC_1045,Fitch,Short Term,CCC,2021-01-01,2022-03-14,0
SEC_1045,Fitch,Short Term,AA,2022-03-15,2023-09-27,0
SEC_1045,Fitch,Short Term,BBB,2023-09-28,,1
SEC_1045,Kroll,Long Term,BBB,2021-01-01,2021-04-15,0
SEC_1045,Kroll,Long Term,B,2021-04-16,2022-03-02,0
SEC_1045,Kroll,Long Term,BBB,2022-03-03,2022-05-23,0
SEC_1045,Kroll,Long Term,C,2022-05-24,2022-08-11,0
SEC_1045,Kroll,Long Term,B,2022-08-12,2023-07-13,0
SEC_1045,Kroll,Long Term,D,2023-07-14,,1
SEC_1045,Moody's,Long Term,BBB,2021-01-01,2021-06-03,0
SEC_1045,Moody's,Long Term,CCC,2021-06-04,2021-12-22,0
SEC_1045,Moody's,Long Term,AA,2021-12-23,2022-06-02,0
SEC_1045,Moody's,Long Term,C,2022-06-03,2022-11-09,0
SEC_1045,Moody's,Long Term,A,2022-11-10,2023-09-27,0
SEC_1045,Moody's,Long Term,BB,2023-09-28,2023-11-23,0
SEC_1045,Moody's,Long Term,B,2023-11-24,2023-12-16,0
SEC_1045,Moody's,Long Term,A,2023-12-17,2024-01-01,0
SEC_1045,Moody's,Long Term,AA,2024-01-02,2024-01-03,0
SEC_1045,Moody's,Long Term,A,2024-01-04,2024-09-11,0
SEC_1045,Moody's,Long Term,C,2024-09-12,2024-10-06,0
SEC_1045,Moody's,Long Term,BBB,2024-10-07,,1
SEC_1045,S&P,Long Term,CCC,2021-01-01,2021-02-23,0
SEC_1045,S&P,Long Term,BBB,2021-02-24,2021-08-04,0
SEC_1045,S&P,Long Term,B,2021-08-05,2021-11-16,0
SEC_1045,S&P,Long Term,BB,2021-11-17,2022-01-04,0
SEC_1045,S&P,Long Term,BBB,2022-01-05,2022-12-26,0
SEC_1045,S&P,Long Term,CCC,2022-12-27,2023-06-15,0
SEC_1045,S&P,Long Term,BB,2023-06-16,2025-03-10,0
SEC_1045,S&P,Long Term,BBB,2025-03-11,,1
SEC_1046,Fitch,Bond Rating,BBB,2021-01-01,2021-04-10,0
SEC_1046,Fitch,Bond Rating,BB,2021-04-11,2021-12-02,0
SEC_1046,Fitch,Bond Rating,A,2021-12-03,2022-11-03,0
SEC_1046,Fitch,Bond Rating,B,2022-11-04,2022-11-06,0
SEC_1046,Fitch,Bond Rating,A,2022-11-07,2023-10-25,0
SEC_1046,Fitch,Bond Rating,B,2023-10-26,2024-09-12,0
SEC_1046,Fitch,Bond Rating,AA,2024-09-13,,1
SEC_1046,ICRA,Short Term,BB,2021-01-01,2021-06-02,0
SEC_1046,ICRA,Short Term,B,2021-06-03,2021-12-01,0
SEC_1046,ICRA,Short Term,A,2021-12-02,2022-05-15,0
SEC_1046,ICRA,Short Term,AA,2022-05-16,2023-11-06,0
SEC_1046,ICRA,Short Term,D,2023-11-07,,1
SEC_1046,Kroll,Short Term,AA,2021-01-01,2021-04-18,0
SEC_1046,Kroll,Short Term,BBB,2021-04-19,2021-06-13,0
SEC_1046,Kroll,Short Term,BB,2021-06-14,2021-09-16,0
SEC_1046,Kroll,Short Term,A,2021-09-17,2021-10-03,0
SEC_1046,Kroll,Short Term,BBB,2021-10-04,2021-10-03,0
SEC_1046,Kroll,Short Term,CC,2021-10-04,2022-08-07,0
SEC_1046,Kroll,Short Term,B,2022-08-08,2023-08-10,0
SEC_1046,Kroll,Short Term,CCC,2023-08-11,2023-11-16,0
SEC_1046,Kroll,Short Term,A,2023-11-17,2024-08-15,0
SEC_1046,Kroll,Short Term,B,2024-08-16,2024-11-15,0
SEC_1046,Kroll,Short Term,BB,2024-11-16,,1
SEC_1046,Morningstar,Short Term,C,2021-01-01,2021-08-04,0
SEC_1046,Morningstar,Short Term,CCC,2021-08-05,2022-02-24,0
SEC_1046,Morningstar,Short Term,BB,2022-02-25,2023-03-15,0
SEC_1046,Morningstar,Short Term,CCC,2023-03-16,,1
SEC_1047,CARE,Issuer Rating,A,2021-01-01,2021-05-05,0
SEC_1047,CARE,Issuer Rating,BBB,2021-05-06,2021-08-01,0
SEC_1047,CARE,Issuer Rating,B,2021-08-02,2022-05-23,0
SEC_1047,CARE,Issuer Rating,BB,2022-05-24,2024-01-05,0
SEC_1047,CARE,Issuer Rating,CCC,2024-01-06,2024-08-22,0
SEC_1047,CARE,Issuer Rating,C,2024-08-23,,1
SEC_1047,DBRS,Long Term,AA,2021-01-01,2021-02-10,0
SEC_1047,DBRS,Long Term,BBB,2021-02-11,2021-07-23,0
SEC_1047,DBRS,Long Term,BB,2021-07-24,2021-12-06,0
SEC_1047,DBRS,Long Term,AA,2021-12-07,2022-01-04,0
SEC_1047,DBRS,Long Term,A,2022-01-05,2022-11-21,0
SEC_1047,DBRS,Long Term,BBB,2022-11-22,2023-07-07,0
SEC_1047,DBRS,Long Term,AA,2023-07-08,2023-10-17,0
SEC_1047,DBRS,Long Term,CCC,2023-10-18,2024-08-08,0
SEC_1047,DBRS,Long Term,B,2024-08-09,,1
SEC_1047,Fitch,Long Term,BBB,2021-01-01,2021-06-08,0
SEC_1047,Fitch,Long Term,AA,2021-06-09,2021-06-14,0
SEC_1047,Fitch,Long Term,A,2021-06-15,2021-12-12,0
SEC_1047,Fitch,Long Term,CCC,2021-12-13,2022-04-13,0
SEC_1047,Fitch,Long Term,AAA,2022-04-14,2022-08-31,0
SEC_1047,Fitch,Long Term,BBB,2022-09-01,2023-01-14,0
SEC_1047,Fitch,Long Term,CC,2023-01-15,2023-04-02,0
SEC_1047,Fitch,Long Term,BB,2023-04-03,,1
SEC_1047,ICRA,Issuer Rating,BB,2021-01-01,2021-07-13,0
SEC_1047,ICRA,Issuer Rating,AA,2021-07-14,2021-07-31,0
SEC_1047,ICRA,Issuer Rating,BBB,2021-08-01,2022-04-30,0
SEC_1047,ICRA,Issuer Rating,D,2022-05-01,2022-05-11,0
SEC_1047,ICRA,Issuer Rating,A,2022-05-12,2022-05-13,0
SEC_1047,ICRA,Issuer Rating,BBB,2022-05-14,2024-02-02,0
SEC_1047,ICRA,Issuer Rating,AA,2024-02-03,2025-03-06,0
SEC_1047,ICRA,Issuer Rating,D,2025-03-07,,1
SEC_1047,Moody's,Short Term,B,2021-01-01,2021-09-17,0
SEC_1047,Moody's,Short Term,BB,2021-09-18,2022-06-21,0
SEC_1047,Moody's,Short Term,A,2022-06-22,2023-07-25,0
SEC_1047,Moody's,Short Term,CCC,2023-07-26,2025-03-24,0
SEC_1047,Moody's,Short Term,C,2025-03-25,2025-09-18,0
SEC_1047,Moody's,Short Term,AAA,2025-09-19,,1
SEC_1047,S&P,Long Term,AA,2021-01-01,2021-05-17,0
SEC_1047,S&P,Long Term,D,2021-05-18,2022-02-04,0
SEC_1047,S&P,Long Term,BB,2022-02-05,2023-06-15,0
SEC_1047,S&P,Long Term,BBB,2023-06-16,2023-11-21,0
SEC_1047,S&P,Long Term,AA,2023-11-22,,1
SEC_1048,CARE,Long Term,B,2021-01-01,2021-03-29,0
SEC_1048,CARE,Long Term,BB,2021-03-30,2021-08-16,0
SEC_1048,CARE,Long Term,B,2021-08-17,2021-10-19,0
SEC_1048,CARE,Long Term,AA,2021-10-20,2022-05-19,0
SEC_1048,CARE,Long Term,AAA,2022-05-20,2022-08-17,0
SEC_1048,CARE,Long Term,B,2022-08-18,2024-12-20,0
SEC_1048,CARE,Long Term,BB,2024-12-21,,1
SEC_1048,DBRS,Long Term,BBB,2021-01-01,2021-02-18,0
SEC_1048,DBRS,Long Term,D,2021-02-19,2021-07-19,0
SEC_1048,DBRS,Long Term,A,2021-07-20,2023-02-01,0
SEC_1048,DBRS,Long Term,BB,2023-02-02,2023-06-10,0
SEC_1048,DBRS,Long Term,B,2023-06-11,2024-03-29,0
SEC_1048,DBRS,Long Term,BBB,2024-03-30,2025-12-18,0
SEC_1048,DBRS,Long Term,CC,2025-12-19,,1
SEC_1048,ICRA,Issuer Rating,BBB,2021-01-01,2021-03-22,0
SEC_1048,ICRA,Issuer Rating,B,2021-03-23,2022-02-04,0
SEC_1048,ICRA,Issuer Rating,A,2022-02-05,2022-03-26,0
SEC_1048,ICRA,Issuer Rating,CCC,2022-03-27,2022-07-03,0
SEC_1048,ICRA,Issuer Rating,A,2022-07-04,2022-08-07,0
SEC_1048,ICRA,Issuer Rating,BB,2022-08-08,,1
SEC_1048,Kroll,Short Term,BB,2021-01-01,2021-06-15,0
SEC_1048,Kroll,Short Term,CCC,2021-06-16,2022-01-19,0
SEC_1048,Kroll,Short Term,B,2022-01-20,2023-03-01,0
SEC_1048,Kroll,Short Term,CC,2023-03-02,2023-06-07,0
SEC_1048,Kroll,Short Term,B,2023-06-08,2024-08-30,0
SEC_1048,Kroll,Short Term,A,2024-08-31,2025-02-28,0
SEC_1048,Kroll,Short Term,AA,2025-03-01,,1
SEC_1048,Moody's,Long Term,BB,2021-01-01,2021-04-12,0
SEC_1048,Moody's,Long Term,A,2021-04-13,2022-01-28,0
SEC_1048,Moody's,Long Term,BB,2022-01-29,2022-03-08,0
SEC_1048,Moody's,Long Term,D,2022-03-09,2023-03-11,0
SEC_1048,Moody's,Long Term,BB,2023-03-12,2023-12-21,0
SEC_1048,Moody's,Long Term,B,2023-12-22,2025-05-22,0
SEC_1048,Moody's,Long Term,BBB,2025-05-23,,1
SEC_1048,Morningstar,Issuer Rating,AA,2021-01-01,2021-03-13,0
SEC_1048,Morningstar,Issuer Rating,B,2021-03-14,2021-04-14,0
SEC_1048,Morningstar,Issuer Rating,CC,2021-04-15,2021-10-12,0
SEC_1048,Morningstar,Issuer Rating,BB,2021-10-13,2021-11-26,0
SEC_1048,Morningstar,Issuer Rating,D,2021-11-27,2022-03-29,0
SEC_1048,Morningstar,Issuer Rating,BB,2022-03-30,2022-05-27,0
SEC_1048,Morningstar,Issuer Rating,CC,2022-05-28,2023-09-03,0
SEC_1048,Morningstar,Issuer Rating,BB,2023-09-04,2024-09-12,0
SEC_1048,Morningstar,Issuer Rating,B,2024-09-13,,1
SEC_1048,S&P,Long Term,B,2021-01-01,2021-08-07,0
SEC_1048,S&P,Long Term,BBB,2021-08-08,2022-05-11,0
SEC_1048,S&P,Long Term,AA,2022-05-12,2024-05-24,0
SEC_1048,S&P,Long Term,BBB,2024-05-25,2025-07-14,0
SEC_1048,S&P,Long Term,AAA,2025-07-15,,1
SEC_1049,CARE,Long Term,A,2021-01-01,2021-08-03,0
SEC_1049,CARE,Long Term,AAA,2021-08-04,2021-09-05,0
SEC_1049,CARE,Long Term,BB,2021-09-06,2021-10-18,0
SEC_1049,CARE,Long Term,C,2021-10-19,2022-09-27,0
SEC_1049,CARE,Long Term,AA,2022-09-28,2023-06-19,0
SEC_1049,CARE,Long Term,CC,2023-06-20,,1
SEC_1049,DBRS,Short Term,BB,2021-01-01,2021-03-01,0
SEC_1049,DBRS,Short Term,A,2021-03-02,2021-09-04,0
SEC_1049,DBRS,Short Term,AA,2021-09-05,2022-09-13,0
SEC_1049,DBRS,Short Term,BBB,2022-09-14,2023-05-22,0
SEC_1049,DBRS,Short Term,AA,2023-05-23,,1
SEC_1049,Fitch,Bond Rating,A,2021-01-01,2021-08-20,0
SEC_1049,Fitch,Bond Rating,BB,2021-08-21,2021-10-09,0
SEC_1049,Fitch,Bond Rating,AAA,2021-10-10,2021-10-24,0
SEC_1049,Fitch,Bond Rating,BB,2021-10-25,2022-02-17,0
SEC_1049,Fitch,Bond Rating,BBB,2022-02-18,2022-10-12,0
SEC_1049,Fitch,Bond Rating,C,2022-10-13,2023-01-14,0
SEC_1049,Fitch,Bond Rating,A,2023-01-15,2023-07-05,0
SEC_1049,Fitch,Bond Rating,D,2023-07-06,,1
SEC_1049,Kroll,Long Term,A,2021-01-01,2021-03-13,0
SEC_1049,Kroll,Long Term,CC,2021-03-14,2021-04-26,0
SEC_1049,Kroll,Long Term,BBB,2021-04-27,2021-07-29,0
SEC_1049,Kroll,Long Term,BB,2021-07-30,2022-12-18,0
SEC_1049,Kroll,Long Term,CC,2022-12-19,2023-03-03,0
SEC_1049,Kroll,Long Term,BBB,2023-03-04,2023-04-15,0
SEC_1049,Kroll,Long Term,A,2023-04-16,2025-04-03,0
SEC_1049,Kroll,Long Term,AAA,2025-04-04,2025-10-02,0
SEC_1049,Kroll,Long Term,AA,2025-10-03,,1
SEC_1049,Moody's,Issuer Rating,BB,2021-01-01,2021-05-27,0
SEC_1049,Moody's,Issuer Rating,A,2021-05-28,2022-07-04,0
SEC_1049,Moody's,Issuer Rating,BB,2022-07-05,2023-04-08,0
SEC_1049,Moody's,Issuer Rating,AAA,2023-04-09,2023-11-22,0
SEC_1049,Moody's,Issuer Rating,B,2023-11-23,2024-04-20,0
SEC_1049,Moody's,Issuer Rating,C,2024-04-21,2024-12-05,0
SEC_1049,Moody's,Issuer Rating,A,2024-12-06,,1
SEC_1049,S&P,Short Term,BB,2021-01-01,2021-03-02,0
SEC_1049,S&P,Short Term,B,2021-03-03,2021-07-03,0
SEC_1049,S&P,Short Term,A,2021-07-04,2021-08-16,0
SEC_1049,S&P,Short Term,AA,2021-08-17,2021-12-06,0
SEC_1049,S&P,Short Term,BBB,2021-12-07,2021-12-16,0
SEC_1049,S&P,Short Term,CCC,2021-12-17,2022-10-27,0
SEC_1049,S&P,Short Term,BB,2022-10-28,,1
SEC_1050,DBRS,Short Term,BB,2021-01-01,2021-05-20,0
SEC_1050,DBRS,Short Term,A,2021-05-21,2021-05-28,0
SEC_1050,DBRS,Short Term,B,2021-05-29,2021-07-31,0
SEC_1050,DBRS,Short Term,D,2021-08-01,2021-10-15,0
SEC_1050,DBRS,Short Term,BBB,2021-10-16,2023-11-06,0
SEC_1050,DBRS,Short Term,AA,2023-11-07,,1
SEC_1050,Fitch,Issuer Rating,CC,2021-01-01,2021-06-11,0
SEC_1050,Fitch,Issuer Rating,C,2021-06-12,2021-08-05,0
SEC_1050,Fitch,Issuer Rating,B,2021-08-06,2022-02-04,0
SEC_1050,Fitch,Issuer Rating,A,2022-02-05,2023-05-26,0
SEC_1050,Fitch,Issuer Rating,BB,2023-05-27,,1
SEC_1050,ICRA,Long Term,B,2021-01-01,2021-02-13,0
SEC_1050,ICRA,Long Term,A,2021-02-14,2021-04-30,0
SEC_1050,ICRA,Long Term,BBB,2021-05-01,2021-09-19,0
SEC_1050,ICRA,Long Term,AA,2021-09-20,2022-03-02,0
SEC_1050,ICRA,Long Term,A,2022-03-03,2024-03-30,0
SEC_1050,ICRA,Long Term,B,2024-03-31,2024-10-05,0
SEC_1050,ICRA,Long Term,CC,2024-10-06,,1
SEC_1050,Moody's,Short Term,D,2021-01-01,2021-03-26,0
SEC_1050,Moody's,Short Term,B,2021-03-27,2021-11-28,0
SEC_1050,Moody's,Short Term,BBB,2021-11-29,2022-01-23,0
SEC_1050,Moody's,Short Term,B,2022-01-24,2023-01-17,0
SEC_1050,Moody's,Short Term,AAA,2023-01-18,2024-10-21,0
SEC_1050,Moody's,Short Term,AA,2024-10-22,,1
SEC_1050,Morningstar,Long Term,D,2021-01-01,2021-05-28,0
SEC_1050,Morningstar,Long Term,CC,2021-05-29,2021-12-21,0
SEC_1050,Morningstar,Long Term,BBB,2021-12-22,2022-06-21,0
SEC_1050,Morningstar,Long Term,A,2022-06-22,2022-08-11,0
SEC_1050,Morningstar,Long Term,BB,2022-08-12,2023-09-03,0
SEC_1050,Morningstar,Long Term,A,2023-09-04,2023-11-30,0
SEC_1050,Morningstar,Long Term,B,2023-12-01,2025-08-07,0
SEC_1050,Morningstar,Long Term,A,2025-08-08,,1
SEC_1050,S&P,Short Term,CCC,2021-01-01,2021-05-03,0
SEC_1050,S&P,Short Term,BB,2021-05-04,2021-06-11,0
SEC_1050,S&P,Short Term,C,2021-06-12,2022-01-15,0
SEC_1050,S&P,Short Term,BBB,2022-01-16,2022-08-19,0
SEC_1050,S&P,Short Term,A,2022-08-20,2023-05-08,0
SEC_1050,S&P,Short Term,B,2023-05-09,2023-10-17,0
SEC_1050,S&P,Short Term,BB,2023-10-18,,1
SEC_1051,DBRS,Bond Rating,BB,2021-01-01,2021-09-02,0
SEC_1051,DBRS,Bond Rating,BBB,2021-09-03,2021-10-12,0
SEC_1051,DBRS,Bond Rating,CC,2021-10-13,2022-01-31,0
SEC_1051,DBRS,Bond Rating,AA,2022-02-01,2022-02-24,0
SEC_1051,DBRS,Bond Rating,AAA,2022-02-25,2022-03-20,0
SEC_1051,DBRS,Bond Rating,D,2022-03-21,2023-06-08,0
SEC_1051,DBRS,Bond Rating,AA,2023-06-09,2024-10-26,0
SEC_1051,DBRS,Bond Rating,CCC,2024-10-27,,1
SEC_1051,Moody's,Long Term,A,2021-01-01,2021-04-27,0
SEC_1051,Moody's,Long Term,D,2021-04-28,2021-11-12,0
SEC_1051,Moody's,Long Term,CCC,2021-11-13,2022-01-29,0
SEC_1051,Moody's,Long Term,D,2022-01-30,2022-08-20,0
SEC_1051,Moody's,Long Term,A,2022-08-21,2023-03-26,0
SEC_1051,Moody's,Long Term,BBB,2023-03-27,,1
SEC_1051,S&P,Short Term,B,2021-01-01,2021-08-16,0
SEC_1051,S&P,Short Term,BBB,2021-08-17,2021-10-09,0
SEC_1051,S&P,Short Term,A,2021-10-10,2022-04-10,0
SEC_1051,S&P,Short Term,BB,2022-04-11,2022-12-21,0
SEC_1051,S&P,Short Term,D,2022-12-22,2024-01-27,0
SEC_1051,S&P,Short Term,BB,2024-01-28,,1
SEC_1052,CARE,Issuer Rating,A,2021-01-01,2021-04-24,0
SEC_1052,CARE,Issuer Rating,BBB,2021-04-25,2021-06-11,0
SEC_1052,CARE,Issuer Rating,C,2021-06-12,2021-10-02,0
SEC_1052,CARE,Issuer Rating,CC,2021-10-03,2022-09-16,0
SEC_1052,CARE,Issuer Rating,B,2022-09-17,2022-10-14,0
SEC_1052,CARE,Issuer Rating,BB,2022-10-15,2024-10-10,0
SEC_1052,CARE,Issuer Rating,AA,2024-10-11,2024-10-21,0
SEC_1052,CARE,Issuer Rating,A,2024-10-22,,1
SEC_1052,DBRS,Short Term,BBB,2021-01-01,2021-02-13,0
SEC_1052,DBRS,Short Term,AA,2021-02-14,2021-04-24,0
SEC_1052,DBRS,Short Term,BB,2021-04-25,2022-03-16,0
SEC_1052,DBRS,Short Term,BBB,2022-03-17,2022-10-26,0
SEC_1052,DBRS,Short Term,AA,2022-10-27,2022-11-17,0
SEC_1052,DBRS,Short Term,A,2022-11-18,2023-05-14,0
SEC_1052,DBRS,Short Term,C,2023-05-15,2023-10-29,0
SEC_1052,DBRS,Short Term,AA,2023-10-30,2024-04-04,0
SEC_1052,DBRS,Short Term,CCC,2024-04-05,2024-05-04,0
SEC_1052,DBRS,Short Term,BB,2024-05-05,2024-06-13,0
SEC_1052,DBRS,Short Term,AA,2024-06-14,,1
SEC_1052,Fitch,Short Term,CC,2021-01-01,2021-09-23,0
SEC_1052,Fitch,Short Term,AA,2021-09-24,2022-03-14,0
SEC_1052,Fitch,Short Term,AAA,2022-03-15,2022-06-30,0
SEC_1052,Fitch,Short Term,BB,2022-07-01,2024-06-28,0
SEC_1052,Fitch,Short Term,D,2024-06-29,2024-12-10,0
SEC_1052,Fitch,Short Term,CCC,2024-12-11,,1
SEC_1052,Kroll,Bond Rating,BBB,2021-01-01,2021-05-06,0
SEC_1052,Kroll,Bond Rating,BB,2021-05-07,2021-08-22,0
SEC_1052,Kroll,Bond Rating,C,2021-08-23,2021-09-22,0
SEC_1052,Kroll,Bond Rating,BBB,2021-09-23,2021-11-04,0
SEC_1052,Kroll,Bond Rating,BB,2021-11-05,2021-12-06,0
SEC_1052,Kroll,Bond Rating,BBB,2021-12-07,2022-05-04,0
SEC_1052,Kroll,Bond Rating,A,2022-05-05,,1
SEC_1052,Moody's,Bond Rating,AA,2021-01-01,2021-08-10,0
SEC_1052,Moody's,Bond Rating,BB,2021-08-11,2022-03-24,0
SEC_1052,Moody's,Bond Rating,B,2022-03-25,2022-06-15,0
SEC_1052,Moody's,Bond Rating,D,2022-06-16,2022-10-25,0
SEC_1052,Moody's,Bond Rating,A,2022-10-26,2023-05-15,0
SEC_1052,Moody's,Bond Rating,BBB,2023-05-16,2023-08-30,0
SEC_1052,Moody's,Bond Rating,D,2023-08-31,2023-10-29,0
SEC_1052,Moody's,Bond Rating,A,2023-10-30,2025-09-26,0
SEC_1052,Moody's,Bond Rating,B,2025-09-27,,1
SEC_1052,Morningstar,Issuer Rating,A,2021-01-01,2021-12-26,0
SEC_1052,Morningstar,Issuer Rating,B,2021-12-27,2022-09-16,0
SEC_1052,Morningstar,Issuer Rating,A,2022-09-17,2023-08-12,0
SEC_1052,Morningstar,Issuer Rating,BB,2023-08-13,2023-10-05,0
SEC_1052,Morningstar,Issuer Rating,C,2023-10-06,2023-11-23,0
SEC_1052,Morningstar,Issuer Rating,A,2023-11-24,2024-08-17,0
SEC_1052,Morningstar,Issuer Rating,CC,2024-08-18,,1
SEC_1052,S&P,Bond Rating,BBB,2021-01-01,2021-02-06,0
SEC_1052,S&P,Bond Rating,AA,2021-02-07,2022-03-16,0
SEC_1052,S&P,Bond Rating,B,2022-03-17,2022-08-07,0
SEC_1052,S&P,Bond Rating,BB,2022-08-08,2022-10-02,0
SEC_1052,S&P,Bond Rating,A,2022-10-03,2023-05-05,0
SEC_1052,S&P,Bond Rating,BBB,2023-05-06,2024-03-03,0
SEC_1052,S&P,Bond Rating,BB,2024-03-04,,1
SEC_1053,CARE,Long Term,AA,2021-01-01,2021-08-07,0
SEC_1053,CARE,Long Term,B,2021-08-08,2021-12-10,0
SEC_1053,CARE,Long Term,BBB,2021-12-11,2022-03-12,0
SEC_1053,CARE,Long Term,CC,2022-03-13,2023-02-01,0
SEC_1053,CARE,Long Term,C,2023-02-02,2023-06-13,0
SEC_1053,CARE,Long Term,AAA,2023-06-14,2024-08-17,0
SEC_1053,CARE,Long Term,B,2024-08-18,2025-03-27,0
SEC_1053,CARE,Long Term,A,2025-03-28,,1
SEC_1053,Fitch,Issuer Rating,C,2021-01-01,2021-03-20,0
SEC_1053,Fitch,Issuer Rating,B,2021-03-21,2021-08-04,0
SEC_1053,Fitch,Issuer Rating,A,2021-08-05,2021-11-12,0
SEC_1053,Fitch,Issuer Rating,AA,2021-11-13,,1
SEC_1053,ICRA,Long Term,BBB,2021-01-01,2021-03-04,0
SEC_1053,ICRA,Long Term,AA,2021-03-05,2021-03-11,0
SEC_1053,ICRA,Long Term,C,2021-03-12,2021-11-26,0
SEC_1053,ICRA,Long Term,D,2021-11-27,2022-05-15,0
SEC_1053,ICRA,Long Term,A,2022-05-16,2022-09-12,0
SEC_1053,ICRA,Long Term,CC,2022-09-13,2022-12-29,0
SEC_1053,ICRA,Long Term,A,2022-12-30,2023-10-12,0
SEC_1053,ICRA,Long Term,BB,2023-10-13,2023-12-07,0
SEC_1053,ICRA,Long Term,CCC,2023-12-08,2025-10-10,0
SEC_1053,ICRA,Long Term,B,2025-10-11,,1
SEC_1053,Kroll,Long Term,BB,2021-01-01,2021-07-26,0
SEC_1053,Kroll,Long Term,AA,2021-07-27,2022-01-23,0
SEC_1053,Kroll,Long Term,BBB,2022-01-24,2022-10-10,0
SEC_1053,Kroll,Long Term,CC,2022-10-11,2023-10-12,0
SEC_1053,Kroll,Long Term,B,2023-10-13,2023-10-21,0
SEC_1053,Kroll,Long Term,CCC,2023-10-22,2024-05-08,0
SEC_1053,Kroll,Long Term,AA,2024-05-09,,1
SEC_1053,Moody's,Bond Rating,CCC,2021-01-01,2021-09-10,0
SEC_1053,Moody's,Bond Rating,A,2021-09-11,2021-10-03,0
SEC_1053,Moody's,Bond Rating,AAA,2021-10-04,2022-07-12,0
SEC_1053,Moody's,Bond Rating,BBB,2022-07-13,2023-03-09,0
SEC_1053,Moody's,Bond Rating,A,2023-03-10,2023-06-19,0
SEC_1053,Moody's,Bond Rating,AA,2023-06-20,2024-10-06,0
SEC_1053,Moody's,Bond Rating,BB,2024-10-07,,1
SEC_1054,DBRS,Long Term,AA,2021-01-01,2021-04-10,0
SEC_1054,DBRS,Long Term,C,2021-04-11,2021-08-16,0
SEC_1054,DBRS,Long Term,B,2021-08-17,2021-09-27,0
SEC_1054,DBRS,Long Term,A,2021-09-28,2021-10-24,0
SEC_1054,DBRS,Long Term,AAA,2021-10-25,2022-01-23,0
SEC_1054,DBRS,Long Term,B,2022-01-24,2022-02-09,0
SEC_1054,DBRS,Long Term,C,2022-02-10,2022-06-14,0
SEC_1054,DBRS,Long Term,B,2022-06-15,2023-04-26,0
SEC_1054,DBRS,Long Term,CC,2023-04-27,2023-12-28,0
SEC_1054,DBRS,Long Term,BB,2023-12-29,2024-05-16,0
SEC_1054,DBRS,Long Term,AA,2024-05-17,2025-01-30,0
SEC_1054,DBRS,Long Term,D,2025-01-31,2025-12-21,0
SEC_1054,DBRS,Long Term,A,2025-12-22,,1
SEC_1054,Fitch,Long Term,AA,2021-01-01,2021-07-05,0
SEC_1054,Fitch,Long Term,A,2021-07-06,2022-01-13,0
SEC_1054,Fitch,Long Term,C,2022-01-14,2022-05-19,0
SEC_1054,Fitch,Long Term,AAA,2022-05-20,2022-07-14,0
SEC_1054,Fitch,Long Term,B,2022-07-15,2024-05-09,0
SEC_1054,Fitch,Long Term,AA,2024-05-10,2024-10-31,0
SEC_1054,Fitch,Long Term,AAA,2024-11-01,2025-09-30,0
SEC_1054,Fitch,Long Term,C,2025-10-01,,1
SEC_1054,ICRA,Bond Rating,AA,2021-01-01,2021-03-01,0
SEC_1054,ICRA,Bond Rating,CCC,2021-03-02,2021-12-06,0
SEC_1054,ICRA,Bond Rating,D,2021-12-07,2022-03-06,0
SEC_1054,ICRA,Bond Rating,BB,2022-03-07,2022-07-06,0
SEC_1054,ICRA,Bond Rating,CC,2022-07-07,2022-12-09,0
SEC_1054,ICRA,Bond Rating,B,2022-12-10,2023-05-08,0
SEC_1054,ICRA,Bond Rating,AAA,2023-05-09,,1
SEC_1054,Kroll,Short Term,AA,2021-01-01,2021-06-17,0
SEC_1054,Kroll,Short Term,C,2021-06-18,2021-08-05,0
SEC_1054,Kroll,Short Term,A,2021-08-06,2021-08-20,0
SEC_1054,Kroll,Short Term,C,2021-08-21,2021-09-12,0
SEC_1054,Kroll,Short Term,CC,2021-09-13,2023-05-02,0
SEC_1054,Kroll,Short Term,A,2023-05-03,2023-08-30,0
SEC_1054,Kroll,Short Term,C,2023-08-31,2023-11-21,0
SEC_1054,Kroll,Short Term,BB,2023-11-22,2024-10-31,0
SEC_1054,Kroll,Short Term,A,2024-11-01,2025-10-10,0
SEC_1054,Kroll,Short Term,BBB,2025-10-11,,1
SEC_1054,Moody's,Short Term,B,2021-01-01,2021-02-14,0
SEC_1054,Moody's,Short Term,A,2021-02-15,2021-04-03,0
SEC_1054,Moody's,Short Term,BBB,2021-04-04,2021-09-07,0
SEC_1054,Moody's,Short Term,D,2021-09-08,2022-09-08,0
SEC_1054,Moody's,Short Term,CC,2022-09-09,2023-04-25,0
SEC_1054,Moody's,Short Term,A,2023-04-26,,1
SEC_1054,Morningstar,Short Term,A,2021-01-01,2021-07-27,0
SEC_1054,Morningstar,Short Term,AAA,2021-07-28,2021-08-08,0
SEC_1054,Morningstar,Short Term,CCC,2021-08-09,2021-09-27,0
SEC_1054,Morningstar,Short Term,BBB,2021-09-28,2022-04-15,0
SEC_1054,Morningstar,Short Term,AA,2022-04-16,2022-05-11,0
SEC_1054,Morningstar,Short Term,CCC,2022-05-12,2022-09-10,0
SEC_1054,Morningstar,Short Term,BB,2022-09-11,2025-02-20,0
SEC_1054,Morningstar,Short Term,A,2025-02-21,,1
SEC_1054,S&P,Issuer Rating,CC,2021-01-01,2021-06-08,0
SEC_1054,S&P,Issuer Rating,AA,2021-06-09,2021-08-16,0
SEC_1054,S&P,Issuer Rating,A,2021-08-17,2022-01-27,0
SEC_1054,S&P,Issuer Rating,CCC,2022-01-28,2022-11-01,0
SEC_1054,S&P,Issuer Rating,A,2022-11-02,2025-02-06,0
SEC_1054,S&P,Issuer Rating,AA,2025-02-07,,1
SEC_1055,Fitch,Bond Rating,AAA,2021-01-01,2021-02-21,0
SEC_1055,Fitch,Bond Rating,BB,2021-02-22,2021-05-26,0
SEC_1055,Fitch,Bond Rating,AAA,2021-05-27,2021-07-14,0
SEC_1055,Fitch,Bond Rating,BB,2021-07-15,2021-12-02,0
SEC_1055,Fitch,Bond Rating,A,2021-12-03,2023-03-06,0
SEC_1055,Fitch,Bond Rating,AAA,2023-03-07,2023-08-30,0
SEC_1055,Fitch,Bond Rating,AA,2023-08-31,2023-11-02,0
SEC_1055,Fitch,Bond Rating,CCC,2023-11-03,2025-01-03,0
SEC_1055,Fitch,Bond Rating,AA,2025-01-04,,1
SEC_1055,Kroll,Long Term,BBB,2021-01-01,2021-03-05,0
SEC_1055,Kroll,Long Term,C,2021-03-06,2021-07-17,0
SEC_1055,Kroll,Long Term,A,2021-07-18,2022-03-26,0
SEC_1055,Kroll,Long Term,B,2022-03-27,2022-06-20,0
SEC_1055,Kroll,Long Term,AAA,2022-06-21,,1
SEC_1055,Morningstar,Short Term,BBB,2021-01-01,2021-04-10,0
SEC_1055,Morningstar,Short Term,AA,2021-04-11,2022-04-10,0
SEC_1055,Morningstar,Short Term,CC,2022-04-11,2022-05-19,0
SEC_1055,Morningstar,Short Term,BBB,2022-05-20,2022-07-14,0
SEC_1055,Morningstar,Short Term,B,2022-07-15,2023-03-30,0
SEC_1055,Morningstar,Short Term,CC,2023-03-31,2024-04-08,0
SEC_1055,Morningstar,Short Term,D,2024-04-09,2025-06-19,0
SEC_1055,Morningstar,Short Term,CCC,2025-06-20,,1
SEC_1056,CARE,Bond Rating,AAA,2021-01-01,2021-03-19,0
SEC_1056,CARE,Bond Rating,BBB,2021-03-20,2021-10-21,0
SEC_1056,CARE,Bond Rating,CCC,2021-10-22,2022-06-03,0
SEC_1056,CARE,Bond Rating,BBB,2022-06-04,2023-01-14,0
SEC_1056,CARE,Bond Rating,A,2023-01-15,2023-03-26,0
SEC_1056,CARE,Bond Rating,CCC,2023-03-27,,1
SEC_1056,DBRS,Bond Rating,B,2021-01-01,2021-04-20,0
SEC_1056,DBRS,Bond Rating,BB,2021-04-21,2021-06-04,0
SEC_1056,DBRS,Bond Rating,B,2021-06-05,2021-08-16,0
SEC_1056,DBRS,Bond Rating,AAA,2021-08-17,2022-01-23,0
SEC_1056,DBRS,Bond Rating,BB,2022-01-24,2022-12-24,0
SEC_1056,DBRS,Bond Rating,AA,2022-12-25,2023-04-02,0
SEC_1056,DBRS,Bond Rating,CC,2023-04-03,2024-03-28,0
SEC_1056,DBRS,Bond Rating,BB,2024-03-29,,1
SEC_1056,Fitch,Issuer Rating,D,2021-01-01,2021-02-24,0
SEC_1056,Fitch,Issuer Rating,B,2021-02-25,2021-08-30,0
SEC_1056,Fitch,Issuer Rating,CC,2021-08-31,2022-04-13,0
SEC_1056,Fitch,Issuer Rating,AA,2022-04-14,2024-03-21,0
SEC_1056,Fitch,Issuer Rating,A,2024-03-22,2025-05-22,0
SEC_1056,Fitch,Issuer Rating,AA,2025-05-23,,1
SEC_1056,ICRA,Long Term,AAA,2021-01-01,2021-04-18,0
SEC_1056,ICRA,Long Term,A,2021-04-19,2021-08-20,0
SEC_1056,ICRA,Long Term,BBB,2021-08-21,2021-12-16,0
SEC_1056,ICRA,Long Term,BB,2021-12-17,2022-08-07,0
SEC_1056,ICRA,Long Term,A,2022-08-08,2022-09-07,0
SEC_1056,ICRA,Long Term,BB,2022-09-08,2023-06-13,0
SEC_1056,ICRA,Long Term,AAA,2023-06-14,2024-05-02,0
SEC_1056,ICRA,Long Term,A,2024-05-03,2024-05-14,0
SEC_1056,ICRA,Long Term,BBB,2024-05-15,2024-08-06,0
SEC_1056,ICRA,Long Term,C,2024-08-07,,1
SEC_1056,Moody's,Issuer Rating,BBB,2021-01-01,2021-03-12,0
SEC_1056,Moody's,Issuer Rating,CCC,2021-03-13,2021-07-03,0
SEC_1056,Moody's,Issuer Rating,BBB,2021-07-04,2021-08-03,0
SEC_1056,Moody's,Issuer Rating,CC,2021-08-04,2021-08-10,0
SEC_1056,Moody's,Issuer Rating,C,2021-08-11,2022-04-27,0
SEC_1056,Moody's,Issuer Rating,A,2022-04-28,2022-06-16,0
SEC_1056,Moody's,Issuer Rating,BB,2022-06-17,2024-01-01,0
SEC_1056,Moody's,Issuer Rating,BBB,2024-01-02,2024-01-21,0
SEC_1056,Moody's,Issuer Rating,AA,2024-01-22,,1
SEC_1057,CARE,Long Term,A,2021-01-01,2021-02-02,0
SEC_1057,CARE,Long Term,BBB,2021-02-03,2021-09-27,0
SEC_1057,CARE,Long Term,AA,2021-09-28,2022-09-28,0
SEC_1057,CARE,Long Term,BB,2022-09-29,2022-11-09,0
SEC_1057,CARE,Long Term,D,2022-11-10,,1
SEC_1057,Fitch,Long Term,D,2021-01-01,2021-04-06,0
SEC_1057,Fitch,Long Term,A,2021-04-07,2021-04-10,0
SEC_1057,Fitch,Long Term,CCC,2021-04-11,2021-07-19,0
SEC_1057,Fitch,Long Term,B,2021-07-20,2021-12-05,0
SEC_1057,Fitch,Long Term,BB,2021-12-06,2022-10-18,0
SEC_1057,Fitch,Long Term,A,2022-10-19,2024-08-18,0
SEC_1057,Fitch,Long Term,AA,2024-08-19,,1
SEC_1057,Kroll,Issuer Rating,BB,2021-01-01,2021-05-09,0
SEC_1057,Kroll,Issuer Rating,BBB,2021-05-10,2021-05-15,0
SEC_1057,Kroll,Issuer Rating,AA,2021-05-16,2021-09-30,0
SEC_1057,Kroll,Issuer Rating,CC,2021-10-01,2021-10-23,0
SEC_1057,Kroll,Issuer Rating,B,2021-10-24,2022-01-13,0
SEC_1057,Kroll,Issuer Rating,BBB,2022-01-14,2022-11-07,0
SEC_1057,Kroll,Issuer Rating,A,2022-11-08,2023-01-10,0
SEC_1057,Kroll,Issuer Rating,B,2023-01-11,2024-10-23,0
SEC_1057,Kroll,Issuer Rating,AA,2024-10-24,,1
SEC_1057,Moody's,Issuer Rating,BB,2021-01-01,2021-10-10,0
SEC_1057,Moody's,Issuer Rating,CCC,2021-10-11,2021-11-14,0
SEC_1057,Moody's,Issuer Rating,B,2021-11-15,2022-01-11,0
SEC_1057,Moody's,Issuer Rating,BB,2022-01-12,2022-05-31,0
SEC_1057,Moody's,Issuer Rating,B,2022-06-01,2022-09-28,0
SEC_1057,Moody's,Issuer Rating,BB,2022-09-29,2025-03-27,0
SEC_1057,Moody's,Issuer Rating,AA,2025-03-28,2025-05-21,0
SEC_1057,Moody's,Issuer Rating,A,2025-05-22,,1
SEC_1058,DBRS,Bond Rating,BB,2021-01-01,2021-07-05,0
SEC_1058,DBRS,Bond Rating,A,2021-07-06,2021-08-23,0
SEC_1058,DBRS,Bond Rating,B,2021-08-24,2021-09-12,0
SEC_1058,DBRS,Bond Rating,BBB,2021-09-13,2023-02-22,0
SEC_1058,DBRS,Bond Rating,AAA,2023-02-23,2023-03-02,0
SEC_1058,DBRS,Bond Rating,AA,2023-03-03,,1
SEC_1058,Kroll,Issuer Rating,BBB,2021-01-01,2021-04-27,0
SEC_1058,Kroll,Issuer Rating,CCC,2021-04-28,2021-05-28,0
SEC_1058,Kroll,Issuer Rating,AA,2021-05-29,2021-10-06,0
SEC_1058,Kroll,Issuer Rating,BB,2021-10-07,2021-11-02,0
SEC_1058,Kroll,Issuer Rating,AA,2021-11-03,2024-05-30,0
SEC_1058,Kroll,Issuer Rating,BB,2024-05-31,2024-11-10,0
SEC_1058,Kroll,Issuer Rating,B,2024-11-11,2024-11-22,0
SEC_1058,Kroll,Issuer Rating,A,2024-11-23,2025-06-02,0
SEC_1058,Kroll,Issuer Rating,C,2025-06-03,,1
SEC_1058,Moody's,Issuer Rating,BBB,2021-01-01,2021-06-23,0
SEC_1058,Moody's,Issuer Rating,D,2021-06-24,2021-08-28,0
SEC_1058,Moody's,Issuer Rating,BBB,2021-08-29,2021-11-25,0
SEC_1058,Moody's,Issuer Rating,BB,2021-11-26,2022-05-31,0
SEC_1058,Moody's,Issuer Rating,A,2022-06-01,2022-08-19,0
SEC_1058,Moody's,Issuer Rating,BBB,2022-08-20,2023-04-04,0
SEC_1058,Moody's,Issuer Rating,B,2023-04-05,2024-10-16,0
SEC_1058,Moody's,Issuer Rating,A,2024-10-17,,1
SEC_1059,Fitch,Short Term,AA,2021-01-01,2021-05-06,0
SEC_1059,Fitch,Short Term,BBB,2021-05-07,2021-08-03,0
SEC_1059,Fitch,Short Term,AA,2021-08-04,2022-01-15,0
SEC_1059,Fitch,Short Term,B,2022-01-16,2022-04-17,0
SEC_1059,Fitch,Short Term,AA,2022-04-18,,1
SEC_1059,Kroll,Bond Rating,A,2021-01-01,2021-05-16,0
SEC_1059,Kroll,Bond Rating,BB,2021-05-17,2021-05-21,0
SEC_1059,Kroll,Bond Rating,CCC,2021-05-22,2021-12-04,0
SEC_1059,Kroll,Bond Rating,AA,2021-12-05,2024-07-13,0
SEC_1059,Kroll,Bond Rating,BB,2024-07-14,2024-12-10,0
SEC_1059,Kroll,Bond Rating,BBB,2024-12-11,,1
SEC_1059,Moody's,Issuer Rating,B,2021-01-01,2021-07-26,0
SEC_1059,Moody's,Issuer Rating,AA,2021-07-27,2021-10-07,0
SEC_1059,Moody's,Issuer Rating,BB,2021-10-08,2022-03-16,0
SEC_1059,Moody's,Issuer Rating,A,2022-03-17,2024-02-10,0
SEC_1059,Moody's,Issuer Rating,B,2024-02-11,2024-09-06,0
SEC_1059,Moody's,Issuer Rating,AA,2024-09-07,2024-09-23,0
SEC_1059,Moody's,Issuer Rating,AAA,2024-09-24,,1
SEC_1059,S&P,Bond Rating,A,2021-01-01,2021-05-15,0
SEC_1059,S&P,Bond Rating,BBB,2021-05-16,2021-08-22,0
SEC_1059,S&P,Bond Rating,BB,2021-08-23,2021-10-14,0
SEC_1059,S&P,Bond Rating,A,2021-10-15,2021-11-01,0
SEC_1059,S&P,Bond Rating,B,2021-11-02,2024-02-06,0
SEC_1059,S&P,Bond Rating,BBB,2024-02-07,,1
